recall,precision,method
1.0,0.2777777777777778,FedTROS-PR
1.0,0.277788066224675,FedTROS-PR
1.0,0.27785495971103086,FedTROS-PR
0.9998,0.2778971945298892,FedTROS-PR
0.9998,0.2780002224446669,FedTROS-PR
0.9998,0.27808785625544696,FedTROS-PR
0.9998,0.2781755453331355,FedTROS-PR
0.9996666666666667,0.2784586815227484,FedTROS-PR
0.9996666666666667,0.278500055718584,FedTROS-PR
0.9996666666666667,0.2785673150160694,FedTROS-PR
0.9996,0.2786419133634387,FedTROS-PR
0.9996,0.27864709161865825,FedTROS-PR
0.9995333333333334,0.2787269245784611,FedTROS-PR
0.9994666666666666,0.27884311354970703,FedTROS-PR
0.9994666666666666,0.27888979834809136,FedTROS-PR
0.9994666666666666,0.2789364987813273,FedTROS-PR
0.9994666666666666,0.2789468787794213,FedTROS-PR
0.9994666666666666,0.2790039825808613,FedTROS-PR
0.9994666666666666,0.27911306387652896,FedTROS-PR
0.9994666666666666,0.279159839118129,FedTROS-PR
0.9994666666666666,0.2791806331471136,FedTROS-PR
0.9994666666666666,0.2791858321384011,FedTROS-PR
0.9994,0.2792348098200648,FedTROS-PR
0.9994,0.2792868321037335,FedTROS-PR
0.9994,0.27934407900866487,FedTROS-PR
0.9994,0.2793649018840499,FedTROS-PR
0.9994,0.27945343374841547,FedTROS-PR
0.9994,0.27947948321184213,FedTROS-PR
0.9994,0.2794846936873112,FedTROS-PR
0.9994,0.2795420217427788,FedTROS-PR
0.9994,0.27956808772518743,FedTROS-PR
0.9993333333333333,0.2796433102007313,FedTROS-PR
0.9993333333333333,0.2796954883009292,FedTROS-PR
0.9993333333333333,0.27977901377431036,FedTROS-PR
0.9993333333333333,0.279826018779518,FedTROS-PR
0.9993333333333333,0.27990962224338506,FedTROS-PR
0.9993333333333333,0.27996189978148406,FedTROS-PR
0.9993333333333333,0.2799880458739587,FedTROS-PR
0.9993333333333333,0.279998505678422,FedTROS-PR
0.9992,0.28001868285847736,FedTROS-PR
0.9991333333333333,0.28002615844544093,FedTROS-PR
0.9991333333333333,0.2800837242333065,FedTROS-PR
0.9991333333333333,0.28009942810152133,FedTROS-PR
0.9990666666666667,0.2801488045164788,FedTROS-PR
0.9990666666666667,0.28021690351533285,FedTROS-PR
0.999,0.28020344434263916,FedTROS-PR
0.9988666666666667,0.2802813476251941,FedTROS-PR
0.9988666666666667,0.28043348057198475,FedTROS-PR
0.9988666666666667,0.28045447738843965,FedTROS-PR
0.9988666666666667,0.28057001610426574,FedTROS-PR
0.9988666666666667,0.2806278211683617,FedTROS-PR
0.9988,0.2806406293902782,FedTROS-PR
0.9986,0.28078429902337526,FedTROS-PR
0.9984,0.28094925429134227,FedTROS-PR
0.9984,0.28098615332657884,FedTROS-PR
0.9984,0.2810072428415957,FedTROS-PR
0.9984,0.2810810810810811,FedTROS-PR
0.9984,0.28108635672591453,FedTROS-PR
0.9984,0.28119191122627163,FedTROS-PR
0.9984,0.2812288740329002,FedTROS-PR
0.9983333333333333,0.2812312199519231,FedTROS-PR
0.9983333333333333,0.2812681955635694,FedTROS-PR
0.9983333333333333,0.2813051808994252,FedTROS-PR
0.9983333333333333,0.2813633203690134,FedTROS-PR
0.9982666666666666,0.28142384603818976,FedTROS-PR
0.9982666666666666,0.28142913526415697,FedTROS-PR
0.9982,0.2814632404082937,FedTROS-PR
0.9981333333333333,0.28150794396916423,FedTROS-PR
0.9981333333333333,0.28155029430016737,FedTROS-PR
0.998,0.2817405051379531,FedTROS-PR
0.998,0.2817458076901361,FedTROS-PR
0.998,0.2817670198949726,FedTROS-PR
0.998,0.2817882352941177,FedTROS-PR
0.9978666666666667,0.28188323917137476,FedTROS-PR
0.9978666666666667,0.28189385664243477,FedTROS-PR
0.9978666666666667,0.28190447491336446,FedTROS-PR
0.9978666666666667,0.28202132871085656,FedTROS-PR
0.9978666666666667,0.28203727082587476,FedTROS-PR
0.9976,0.28201503929439703,FedTROS-PR
0.9976,0.2820416164053076,FedTROS-PR
0.9976,0.282057565076433,FedTROS-PR
0.9975333333333334,0.28204403227022545,FedTROS-PR
0.9974666666666666,0.28214750419581736,FedTROS-PR
0.9974666666666666,0.2821634669784634,FedTROS-PR
0.9974666666666666,0.2821900756304106,FedTROS-PR
0.9974666666666666,0.282259281617869,FedTROS-PR
0.9974666666666666,0.28226460656139757,FedTROS-PR
0.9972,0.28231696959402075,FedTROS-PR
0.9971333333333333,0.2823194095773797,FedTROS-PR
0.9971333333333333,0.2823247385707275,FedTROS-PR
0.9971333333333333,0.2823300677652566,FedTROS-PR
0.9971333333333333,0.28239936560682727,FedTROS-PR
0.9971333333333333,0.2824260276817916,FedTROS-PR
0.9971333333333333,0.28247936693799697,FedTROS-PR
0.9971333333333333,0.2825594136094004,FedTROS-PR
0.9971333333333333,0.28261280326505933,FedTROS-PR
0.9968666666666667,0.2827348875905232,FedTROS-PR
0.9968666666666667,0.2827402337102447,FedTROS-PR
0.9968666666666667,0.2828044029201498,FedTROS-PR
0.9968666666666667,0.28283114868826725,FedTROS-PR
0.9968666666666667,0.2828793038214151,FedTROS-PR
0.9968,0.2828817920387468,FedTROS-PR
0.9968,0.28288714407340837,FedTROS-PR
0.9966,0.2830070803831737,FedTROS-PR
0.9964666666666666,0.2830388759491753,FedTROS-PR
0.9964666666666666,0.2830656768426634,FedTROS-PR
0.9964666666666666,0.2830763986212643,FedTROS-PR
0.9964666666666666,0.283140746353476,FedTROS-PR
0.9964666666666666,0.28318366109658594,FedTROS-PR
0.9964666666666666,0.2832695296213471,FedTROS-PR
0.9964,0.28330426870877246,FedTROS-PR
0.9964,0.28338484291158683,FedTROS-PR
0.9964,0.283567647561045,FedTROS-PR
0.9962666666666666,0.28362118048965645,FedTROS-PR
0.9962666666666666,0.28362656341930953,FedTROS-PR
0.9962666666666666,0.2836804039560356,FedTROS-PR
0.9962666666666666,0.28369117451639236,FedTROS-PR
0.9962,0.28370989177900136,FedTROS-PR
0.996,0.28382537330445684,FedTROS-PR
0.9959333333333333,0.28387109033557556,FedTROS-PR
0.9959333333333333,0.28389266846566075,FedTROS-PR
0.9959333333333333,0.2839304380879977,FedTROS-PR
0.9959333333333333,0.2840114068441065,FedTROS-PR
0.9956,0.28414323223866966,FedTROS-PR
0.9955333333333334,0.2841566448470087,FedTROS-PR
0.9953333333333333,0.2841914913866946,FedTROS-PR
0.9953333333333333,0.28420231092836884,FedTROS-PR
0.9953333333333333,0.2842455973346026,FedTROS-PR
0.9952666666666666,0.28427526848960316,FedTROS-PR
0.9952666666666666,0.2849154547883507,FedTROS-PR
0.9951333333333333,0.28554758488761356,FedTROS-PR
0.9951333333333333,0.28558036312154433,FedTROS-PR
0.9947333333333334,0.28577174266945016,FedTROS-PR
0.9947333333333334,0.28579363711237527,FedTROS-PR
0.9947333333333334,0.28581006014634336,FedTROS-PR
0.9947333333333334,0.2858538641327254,FedTROS-PR
0.9945333333333334,0.2859004580386746,FedTROS-PR
0.9944,0.28597174025575645,FedTROS-PR
0.9943333333333333,0.28596353317867207,FedTROS-PR
0.9943333333333333,0.28596901602883656,FedTROS-PR
0.9940666666666667,0.2859800537015727,FedTROS-PR
0.994,0.2859992710950837,FedTROS-PR
0.9938666666666667,0.2859938227789821,FedTROS-PR
0.9938666666666667,0.2860157703892715,FedTROS-PR
0.9937333333333334,0.2862245093897615,FedTROS-PR
0.9937333333333334,0.28625748962974346,FedTROS-PR
0.9937333333333334,0.2864665411077372,FedTROS-PR
0.9937333333333334,0.28680828138228276,FedTROS-PR
0.9936,0.2868415481437287,FedTROS-PR
0.9936,0.28689676413405457,FedTROS-PR
0.9936,0.2869022869022869,FedTROS-PR
0.9935333333333334,0.28691065206091293,FedTROS-PR
0.9935333333333334,0.2869548474054106,FedTROS-PR
0.9934666666666667,0.2870019066694914,FedTROS-PR
0.9933333333333333,0.2870407829085515,FedTROS-PR
0.9932666666666666,0.28711554767594233,FedTROS-PR
0.9932,0.2871350101185314,FedTROS-PR
0.9932,0.2871460786770233,FedTROS-PR
0.9932,0.2871516132762808,FedTROS-PR
0.9931333333333333,0.2872596849148653,FedTROS-PR
0.993,0.2873097621665413,FedTROS-PR
0.9928666666666667,0.28732660660197173,FedTROS-PR
0.9928666666666667,0.2874042339682356,FedTROS-PR
0.9928666666666667,0.2875263046122362,FedTROS-PR
0.9928666666666667,0.28754295864385837,FedTROS-PR
0.9928666666666667,0.2875984860188475,FedTROS-PR
0.9928,0.28760694490044225,FedTROS-PR
0.9928,0.28763472012979485,FedTROS-PR
0.9928,0.28766805748725083,FedTROS-PR
0.9926666666666667,0.2876405362593208,FedTROS-PR
0.9926666666666667,0.2876516497952245,FedTROS-PR
0.9926666666666667,0.28776839379239705,FedTROS-PR
0.9926666666666667,0.28779620395067457,FedTROS-PR
0.9924,0.2879136607160126,FedTROS-PR
0.9924,0.2879192294301961,FedTROS-PR
0.9924,0.2879303675048356,FedTROS-PR
0.9924,0.28793593686531654,FedTROS-PR
0.9924,0.2880195031344323,FedTROS-PR
0.9924,0.28808081589998646,FedTROS-PR
0.9924,0.28809196648023067,FedTROS-PR
0.9924,0.2881365774345276,FedTROS-PR
0.9923333333333333,0.28818415906758826,FedTROS-PR
0.9923333333333333,0.28819531839919454,FedTROS-PR
0.9923333333333333,0.28822322050964294,FedTROS-PR
0.9922666666666666,0.28822059991092347,FedTROS-PR
0.9920666666666667,0.28828532129642187,FedTROS-PR
0.992,0.2883273911021547,FedTROS-PR
0.992,0.2884783156588666,FedTROS-PR
0.992,0.2885006882912926,FedTROS-PR
0.9918666666666667,0.28859620196690783,FedTROS-PR
0.9918666666666667,0.28860739849857425,FedTROS-PR
0.9918666666666667,0.28865219331432007,FedTROS-PR
0.9918666666666667,0.28875303250849105,FedTROS-PR
0.9916666666666667,0.2890145333022461,FedTROS-PR
0.9914666666666667,0.2889955500281767,FedTROS-PR
0.9914666666666667,0.2890685740942311,FedTROS-PR
0.9914666666666667,0.2890741928586701,FedTROS-PR
0.9914,0.2890997103365151,FedTROS-PR
0.9914,0.28912219305920095,FedTROS-PR
0.9913333333333333,0.28916459240821407,FedTROS-PR
0.9912666666666666,0.28915639220567074,FedTROS-PR
0.9912,0.2891988095932777,FedTROS-PR
0.9912,0.28921568627450983,FedTROS-PR
0.9912,0.2892832127013775,FedTROS-PR
0.9912,0.2893789291344713,FedTROS-PR
0.9910666666666667,0.28942449964956,FedTROS-PR
0.9910666666666667,0.28947522149741994,FedTROS-PR
0.9910666666666667,0.28951468411622655,FedTROS-PR
0.991,0.2896305821837737,FedTROS-PR
0.991,0.2896700898337783,FedTROS-PR
0.991,0.2896870249834353,FedTROS-PR
0.991,0.289703962113387,FedTROS-PR
0.9909333333333333,0.2898143815317423,FedTROS-PR
0.9908666666666667,0.28983444160605293,FedTROS-PR
0.9908,0.2898262446615574,FedTROS-PR
0.9908,0.28983754899857633,FedTROS-PR
0.9907333333333334,0.28982935153583617,FedTROS-PR
0.9907333333333334,0.2898519630980476,FedTROS-PR
0.9907333333333334,0.28991416309012874,FedTROS-PR
0.9907333333333334,0.2899933653358311,FedTROS-PR
0.9906666666666667,0.2900021467184481,FedTROS-PR
0.9906,0.29003357276702063,FedTROS-PR
0.9905333333333334,0.2900423604739688,FedTROS-PR
0.9904,0.29008826056393033,FedTROS-PR
0.9904,0.29011092016872364,FedTROS-PR
0.9902,0.2901599953114927,FedTROS-PR
0.99,0.2905100064557779,FedTROS-PR
0.9899333333333333,0.2905359134399029,FedTROS-PR
0.9899333333333333,0.2905813976243126,FedTROS-PR
0.9899333333333333,0.2905984578652785,FedTROS-PR
0.9899333333333333,0.2906098324722092,FedTROS-PR
0.9899333333333333,0.2906268960522968,FedTROS-PR
0.9895333333333334,0.2906516801127908,FedTROS-PR
0.9895333333333334,0.2906630634864685,FedTROS-PR
0.9892666666666666,0.2906530340423865,FedTROS-PR
0.9890666666666666,0.2907138518213705,FedTROS-PR
0.989,0.29073413553874494,FedTROS-PR
0.989,0.29073983341499265,FedTROS-PR
0.9888666666666667,0.2908773581205632,FedTROS-PR
0.9888,0.2909775763639574,FedTROS-PR
0.9888,0.2910175411058353,FedTROS-PR
0.9888,0.2910403830304933,FedTROS-PR
0.9888,0.2910518053375196,FedTROS-PR
0.9888,0.29111464405582055,FedTROS-PR
0.9887333333333334,0.29114644680015705,FedTROS-PR
0.9887333333333334,0.2911807437075431,FedTROS-PR
0.9887333333333334,0.2912722416434267,FedTROS-PR
0.9884666666666667,0.29150856221614924,FedTROS-PR
0.9884666666666667,0.2916117612351264,FedTROS-PR
0.9883333333333333,0.2917790155287449,FedTROS-PR
0.9882666666666666,0.29182251269735027,FedTROS-PR
0.9882666666666666,0.2918512393440041,FedTROS-PR
0.9882,0.29186028195636765,FedTROS-PR
0.9882,0.29187177568621275,FedTROS-PR
0.9881333333333333,0.2918808215671216,FedTROS-PR
0.9880666666666666,0.29188412076333775,FedTROS-PR
0.9880666666666666,0.2920221464741001,FedTROS-PR
0.988,0.2920369677025243,FedTROS-PR
0.988,0.2920484776825303,FedTROS-PR
0.9879333333333333,0.292166952544311,FedTROS-PR
0.9879333333333333,0.29217847355034604,FedTROS-PR
0.9878666666666667,0.292170278210462,FedTROS-PR
0.9878666666666667,0.29218180025633445,FedTROS-PR
0.9878666666666667,0.29229707071703326,FedTROS-PR
0.9878666666666667,0.2923489721027503,FedTROS-PR
0.9877333333333334,0.2923210480625049,FedTROS-PR
0.9877333333333334,0.29243067206158097,FedTROS-PR
0.9877333333333334,0.2924999506445818,FedTROS-PR
0.9876,0.2926395638260045,FedTROS-PR
0.9876,0.2926453448173683,FedTROS-PR
0.9873333333333333,0.2927513886417996,FedTROS-PR
0.9873333333333333,0.2927571756147703,FedTROS-PR
0.9873333333333333,0.29290192433202145,FedTROS-PR
0.9872666666666666,0.29306762185589047,FedTROS-PR
0.9872666666666666,0.2930792218330068,FedTROS-PR
0.9871333333333333,0.29310344827586204,FedTROS-PR
0.9869333333333333,0.29312529700617773,FedTROS-PR
0.9868666666666667,0.293180962943891,FedTROS-PR
0.9868666666666667,0.2932274230929224,FedTROS-PR
0.9868666666666667,0.29329714093241666,FedTROS-PR
0.9868666666666667,0.29332619981769903,FedTROS-PR
0.9868666666666667,0.2933378249841471,FedTROS-PR
0.9868666666666667,0.2934075953381432,FedTROS-PR
0.9868666666666667,0.2934250431128466,FedTROS-PR
0.9868666666666667,0.29346576265810237,FedTROS-PR
0.9868,0.293527405409693,FedTROS-PR
0.9868,0.29353904731686037,FedTROS-PR
0.9868,0.2935681561254239,FedTROS-PR
0.9868,0.29361474222918693,FedTROS-PR
0.9868,0.29363804082604295,FedTROS-PR
0.9868,0.2937779100922894,FedTROS-PR
0.9868,0.2938070662961493,FedTROS-PR
0.9868,0.29388873446372554,FedTROS-PR
0.9868,0.29393542237578935,FedTROS-PR
0.9868,0.29395877189498354,FedTROS-PR
0.9868,0.2940054820641163,FedTROS-PR
0.9868,0.2940346834588109,FedTROS-PR
0.9868,0.2941690846218053,FedTROS-PR
0.9866,0.2942498111106693,FedTROS-PR
0.9866,0.29434345041568877,FedTROS-PR
0.9866,0.29443129140719815,FedTROS-PR
0.9866,0.29444300750084557,FedTROS-PR
0.9864,0.29445948097436714,FedTROS-PR
0.9864,0.29461778937098027,FedTROS-PR
0.9862666666666666,0.2946190305492492,FedTROS-PR
0.9861333333333333,0.2946789648783792,FedTROS-PR
0.9861333333333333,0.29471419178737224,FedTROS-PR
0.9860666666666666,0.2947529941611367,FedTROS-PR
0.9860666666666666,0.2947647422228422,FedTROS-PR
0.9860666666666666,0.29478824115595414,FedTROS-PR
0.9858666666666667,0.2948694941277342,FedTROS-PR
0.9858,0.29496130216229155,FedTROS-PR
0.9858,0.29507313471554286,FedTROS-PR
0.9858,0.29526167608474274,FedTROS-PR
0.9858,0.29537963684305146,FedTROS-PR
0.9857333333333334,0.29547180368490467,FedTROS-PR
0.9856,0.2954790742295239,FedTROS-PR
0.9856,0.2954908858330668,FedTROS-PR
0.9855333333333334,0.29551224387806097,FedTROS-PR
0.9854666666666667,0.29564,FedTROS-PR
0.9854666666666667,0.29565773946436785,FedTROS-PR
0.9854,0.2956554786574389,FedTROS-PR
0.9852666666666666,0.29571011244947776,FedTROS-PR
0.9852666666666666,0.2959529006548251,FedTROS-PR
0.9852,0.29603958412628456,FedTROS-PR
0.9848666666666667,0.2960758377425044,FedTROS-PR
0.9848666666666667,0.29608770593658557,FedTROS-PR
0.9848666666666667,0.2961351882291625,FedTROS-PR
0.9848,0.29623390687041273,FedTROS-PR
0.9848,0.2962636128437055,FedTROS-PR
0.9847333333333333,0.29631487091014863,FedTROS-PR
0.9847333333333333,0.29632675988524887,FedTROS-PR
0.9847333333333333,0.29635054069779104,FedTROS-PR
0.9847333333333333,0.2963743253275547,FedTROS-PR
0.9846666666666667,0.29638994240764155,FedTROS-PR
0.9846,0.29644125970976093,FedTROS-PR
0.9844666666666667,0.2964784773530357,FedTROS-PR
0.9844666666666667,0.29649633570926615,FedTROS-PR
0.9844,0.2965477075090876,FedTROS-PR
0.9842666666666666,0.29665648609548306,FedTROS-PR
0.9842666666666666,0.29668629302895727,FedTROS-PR
0.9840666666666666,0.2967989705231833,FedTROS-PR
0.9840666666666666,0.2968407504977175,FedTROS-PR
0.9840666666666666,0.29693629176640984,FedTROS-PR
0.9840666666666666,0.296960186694027,FedTROS-PR
0.9840666666666666,0.29699006076214235,FedTROS-PR
0.9838666666666667,0.29699543176832827,FedTROS-PR
0.9838666666666667,0.29703129717218474,FedTROS-PR
0.9838,0.2970410628019324,FedTROS-PR
0.9838,0.2970948843389503,FedTROS-PR
0.9838,0.29714274208163016,FedTROS-PR
0.9838,0.2971487253835931,FedTROS-PR
0.9837333333333333,0.2971644917029161,FedTROS-PR
0.9837333333333333,0.2972183616331299,FedTROS-PR
0.9837333333333333,0.29729620824434866,FedTROS-PR
0.9836666666666667,0.2972940299409643,FedTROS-PR
0.9836,0.2972918513742242,FedTROS-PR
0.9836,0.29731581492826054,FedTROS-PR
0.9836,0.29733379012917915,FedTROS-PR
0.9836,0.2975436615173638,FedTROS-PR
0.9835333333333334,0.2975835081491044,FedTROS-PR
0.9835333333333334,0.2975955137773833,FedTROS-PR
0.9835333333333334,0.2976075203744049,FedTROS-PR
0.9835333333333334,0.29763153647514523,FedTROS-PR
0.9834666666666667,0.2976714153113523,FedTROS-PR
0.9834666666666667,0.297689435980224,FedTROS-PR
0.9834,0.29781950333131435,FedTROS-PR
0.9834,0.29791574100254475,FedTROS-PR
0.9834,0.2979518461662762,FedTROS-PR
0.9834,0.2979879600824209,FedTROS-PR
0.9834,0.298,FedTROS-PR
0.9834,0.29803612559098075,FedTROS-PR
0.9833333333333333,0.29804603043100486,FedTROS-PR
0.9832666666666666,0.2981041312959819,FedTROS-PR
0.9832,0.2981200727713766,FedTROS-PR
0.9831333333333333,0.2982324866526452,FedTROS-PR
0.9830666666666666,0.2983389645335545,FedTROS-PR
0.983,0.29839117676818777,FedTROS-PR
0.9828666666666667,0.2984412955465587,FedTROS-PR
0.9828,0.29849960515925245,FedTROS-PR
0.9828,0.29860239011545475,FedTROS-PR
0.9827333333333333,0.29867893179884103,FedTROS-PR
0.9827333333333333,0.2986910358242827,FedTROS-PR
0.9826666666666667,0.29875552312619075,FedTROS-PR
0.9826,0.298880642413919,FedTROS-PR
0.9826,0.2989170114383062,FedTROS-PR
0.9825333333333334,0.29899375152154506,FedTROS-PR
0.9825333333333334,0.29902408342970765,FedTROS-PR
0.982,0.29920172249192584,FedTROS-PR
0.9817333333333333,0.29932719474764724,FedTROS-PR
0.9816,0.29940217170279393,FedTROS-PR
0.9816,0.2994326154597035,FedTROS-PR
0.9814666666666667,0.29956251907620307,FedTROS-PR
0.9814666666666667,0.29957471053863216,FedTROS-PR
0.9814666666666667,0.29958080664197634,FedTROS-PR
0.9812666666666666,0.2996417083994951,FedTROS-PR
0.9811333333333333,0.2996803029994502,FedTROS-PR
0.981,0.29984106284130735,FedTROS-PR
0.981,0.2998777256979825,FedTROS-PR
0.9808,0.29989603930122105,FedTROS-PR
0.9808,0.29993272308413693,FedTROS-PR
0.9808,0.3000244718166245,FedTROS-PR
0.9807333333333333,0.3000407913522333,FedTROS-PR
0.9807333333333333,0.30007139214686385,FedTROS-PR
0.9807333333333333,0.30014485952706427,FedTROS-PR
0.9807333333333333,0.300175481554032,FedTROS-PR
0.9806666666666667,0.3002592312873793,FedTROS-PR
0.9806,0.3002572058463297,FedTROS-PR
0.9802,0.30051506356538443,FedTROS-PR
0.9802,0.30052120592743997,FedTROS-PR
0.9802,0.3005396345202567,FedTROS-PR
0.9802,0.3005457778867971,FedTROS-PR
0.9800666666666666,0.3005233247475367,FedTROS-PR
0.9800666666666666,0.30053561206967044,FedTROS-PR
0.9800666666666666,0.3005724800654263,FedTROS-PR
0.9800666666666666,0.30060935710780307,FedTROS-PR
0.98,0.300656535700407,FedTROS-PR
0.98,0.3007241929544618,FedTROS-PR
0.9798666666666667,0.3007017328505084,FedTROS-PR
0.9798,0.30071818795654043,FedTROS-PR
0.9798,0.3007243411360288,FedTROS-PR
0.9798,0.3007735756385069,FedTROS-PR
0.9797333333333333,0.30075926570206496,FedTROS-PR
0.9795333333333334,0.300734797470168,FedTROS-PR
0.9792666666666666,0.3008869497531699,FedTROS-PR
0.9792666666666666,0.3008992768912469,FedTROS-PR
0.9792,0.3010761504560828,FedTROS-PR
0.9791333333333333,0.3010803386564441,FedTROS-PR
0.9791333333333333,0.3011112022306052,FedTROS-PR
0.9790666666666666,0.3011030467052118,FedTROS-PR
0.979,0.30110723805618206,FedTROS-PR
0.9789333333333333,0.3011423063513874,FedTROS-PR
0.9789333333333333,0.3012906005704085,FedTROS-PR
0.9789333333333333,0.301370987603645,FedTROS-PR
0.9789333333333333,0.3013895445495782,FedTROS-PR
0.9787333333333333,0.30143314717477004,FedTROS-PR
0.9787333333333333,0.3014455258510944,FedTROS-PR
0.9787333333333333,0.30145171557052214,FedTROS-PR
0.9787333333333333,0.3014702862540556,FedTROS-PR
0.9787333333333333,0.30153220506079526,FedTROS-PR
0.9787333333333333,0.3015879537377514,FedTROS-PR
0.9785333333333334,0.3015696909927679,FedTROS-PR
0.9784666666666667,0.3016297087897408,FedTROS-PR
0.9784666666666667,0.30175994078703894,FedTROS-PR
0.9783333333333334,0.30180569266205987,FedTROS-PR
0.9783333333333334,0.3018429388292402,FedTROS-PR
0.9782666666666666,0.30185341369592494,FedTROS-PR
0.9782666666666666,0.3019030963892604,FedTROS-PR
0.9782666666666666,0.3019217316159829,FedTROS-PR
0.9782,0.30194464451075215,FedTROS-PR
0.9781333333333333,0.3019364929105015,FedTROS-PR
0.9780666666666666,0.3019594121763471,FedTROS-PR
0.9780666666666666,0.30197805816849516,FedTROS-PR
0.978,0.30199477118801077,FedTROS-PR
0.9777333333333333,0.3020430018947195,FedTROS-PR
0.9776,0.3020640217525646,FedTROS-PR
0.9776,0.30208268957419193,FedTROS-PR
0.9776,0.30212625679907695,FedTROS-PR
0.9774666666666667,0.30215352910870685,FedTROS-PR
0.9774,0.3021765118100499,FedTROS-PR
0.9773333333333334,0.3021995011440704,FedTROS-PR
0.9772666666666666,0.3022100358718509,FedTROS-PR
0.9772666666666666,0.30222249711364013,FedTROS-PR
0.9770666666666666,0.30230399537963326,FedTROS-PR
0.9770666666666666,0.3023414130995358,FedTROS-PR
0.9769333333333333,0.3024748694449605,FedTROS-PR
0.9769333333333333,0.302487356796367,FedTROS-PR
0.9768,0.3027585494369253,FedTROS-PR
0.9768,0.3027960900204592,FedTROS-PR
0.9768,0.3028148638035795,FedTROS-PR
0.9767333333333333,0.3028317486564696,FedTROS-PR
0.9766666666666667,0.30285489839373203,FedTROS-PR
0.9766,0.3028592693667432,FedTROS-PR
0.9765333333333334,0.3028448561032087,FedTROS-PR
0.9765333333333334,0.3028761656638339,FedTROS-PR
0.9765333333333334,0.30300773654379215,FedTROS-PR
0.9764666666666667,0.30305600960046347,FedTROS-PR
0.9764,0.30308548724210005,FedTROS-PR
0.9764,0.30309803191159124,FedTROS-PR
0.9764,0.3031293981289842,FedTROS-PR
0.9761333333333333,0.30319093864535235,FedTROS-PR
0.9761333333333333,0.3033102705390065,FedTROS-PR
0.9761333333333333,0.3033982594280978,FedTROS-PR
0.9761333333333333,0.30345485067666994,FedTROS-PR
0.976,0.30345113483262515,FedTROS-PR
0.9759333333333333,0.30346185737976783,FedTROS-PR
0.9758666666666667,0.30352292284405,FedTROS-PR
0.9758,0.30358402123864436,FedTROS-PR
0.9758,0.3036092097075296,FedTROS-PR
0.9758,0.3036658990477376,FedTROS-PR
0.9756,0.3037675142708874,FedTROS-PR
0.9756,0.3038179666576702,FedTROS-PR
0.9754666666666667,0.30387738572407635,FedTROS-PR
0.9754666666666667,0.30388369678089305,FedTROS-PR
0.9754666666666667,0.30389000809985667,FedTROS-PR
0.9754666666666667,0.30392156862745096,FedTROS-PR
0.9754666666666667,0.30393419467408916,FedTROS-PR
0.9754666666666667,0.3039405080908166,FedTROS-PR
0.9754666666666667,0.30394682176983795,FedTROS-PR
0.9754666666666667,0.3042375348276292,FedTROS-PR
0.9754666666666667,0.3044527673741157,FedTROS-PR
0.9754666666666667,0.3044591023533573,FedTROS-PR
0.9754,0.3044889804582631,FedTROS-PR
0.9752,0.30457233280586327,FedTROS-PR
0.9752,0.3046611405006873,FedTROS-PR
0.9752,0.3047119110111236,FedTROS-PR
0.9752,0.3047309543153553,FedTROS-PR
0.9750666666666666,0.3047908808635672,FedTROS-PR
0.975,0.3048018006752532,FedTROS-PR
0.975,0.304871693314711,FedTROS-PR
0.975,0.30490983008443656,FedTROS-PR
0.9748666666666667,0.3050207546776246,FedTROS-PR
0.9748,0.3050253457663183,FedTROS-PR
0.9748,0.3050380723896944,FedTROS-PR
0.9748,0.305044436099637,FedTROS-PR
0.9748,0.305088989504872,FedTROS-PR
0.9748,0.3050953553394817,FedTROS-PR
0.9747333333333333,0.3051126878130217,FedTROS-PR
0.9747333333333333,0.30518911246555896,FedTROS-PR
0.9747333333333333,0.30522733915076616,FedTROS-PR
0.9746666666666667,0.3052255788221048,FedTROS-PR
0.9746,0.30528755795013157,FedTROS-PR
0.9745333333333334,0.3053113055828234,FedTROS-PR
0.9745333333333334,0.305324059569313,FedTROS-PR
0.9744666666666667,0.30539247435388506,FedTROS-PR
0.9744666666666667,0.30550736754101787,FedTROS-PR
0.9744,0.3055503292568203,FedTROS-PR
0.9744,0.30562699956088074,FedTROS-PR
0.9744,0.3057164968938903,FedTROS-PR
0.9744,0.30572928650616016,FedTROS-PR
0.9744,0.30573568171359244,FedTROS-PR
0.9742666666666666,0.30574501025147494,FedTROS-PR
0.9742666666666666,0.30575780400033475,FedTROS-PR
0.9742666666666666,0.3057897930572702,FedTROS-PR
0.9741333333333333,0.3057863346238359,FedTROS-PR
0.9739333333333333,0.30588358458961473,FedTROS-PR
0.9738666666666667,0.30600360299970675,FedTROS-PR
0.9738666666666667,0.3060228343982403,FedTROS-PR
0.9738666666666667,0.30605489210140374,FedTROS-PR
0.9737333333333333,0.3061284372904091,FedTROS-PR
0.9737333333333333,0.3061861937404356,FedTROS-PR
0.9737333333333333,0.3062311304931231,FedTROS-PR
0.9737333333333333,0.30623755110598594,FedTROS-PR
0.9736666666666667,0.30623584668288184,FedTROS-PR
0.9736,0.30625983013526265,FedTROS-PR
0.9736,0.30626625283113834,FedTROS-PR
0.9736,0.3062855225351817,FedTROS-PR
0.9736,0.30630479466420574,FedTROS-PR
0.9735333333333334,0.3063352213131949,FedTROS-PR
0.9734666666666667,0.3063913718578203,FedTROS-PR
0.9732,0.30655186896262077,FedTROS-PR
0.9731333333333333,0.30668543575090346,FedTROS-PR
0.973,0.3066756319472169,FedTROS-PR
0.9728,0.3067157120336311,FedTROS-PR
0.9728,0.30672860656254597,FedTROS-PR
0.9727333333333333,0.3067591716598339,FedTROS-PR
0.9726666666666667,0.3067768456023045,FedTROS-PR
0.9726666666666667,0.30680264956366315,FedTROS-PR
0.9724666666666667,0.3069073618212039,FedTROS-PR
0.9724666666666667,0.3069654882154882,FedTROS-PR
0.9722666666666666,0.3069992632354489,FedTROS-PR
0.9721333333333333,0.30711231861165517,FedTROS-PR
0.9719333333333333,0.3071461677832554,FedTROS-PR
0.9718,0.3072529140231436,FedTROS-PR
0.9718,0.307285298705679,FedTROS-PR
0.9717333333333333,0.30734844491302055,FedTROS-PR
0.9717333333333333,0.3073808519611978,FedTROS-PR
0.9717333333333333,0.307400299470654,FedTROS-PR
0.9717333333333333,0.30741326584414214,FedTROS-PR
0.9716666666666667,0.3075154021436408,FedTROS-PR
0.9715333333333334,0.3075056445316621,FedTROS-PR
0.9714,0.30750237416904086,FedTROS-PR
0.9712666666666666,0.3075055933133522,FedTROS-PR
0.9712,0.30758186770263707,FedTROS-PR
0.9712,0.3076338295850491,FedTROS-PR
0.9712,0.3076663146779303,FedTROS-PR
0.9712,0.3076793106361409,FedTROS-PR
0.9712,0.3077508080359972,FedTROS-PR
0.9712,0.30784835805756305,FedTROS-PR
0.9712,0.30788088847560074,FedTROS-PR
0.9707333333333333,0.30813018452683255,FedTROS-PR
0.9707333333333333,0.3081367051105703,FedTROS-PR
0.9706666666666667,0.3081742369724421,FedTROS-PR
0.9706,0.3082574634766039,FedTROS-PR
0.9706,0.3082705174896248,FedTROS-PR
0.9705333333333334,0.3083211555160218,FedTROS-PR
0.9704666666666667,0.30834568947256935,FedTROS-PR
0.9704,0.3084290375895241,FedTROS-PR
0.9700666666666666,0.3083949727656147,FedTROS-PR
0.9699333333333333,0.30847680434229496,FedTROS-PR
0.9698666666666667,0.30848176420695506,FedTROS-PR
0.9698,0.3085521571289187,FedTROS-PR
0.9698,0.3085652469031054,FedTROS-PR
0.9698,0.3085783377879598,FedTROS-PR
0.9697333333333333,0.30865533558257474,FedTROS-PR
0.9696666666666667,0.3086537645361175,FedTROS-PR
0.9693333333333334,0.30874421370025906,FedTROS-PR
0.9691333333333333,0.30893635107852513,FedTROS-PR
0.9691333333333333,0.30898888345696857,FedTROS-PR
0.9691333333333333,0.3090480037416557,FedTROS-PR
0.9690666666666666,0.309145044661846,FedTROS-PR
0.969,0.309189534141672,FedTROS-PR
0.9688666666666667,0.30927198825306973,FedTROS-PR
0.9687333333333333,0.30928866374356134,FedTROS-PR
0.9686666666666667,0.30928712829136423,FedTROS-PR
0.9686666666666667,0.3093793250292771,FedTROS-PR
0.9686666666666667,0.30939250047910055,FedTROS-PR
0.9686666666666667,0.3094913521342762,FedTROS-PR
0.9686666666666667,0.30949794449059576,FedTROS-PR
0.9686666666666667,0.3095375045269594,FedTROS-PR
0.9686666666666667,0.30959686354725985,FedTROS-PR
0.9686,0.30961513872906277,FedTROS-PR
0.9686,0.3096481319664969,FedTROS-PR
0.9686,0.30965473145780054,FedTROS-PR
0.9684666666666667,0.3097771617443224,FedTROS-PR
0.9684666666666667,0.30985645116566773,FedTROS-PR
0.9684666666666667,0.30992916880013655,FedTROS-PR
0.9684666666666667,0.30993578118666126,FedTROS-PR
0.9684666666666667,0.31005485241073144,FedTROS-PR
0.9684,0.31015266360627736,FedTROS-PR
0.9683333333333334,0.3101379339795875,FedTROS-PR
0.9682666666666667,0.3102755821405683,FedTROS-PR
0.9682666666666667,0.3103286184351096,FedTROS-PR
0.9682,0.3103536702639171,FedTROS-PR
0.9681333333333333,0.3103986320401838,FedTROS-PR
0.9680666666666666,0.31043033969685957,FedTROS-PR
0.9680666666666666,0.3104568875205781,FedTROS-PR
0.9680666666666666,0.3105431993156544,FedTROS-PR
0.9680666666666666,0.31058969477894466,FedTROS-PR
0.9680666666666666,0.31064949512236867,FedTROS-PR
0.9680666666666666,0.31065614102646383,FedTROS-PR
0.9680666666666666,0.3107292647436446,FedTROS-PR
0.968,0.3107477635577623,FedTROS-PR
0.968,0.31078101924188267,FedTROS-PR
0.9679333333333333,0.31082614373488043,FedTROS-PR
0.9679333333333333,0.3108327981160351,FedTROS-PR
0.9679333333333333,0.3108660742961139,FedTROS-PR
0.9679333333333333,0.3111192062913836,FedTROS-PR
0.9677333333333333,0.3115690062245117,FedTROS-PR
0.9677333333333333,0.311702812969723,FedTROS-PR
0.9676,0.3117937701396348,FedTROS-PR
0.9676,0.311941196698762,FedTROS-PR
0.9674666666666667,0.3119786740046436,FedTROS-PR
0.9674666666666667,0.31201221216486424,FedTROS-PR
0.9674666666666667,0.31203233852240475,FedTROS-PR
0.9674666666666667,0.3120658882222652,FedTROS-PR
0.9674666666666667,0.3120725990279988,FedTROS-PR
0.9674666666666667,0.3122337449976333,FedTROS-PR
0.9674,0.3124407889070709,FedTROS-PR
0.9674,0.3124542440032729,FedTROS-PR
0.9673333333333334,0.3125538514561434,FedTROS-PR
0.9672666666666667,0.31259964665833584,FedTROS-PR
0.9670666666666666,0.31269670187540416,FedTROS-PR
0.9668666666666667,0.3128883327580255,FedTROS-PR
0.9667333333333333,0.31288568592758814,FedTROS-PR
0.9666666666666667,0.3129383835113845,FedTROS-PR
0.9666666666666667,0.3131005592623783,FedTROS-PR
0.9666,0.31317363976067564,FedTROS-PR
0.9665333333333334,0.31326030120351767,FedTROS-PR
0.9664666666666667,0.3132996196403873,FedTROS-PR
0.9664666666666667,0.31331993343275194,FedTROS-PR
0.9664666666666667,0.313347022587269,FedTROS-PR
0.9664666666666667,0.313353795607816,FedTROS-PR
0.966,0.31360242398008875,FedTROS-PR
0.966,0.3136431524491872,FedTROS-PR
0.9659333333333333,0.3136622431970212,FedTROS-PR
0.9658666666666667,0.31370171487961196,FedTROS-PR
0.9658,0.3137344074844075,FedTROS-PR
0.9657333333333333,0.313773907769619,FedTROS-PR
0.9656666666666667,0.31388142498049754,FedTROS-PR
0.9656666666666667,0.3139426515529162,FedTROS-PR
0.9656666666666667,0.31394945597988644,FedTROS-PR
0.9656,0.31396180608241386,FedTROS-PR
0.9656,0.31397541783182675,FedTROS-PR
0.9656,0.3140434942867674,FedTROS-PR
0.9654666666666667,0.3141840586627327,FedTROS-PR
0.9654666666666667,0.3142658738770019,FedTROS-PR
0.9654666666666667,0.31427951388888886,FedTROS-PR
0.9654,0.3142987368146894,FedTROS-PR
0.9653333333333334,0.31439303471784963,FedTROS-PR
0.9652,0.31452033368091764,FedTROS-PR
0.9650666666666666,0.314640932011824,FedTROS-PR
0.9650666666666666,0.314736704787581,FedTROS-PR
0.9650666666666666,0.31493527684107475,FedTROS-PR
0.9650666666666666,0.3149421286224001,FedTROS-PR
0.9648666666666667,0.31494538016277146,FedTROS-PR
0.9648666666666667,0.3149865064855924,FedTROS-PR
0.9648,0.31504702194357365,FedTROS-PR
0.9648,0.3150744578942785,FedTROS-PR
0.9647333333333333,0.3150732652572449,FedTROS-PR
0.9646,0.31515323125176975,FedTROS-PR
0.9646,0.31516009583968635,FedTROS-PR
0.9645333333333334,0.315145178505304,FedTROS-PR
0.9645333333333334,0.3151795050540258,FedTROS-PR
0.9644666666666667,0.3152538679450861,FedTROS-PR
0.9644666666666667,0.31527447861049973,FedTROS-PR
0.9644,0.3152870406695436,FedTROS-PR
0.9642666666666667,0.3155735916568486,FedTROS-PR
0.9642666666666667,0.31564245810055863,FedTROS-PR
0.9642666666666667,0.31565623499629,FedTROS-PR
0.9642,0.3156619669125671,FedTROS-PR
0.9642,0.31567574646411733,FedTROS-PR
0.9642,0.31569641804727916,FedTROS-PR
0.9640666666666666,0.3157768315318266,FedTROS-PR
0.9637333333333333,0.3157434911759567,FedTROS-PR
0.9637333333333333,0.3157848748307047,FedTROS-PR
0.9637333333333333,0.3158262693349646,FedTROS-PR
0.9637333333333333,0.3159090909090909,FedTROS-PR
0.9636,0.3160242254629731,FedTROS-PR
0.9636,0.316100249311114,FedTROS-PR
0.9635333333333334,0.31617518375918796,FedTROS-PR
0.9631333333333333,0.31636228266106076,FedTROS-PR
0.9631333333333333,0.31641078429225344,FedTROS-PR
0.9630666666666666,0.31643046459159313,FedTROS-PR
0.9630666666666666,0.3164928577688196,FedTROS-PR
0.963,0.31656110977186563,FedTROS-PR
0.9629333333333333,0.3166016395598615,FedTROS-PR
0.9629333333333333,0.31668493751370314,FedTROS-PR
0.9629333333333333,0.3168238648826497,FedTROS-PR
0.9627333333333333,0.3169805522630493,FedTROS-PR
0.9627333333333333,0.3170362239297475,FedTROS-PR
0.9627333333333333,0.31706406709700086,FedTROS-PR
0.9626,0.31704799964867597,FedTROS-PR
0.9626,0.31707584874171024,FedTROS-PR
0.9626,0.31718032642839883,FedTROS-PR
0.9625333333333334,0.3173256555089123,FedTROS-PR
0.9625333333333334,0.31734657991911375,FedTROS-PR
0.9625333333333334,0.3174442636647465,FedTROS-PR
0.9622666666666667,0.31756578368388627,FedTROS-PR
0.9622666666666667,0.3175867455829611,FedTROS-PR
0.9620666666666666,0.317863436123348,FedTROS-PR
0.9620666666666666,0.31788444170319624,FedTROS-PR
0.9620666666666666,0.31791945717307013,FedTROS-PR
0.962,0.3179744827130297,FedTROS-PR
0.962,0.31798148964301454,FedTROS-PR
0.9619333333333333,0.3181487442947545,FedTROS-PR
0.9619333333333333,0.31816979051819183,FedTROS-PR
0.9618666666666666,0.3182670460812212,FedTROS-PR
0.9618666666666666,0.3183091755465837,FedTROS-PR
0.9618666666666666,0.31834429195534175,FedTROS-PR
0.9618,0.3184697909538421,FedTROS-PR
0.9617333333333333,0.3185039630848034,FedTROS-PR
0.9617333333333333,0.3185813347466985,FedTROS-PR
0.9616666666666667,0.31872113833712634,FedTROS-PR
0.9616666666666667,0.3187422662188439,FedTROS-PR
0.9616,0.31874129891940867,FedTROS-PR
0.9616,0.31874834261469104,FedTROS-PR
0.9612666666666667,0.31877169323281673,FedTROS-PR
0.9612666666666667,0.31880693375784913,FedTROS-PR
0.9612666666666667,0.31894797380994516,FedTROS-PR
0.9612,0.31899641577060933,FedTROS-PR
0.9612,0.31900347368188153,FedTROS-PR
0.961,0.3192761744446167,FedTROS-PR
0.961,0.31929031829357435,FedTROS-PR
0.961,0.3193044633957249,FedTROS-PR
0.9606666666666667,0.3194696936106061,FedTROS-PR
0.9606666666666667,0.31949094295279695,FedTROS-PR
0.9605333333333334,0.31953870037702375,FedTROS-PR
0.9605333333333334,0.3195670496384687,FedTROS-PR
0.9605333333333334,0.319602493289856,FedTROS-PR
0.9604666666666667,0.3196370332571606,FedTROS-PR
0.9604,0.3196644920782852,FedTROS-PR
0.9604,0.3197141525555383,FedTROS-PR
0.9602,0.3198037169438462,FedTROS-PR
0.9602,0.31981081801225686,FedTROS-PR
0.9602,0.31983922543968735,FedTROS-PR
0.9602,0.31988184604450765,FedTROS-PR
0.9601333333333333,0.3199520138626619,FedTROS-PR
0.9601333333333333,0.3200159985779042,FedTROS-PR
0.9600666666666666,0.3201218156759881,FedTROS-PR
0.9600666666666666,0.3202570774123246,FedTROS-PR
0.9600666666666666,0.3203924535018243,FedTROS-PR
0.9600666666666666,0.32039958172959265,FedTROS-PR
0.9598666666666666,0.3204825713395361,FedTROS-PR
0.9598,0.32046744574290487,FedTROS-PR
0.9597333333333333,0.32048085485307215,FedTROS-PR
0.9595333333333333,0.32052110010021156,FedTROS-PR
0.9594666666666667,0.3206916529257097,FedTROS-PR
0.9594666666666667,0.320698798939323,FedTROS-PR
0.9594,0.3208481038057655,FedTROS-PR
0.9592,0.32085275293802823,FedTROS-PR
0.9591333333333333,0.3208519179304193,FedTROS-PR
0.9591333333333333,0.3208590735743438,FedTROS-PR
0.9590666666666666,0.3209226582193767,FedTROS-PR
0.9590666666666666,0.3209441370694271,FedTROS-PR
0.9590666666666666,0.3209584579001383,FedTROS-PR
0.9589333333333333,0.3210212689981476,FedTROS-PR
0.9588666666666666,0.3210276097582751,FedTROS-PR
0.9586,0.32100281287672455,FedTROS-PR
0.9586,0.3210386478822925,FedTROS-PR
0.9585333333333333,0.32115255751619387,FedTROS-PR
0.9584666666666667,0.32118043920201955,FedTROS-PR
0.9584666666666667,0.3211876144944372,FedTROS-PR
0.9584,0.321215506647302,FedTROS-PR
0.9584,0.3212370396853772,FedTROS-PR
0.9584,0.32134474819500636,FedTROS-PR
0.9584,0.32145252895666565,FedTROS-PR
0.9582,0.32152923806541095,FedTROS-PR
0.9582,0.3215364309523277,FedTROS-PR
0.9582,0.3216011814194934,FedTROS-PR
0.9581333333333333,0.32160039383293426,FedTROS-PR
0.9581333333333333,0.32163637991227284,FedTROS-PR
0.9581333333333333,0.32164357809457733,FedTROS-PR
0.9580666666666666,0.3217147974031789,FedTROS-PR
0.9580666666666666,0.32172199959703596,FedTROS-PR
0.9580666666666666,0.321794039275398,FedTROS-PR
0.9580666666666666,0.32184448624921613,FedTROS-PR
0.9580666666666666,0.3218516942509686,FedTROS-PR
0.9580666666666666,0.32201756744644616,FedTROS-PR
0.958,0.32214674826820905,FedTROS-PR
0.958,0.32217563840997243,FedTROS-PR
0.958,0.3223418573351279,FedTROS-PR
0.9578666666666666,0.3223476095394073,FedTROS-PR
0.9578,0.32241197459662035,FedTROS-PR
0.9576666666666667,0.322504602397737,FedTROS-PR
0.9576666666666667,0.3225408087657453,FedTROS-PR
0.9574666666666667,0.3227488258163105,FedTROS-PR
0.9573333333333334,0.323023281970532,FedTROS-PR
0.9573333333333334,0.32309596130048374,FedTROS-PR
0.9572,0.3231018497682164,FedTROS-PR
0.9572,0.3231382080885828,FedTROS-PR
0.957,0.32322345312077816,FedTROS-PR
0.9566666666666667,0.3232637246288662,FedTROS-PR
0.9566666666666667,0.3232855726773002,FedTROS-PR
0.9566666666666667,0.32332199265484535,FedTROS-PR
0.9564666666666667,0.3233782626335482,FedTROS-PR
0.9564666666666667,0.32340742076552004,FedTROS-PR
0.9563333333333334,0.3235081863695819,FedTROS-PR
0.9562,0.3235360461968781,FedTROS-PR
0.9561333333333333,0.3236375944939637,FedTROS-PR
0.9559333333333333,0.3237671604046243,FedTROS-PR
0.9558666666666666,0.3238176972762997,FedTROS-PR
0.9557333333333333,0.32400668987027076,FedTROS-PR
0.9557333333333333,0.3240140128828116,FedTROS-PR
0.9557333333333333,0.32402865990100127,FedTROS-PR
0.9557333333333333,0.3240506329113924,FedTROS-PR
0.9556666666666667,0.32413793103448274,FedTROS-PR
0.9556666666666667,0.32415259028107546,FedTROS-PR
0.9556666666666667,0.32424057361290176,FedTROS-PR
0.9556,0.3243500101826081,FedTROS-PR
0.9556,0.32442342077269537,FedTROS-PR
0.9556,0.3244527943140406,FedTROS-PR
0.9555333333333333,0.3245550473257552,FedTROS-PR
0.9554666666666667,0.3245544509612989,FedTROS-PR
0.9552,0.3247580407534169,FedTROS-PR
0.9551333333333333,0.3248384536900578,FedTROS-PR
0.9551333333333333,0.32486791682728283,FedTROS-PR
0.9551333333333333,0.3248973853096582,FedTROS-PR
0.9551333333333333,0.32494896801995915,FedTROS-PR
0.9550666666666666,0.3249926272090016,FedTROS-PR
0.9550666666666666,0.3251549059216051,FedTROS-PR
0.9549333333333333,0.3251980838649624,FedTROS-PR
0.9549333333333333,0.3253236429707018,FedTROS-PR
0.9548,0.3253225513356351,FedTROS-PR
0.9547333333333333,0.3253663523798705,FedTROS-PR
0.9546,0.32537265951645156,FedTROS-PR
0.9545333333333333,0.3254090909090909,FedTROS-PR
0.9545333333333333,0.32543867624329487,FedTROS-PR
0.9545333333333333,0.3254460734174338,FedTROS-PR
0.9545333333333333,0.32546086877457775,FedTROS-PR
0.9545333333333333,0.3254830643328029,FedTROS-PR
0.9545333333333333,0.3255422672911646,FedTROS-PR
0.9545333333333333,0.32557928007822273,FedTROS-PR
0.9545333333333333,0.3255866836456249,FedTROS-PR
0.9544666666666667,0.3257713661600073,FedTROS-PR
0.9544,0.3258227502389731,FedTROS-PR
0.9543333333333334,0.32583707008399154,FedTROS-PR
0.9543333333333334,0.3258667395114844,FedTROS-PR
0.9542,0.3259102397704761,FedTROS-PR
0.9541333333333334,0.325969115838382,FedTROS-PR
0.9541333333333334,0.32599139011001527,FedTROS-PR
0.9541333333333334,0.3260136674259681,FedTROS-PR
0.9540666666666666,0.32608002187386076,FedTROS-PR
0.954,0.3261315465609189,FedTROS-PR
0.954,0.32616128002917444,FedTROS-PR
0.954,0.32623563742476747,FedTROS-PR
0.954,0.326265389876881,FedTROS-PR
0.954,0.3262951477562933,FedTROS-PR
0.9539333333333333,0.326361645835234,FedTROS-PR
0.9538666666666666,0.3264281803248768,FedTROS-PR
0.9538,0.32649475125513466,FedTROS-PR
0.9536666666666667,0.3264863631176538,FedTROS-PR
0.9536666666666667,0.3265534401680135,FedTROS-PR
0.9536,0.32667229999771624,FedTROS-PR
0.9536,0.3267245317496574,FedTROS-PR
0.9535333333333333,0.3267613999817235,FedTROS-PR
0.9535333333333333,0.3267688652304037,FedTROS-PR
0.9535333333333333,0.32677633082019647,FedTROS-PR
0.9534,0.32685011656077156,FedTROS-PR
0.9534,0.326894943768858,FedTROS-PR
0.9533333333333334,0.32690197512801755,FedTROS-PR
0.9533333333333334,0.3269767229158092,FedTROS-PR
0.9533333333333334,0.32707394615859653,FedTROS-PR
0.9532,0.3271628949957669,FedTROS-PR
0.9530666666666666,0.3272519171340277,FedTROS-PR
0.9530666666666666,0.32725940847907703,FedTROS-PR
0.953,0.3272514994734673,FedTROS-PR
0.953,0.3273639132525706,FedTROS-PR
0.953,0.32741639945029777,FedTROS-PR
0.9529333333333333,0.3274309930134005,FedTROS-PR
0.9529333333333333,0.32749100740027953,FedTROS-PR
0.9529333333333333,0.3275360326298664,FedTROS-PR
0.9529333333333333,0.3276111021979785,FedTROS-PR
0.9529333333333333,0.3277237710931768,FedTROS-PR
0.9528666666666666,0.3277459298326072,FedTROS-PR
0.9528666666666666,0.32785117900724836,FedTROS-PR
0.9528666666666666,0.32788126261699396,FedTROS-PR
0.9528,0.3279034552379204,FedTROS-PR
0.9528,0.3279109785476655,FedTROS-PR
0.9528,0.3280012851995502,FedTROS-PR
0.9527333333333333,0.32803103337464995,FedTROS-PR
0.9527333333333333,0.32803856306668194,FedTROS-PR
0.9527333333333333,0.32805362348782224,FedTROS-PR
0.9526666666666667,0.3280909195270348,FedTROS-PR
0.9526666666666667,0.32812858783008036,FedTROS-PR
0.9526,0.32815083593606464,FedTROS-PR
0.9525333333333333,0.3282258620293584,FedTROS-PR
0.9524,0.3282402407922248,FedTROS-PR
0.9524,0.3283156757750557,FedTROS-PR
0.9523333333333334,0.328360610518573,FedTROS-PR
0.9523333333333334,0.3283757068640522,FedTROS-PR
0.9523333333333334,0.32842855500632256,FedTROS-PR
0.9523333333333334,0.3284361061295811,FedTROS-PR
0.9523333333333334,0.32850408186731056,FedTROS-PR
0.9523333333333334,0.3285872015457515,FedTROS-PR
0.9523333333333334,0.3285947599659559,FedTROS-PR
0.9521333333333334,0.32864670824032954,FedTROS-PR
0.9518666666666666,0.3289028126511714,FedTROS-PR
0.9518,0.3289328172518662,FedTROS-PR
0.9516666666666667,0.32906110970240426,FedTROS-PR
0.9516666666666667,0.32917492966840384,FedTROS-PR
0.9516666666666667,0.32926604234903356,FedTROS-PR
0.9516666666666667,0.32927363734920306,FedTROS-PR
0.9516666666666667,0.3292964244521338,FedTROS-PR
0.9514666666666667,0.32943240311151123,FedTROS-PR
0.9514,0.32945494840362904,FedTROS-PR
0.9514,0.32947776700374015,FedTROS-PR
0.9514,0.3295005887649789,FedTROS-PR
0.9514,0.32954624177346725,FedTROS-PR
0.9512666666666667,0.3296066156937932,FedTROS-PR
0.9512666666666667,0.3297056241046259,FedTROS-PR
0.9512666666666667,0.3297437201026044,FedTROS-PR
0.9512666666666667,0.3297513403586615,FedTROS-PR
0.9512666666666667,0.32980469201433027,FedTROS-PR
0.9512666666666667,0.3298504357474745,FedTROS-PR
0.9512666666666667,0.32994959071359203,FedTROS-PR
0.9512,0.3299798792756539,FedTROS-PR
0.9512,0.33001040823406963,FedTROS-PR
0.9511333333333334,0.33000254435269355,FedTROS-PR
0.951,0.330108994978363,FedTROS-PR
0.951,0.33017776131839643,FedTROS-PR
0.9509333333333333,0.3301851851851852,FedTROS-PR
0.9508666666666666,0.3303455623494534,FedTROS-PR
0.9508666666666666,0.3303685173603873,FedTROS-PR
0.9508666666666666,0.33047568293982715,FedTROS-PR
0.9508666666666666,0.33049099798410453,FedTROS-PR
0.9508,0.3304831421619743,FedTROS-PR
0.9508,0.33049845897156627,FedTROS-PR
0.9506666666666667,0.33055169216504404,FedTROS-PR
0.9506666666666667,0.33059000811406053,FedTROS-PR
0.9505333333333333,0.33062795659029776,FedTROS-PR
0.9504666666666667,0.3306431039680883,FedTROS-PR
0.9504666666666667,0.33065844098615393,FedTROS-PR
0.9504666666666667,0.33068911929116507,FedTROS-PR
0.9504666666666667,0.3307504929822526,FedTROS-PR
0.9504666666666667,0.33077351399007004,FedTROS-PR
0.9504666666666667,0.33088098774600816,FedTROS-PR
0.9504,0.3308808169896716,FedTROS-PR
0.9504,0.3309729993267244,FedTROS-PR
0.9503333333333334,0.3309805196312893,FedTROS-PR
0.9503333333333334,0.33098820469954493,FedTROS-PR
0.9503333333333334,0.331095833139778,FedTROS-PR
0.9502,0.3311878427363138,FedTROS-PR
0.9502,0.3312340227748083,FedTROS-PR
0.9502,0.33128021569356636,FedTROS-PR
0.9502,0.3313110181311018,FedTROS-PR
0.9502,0.3313341237185299,FedTROS-PR
0.9502,0.33135723252894406,FedTROS-PR
0.9502,0.3313649361820845,FedTROS-PR
0.9502,0.33140345982142855,FedTROS-PR
0.9501333333333334,0.3314341526941234,FedTROS-PR
0.9500666666666666,0.3314186046511628,FedTROS-PR
0.9499333333333333,0.33145688431924447,FedTROS-PR
0.9499333333333333,0.33146459477063367,FedTROS-PR
0.9499333333333333,0.33150315240909195,FedTROS-PR
0.9499333333333333,0.3315494334178747,FedTROS-PR
0.9499333333333333,0.33165747270907525,FedTROS-PR
0.9499333333333333,0.3316806331471136,FedTROS-PR
0.9498666666666666,0.3317345750873108,FedTROS-PR
0.9498,0.33181172415399307,FedTROS-PR
0.9496666666666667,0.3319042848155828,FedTROS-PR
0.9496666666666667,0.3319197520795955,FedTROS-PR
0.9496666666666667,0.33192748625221363,FedTROS-PR
0.9494666666666667,0.3319426640251719,FedTROS-PR
0.9494666666666667,0.3319504008950214,FedTROS-PR
0.9494666666666667,0.331958138125539,FedTROS-PR
0.9493333333333334,0.33193473193473194,FedTROS-PR
0.9493333333333334,0.3319656844461022,FedTROS-PR
0.9493333333333334,0.33201986523350974,FedTROS-PR
0.9493333333333334,0.3320663199869412,FedTROS-PR
0.9492666666666667,0.33211270233708073,FedTROS-PR
0.9490666666666666,0.33216668999953336,FedTROS-PR
0.9490666666666666,0.3323295282115928,FedTROS-PR
0.9490666666666666,0.332430412852606,FedTROS-PR
0.9490666666666666,0.3325857396505,FedTROS-PR
0.9490666666666666,0.33260905119039275,FedTROS-PR
0.949,0.33270228579441874,FedTROS-PR
0.949,0.33273339254826795,FedTROS-PR
0.9489333333333333,0.33281893004115226,FedTROS-PR
0.9489333333333333,0.33285006079880275,FedTROS-PR
0.9489333333333333,0.3328656283616295,FedTROS-PR
0.9489333333333333,0.3328967678563076,FedTROS-PR
0.9489333333333333,0.3329357004186841,FedTROS-PR
0.9486,0.33341925203861655,FedTROS-PR
0.9485333333333333,0.3335521380345086,FedTROS-PR
0.9485333333333333,0.33357559843387335,FedTROS-PR
0.9485333333333333,0.33362252913452295,FedTROS-PR
0.9484666666666667,0.33364602143476935,FedTROS-PR
0.9484666666666667,0.3336851487006286,FedTROS-PR
0.9484666666666667,0.3337164571214111,FedTROS-PR
0.9484666666666667,0.33373994229280535,FedTROS-PR
0.9483333333333334,0.33377132264952253,FedTROS-PR
0.9482666666666667,0.3339515882891555,FedTROS-PR
0.9482,0.3340143722699732,FedTROS-PR
0.9482,0.3341163757664028,FedTROS-PR
0.9481333333333334,0.3341085817652172,FedTROS-PR
0.9481333333333334,0.33415568243227367,FedTROS-PR
0.9480666666666666,0.334147888813177,FedTROS-PR
0.948,0.3342107737143932,FedTROS-PR
0.948,0.33424219631440394,FedTROS-PR
0.948,0.3343443605840446,FedTROS-PR
0.9479333333333333,0.33436801881246325,FedTROS-PR
0.9479333333333333,0.3345725781783101,FedTROS-PR
0.9479333333333333,0.3346119452157952,FedTROS-PR
0.9478666666666666,0.3346750464891839,FedTROS-PR
0.9478,0.3347224184206809,FedTROS-PR
0.9478,0.33473818044829534,FedTROS-PR
0.9478,0.3347460620187893,FedTROS-PR
0.9476,0.3347778981581798,FedTROS-PR
0.9474,0.33491233031674206,FedTROS-PR
0.9474,0.33497548557420326,FedTROS-PR
0.9474,0.33505446314896026,FedTROS-PR
0.9474,0.33515718968892244,FedTROS-PR
0.9474,0.33516509433962266,FedTROS-PR
0.9474,0.3351729993631925,FedTROS-PR
0.9472,0.3352682995894096,FedTROS-PR
0.9472,0.33533951709976634,FedTROS-PR
0.9472,0.3355058090110513,FedTROS-PR
0.9472,0.3355771274711259,FedTROS-PR
0.9472,0.3356564057738194,FedTROS-PR
0.9472,0.3357198553909407,FedTROS-PR
0.947,0.3357441679075374,FedTROS-PR
0.947,0.33583148139391933,FedTROS-PR
0.947,0.33595856392791257,FedTROS-PR
0.947,0.3359824026112254,FedTROS-PR
0.9469333333333333,0.33603028152353914,FedTROS-PR
0.9469333333333333,0.3360541320652045,FedTROS-PR
0.9469333333333333,0.3360700343073465,FedTROS-PR
0.9469333333333333,0.3361336583287976,FedTROS-PR
0.9468666666666666,0.33615772407753663,FedTROS-PR
0.9467333333333333,0.33630938284469286,FedTROS-PR
0.9466,0.3364054207733131,FedTROS-PR
0.9464666666666667,0.3364138290561835,FedTROS-PR
0.9464666666666667,0.33645369229310834,FedTROS-PR
0.9464666666666667,0.336501540649443,FedTROS-PR
0.9464666666666667,0.3365334471151567,FedTROS-PR
0.9463333333333334,0.336517946043336,FedTROS-PR
0.9463333333333334,0.3365259239942154,FedTROS-PR
0.9463333333333334,0.33660572431291647,FedTROS-PR
0.9463333333333334,0.3366616070581539,FedTROS-PR
0.9462666666666667,0.3366937875085988,FedTROS-PR
0.9460666666666666,0.33684635286857034,FedTROS-PR
0.946,0.3368545994065282,FedTROS-PR
0.9459333333333333,0.3368388567087646,FedTROS-PR
0.9459333333333333,0.33684685326306296,FedTROS-PR
0.9458666666666666,0.3369591032156937,FedTROS-PR
0.9456666666666667,0.33714407947901315,FedTROS-PR
0.9456,0.33713633770678836,FedTROS-PR
0.9455333333333333,0.3372889417360285,FedTROS-PR
0.9455333333333333,0.33734509906524274,FedTROS-PR
0.9454,0.3373456716701953,FedTROS-PR
0.9452666666666667,0.33749880986384845,FedTROS-PR
0.9452666666666667,0.33752291175700444,FedTROS-PR
0.9452666666666667,0.3375470170927963,FedTROS-PR
0.9452666666666667,0.3376434728770777,FedTROS-PR
0.9452666666666667,0.3376515133474627,FedTROS-PR
0.9452666666666667,0.3376595542008001,FedTROS-PR
0.9452666666666667,0.337675637056442,FedTROS-PR
0.9452666666666667,0.3378445995854083,FedTROS-PR
0.9452,0.3378851790948738,FedTROS-PR
0.9452,0.3379657219136612,FedTROS-PR
0.9451333333333334,0.33806276230446397,FedTROS-PR
0.9449333333333333,0.33812829504520625,FedTROS-PR
0.9448666666666666,0.3382739032889398,FedTROS-PR
0.9448,0.3383065574944499,FedTROS-PR
0.9448,0.33832271001933684,FedTROS-PR
0.9447333333333333,0.33837961746937606,FedTROS-PR
0.9446666666666667,0.33854975510691676,FedTROS-PR
0.9446666666666667,0.33856593314696676,FedTROS-PR
0.9445333333333333,0.33861523386152337,FedTROS-PR
0.9444666666666667,0.3387046644511918,FedTROS-PR
0.9444,0.33894817437909747,FedTROS-PR
0.9444,0.33896439509954057,FedTROS-PR
0.9442666666666667,0.3390382267754985,FedTROS-PR
0.9442666666666667,0.33913563988985995,FedTROS-PR
0.9441333333333334,0.33916083916083917,FedTROS-PR
0.9440666666666667,0.33919375314378786,FedTROS-PR
0.9440666666666667,0.3393725884918638,FedTROS-PR
0.944,0.33946251768033947,FedTROS-PR
0.9439333333333333,0.3394792365972955,FedTROS-PR
0.9438,0.3396756082345602,FedTROS-PR
0.9438,0.33989580082110876,FedTROS-PR
0.9438,0.33992028428736076,FedTROS-PR
0.9436666666666667,0.33993756003842457,FedTROS-PR
0.9436666666666667,0.3402317084895683,FedTROS-PR
0.9436666666666667,0.3402398865466433,FedTROS-PR
0.9436,0.34031401024260055,FedTROS-PR
0.9434666666666667,0.3403804988334897,FedTROS-PR
0.9434,0.3404547094911584,FedTROS-PR
0.9434,0.34055302866219045,FedTROS-PR
0.9434,0.3406432044677676,FedTROS-PR
0.9434,0.3406514046363833,FedTROS-PR
0.9434,0.34070881687292337,FedTROS-PR
0.9434,0.3407334280417038,FedTROS-PR
0.9434,0.34074983746297766,FedTROS-PR
0.9432,0.3408663807642269,FedTROS-PR
0.9429333333333333,0.34090142202940465,FedTROS-PR
0.9429333333333333,0.34093429108614953,FedTROS-PR
0.9429333333333333,0.3409589470385459,FedTROS-PR
0.9426,0.34118385174102944,FedTROS-PR
0.9426,0.34127443881245473,FedTROS-PR
0.9426,0.3412826763861064,FedTROS-PR
0.9426,0.34138980104307515,FedTROS-PR
0.9426,0.3414392658778073,FedTROS-PR
0.9426,0.3414475114105629,FedTROS-PR
0.9425333333333333,0.3414398531649238,FedTROS-PR
0.9424666666666667,0.3414981761963427,FedTROS-PR
0.9422666666666667,0.3415742284733802,FedTROS-PR
0.9422666666666667,0.34160725075528703,FedTROS-PR
0.9421333333333334,0.34165800352972464,FedTROS-PR
0.9420666666666667,0.34171644137063817,FedTROS-PR
0.9420666666666667,0.34175776337428654,FedTROS-PR
0.9420666666666667,0.34176602897429076,FedTROS-PR
0.9420666666666667,0.34179082817337464,FedTROS-PR
0.9420666666666667,0.34193969897885107,FedTROS-PR
0.9420666666666667,0.3420141830239369,FedTROS-PR
0.9420666666666667,0.342039018250472,FedTROS-PR
0.9420666666666667,0.34207213749697407,FedTROS-PR
0.9419333333333333,0.34211482118211095,FedTROS-PR
0.9419333333333333,0.3422308344435025,FedTROS-PR
0.9418,0.34237312781736223,FedTROS-PR
0.9418,0.34241462054924016,FedTROS-PR
0.9418,0.3424478219765835,FedTROS-PR
0.9418,0.34247272727272726,FedTROS-PR
0.9417333333333333,0.3425315227934045,FedTROS-PR
0.9417333333333333,0.34272266297886794,FedTROS-PR
0.9417333333333333,0.3427808784275661,FedTROS-PR
0.9417333333333333,0.3427975150456222,FedTROS-PR
0.9417333333333333,0.34293066614876677,FedTROS-PR
0.9417333333333333,0.3430139381283085,FedTROS-PR
0.9417333333333333,0.34303059737736763,FedTROS-PR
0.9417333333333333,0.3431222521800384,FedTROS-PR
0.9417333333333333,0.34327233846079075,FedTROS-PR
0.9417333333333333,0.34330570880015554,FedTROS-PR
0.9417333333333333,0.3433307408127552,FedTROS-PR
0.9416666666666667,0.34335650736545287,FedTROS-PR
0.9416,0.34345743258030786,FedTROS-PR
0.9414,0.34389459841215725,FedTROS-PR
0.9413333333333334,0.34388699464198735,FedTROS-PR
0.9413333333333334,0.34395400954886485,FedTROS-PR
0.9412666666666667,0.34397154481448095,FedTROS-PR
0.9412666666666667,0.3440050678556636,FedTROS-PR
0.9412666666666667,0.34401344963695724,FedTROS-PR
0.9412,0.3441484045535431,FedTROS-PR
0.9412,0.3441735738664066,FedTROS-PR
0.9410666666666667,0.3442339112834394,FedTROS-PR
0.9410666666666667,0.34429268292682924,FedTROS-PR
0.9410666666666667,0.34435987509758004,FedTROS-PR
0.9410666666666667,0.34439348101883477,FedTROS-PR
0.9410666666666667,0.3444018835240442,FedTROS-PR
0.9409333333333333,0.34452119999023606,FedTROS-PR
0.9409333333333333,0.3445296099204218,FedTROS-PR
0.9408666666666666,0.3445556640625,FedTROS-PR
0.9408666666666666,0.34459772921499204,FedTROS-PR
0.9408,0.34462380033700457,FedTROS-PR
0.9408,0.34465746733422886,FedTROS-PR
0.9407333333333333,0.3446751343429409,FedTROS-PR
0.9405333333333333,0.34479556174695114,FedTROS-PR
0.9404666666666667,0.34482168609909314,FedTROS-PR
0.9404666666666667,0.34484697369707634,FedTROS-PR
0.9403333333333334,0.34486552567237166,FedTROS-PR
0.9403333333333334,0.34490769042670255,FedTROS-PR
0.9403333333333334,0.3449329942287,FedTROS-PR
0.9403333333333334,0.3449414296544472,FedTROS-PR
0.9402666666666667,0.344959154722888,FedTROS-PR
0.9402666666666667,0.34498446787173154,FedTROS-PR
0.9402666666666667,0.345001345368264,FedTROS-PR
0.9402666666666667,0.34506887187140656,FedTROS-PR
0.9402666666666667,0.34513642481341,FedTROS-PR
0.9402666666666667,0.34522935330689775,FedTROS-PR
0.9400666666666667,0.3453841820363975,FedTROS-PR
0.94,0.3453681477489835,FedTROS-PR
0.94,0.34540198912351183,FedTROS-PR
0.9399333333333333,0.34545365447283954,FedTROS-PR
0.9399333333333333,0.3454790492526342,FedTROS-PR
0.9397333333333333,0.34554948152869364,FedTROS-PR
0.9397333333333333,0.34557489580779605,FedTROS-PR
0.9397333333333333,0.34566811348978643,FedTROS-PR
0.9396,0.34576321083361955,FedTROS-PR
0.9392,0.3457687021401924,FedTROS-PR
0.9391333333333334,0.3457696178297047,FedTROS-PR
0.939,0.34582238699698004,FedTROS-PR
0.939,0.34589032685837773,FedTROS-PR
0.9388666666666666,0.34591766555315384,FedTROS-PR
0.9388666666666666,0.3459601542732208,FedTROS-PR
0.9388,0.3461737014184223,FedTROS-PR
0.9388,0.3461907220296482,FedTROS-PR
0.9387333333333333,0.34632790594716906,FedTROS-PR
0.9386,0.3466453280807583,FedTROS-PR
0.9384,0.34673366834170855,FedTROS-PR
0.9383333333333334,0.3468371898178951,FedTROS-PR
0.9383333333333334,0.3471280242681333,FedTROS-PR
0.9383333333333334,0.34719652680135177,FedTROS-PR
0.9382,0.34717288336293667,FedTROS-PR
0.9381333333333334,0.34718247310766803,FedTROS-PR
0.9381333333333334,0.3471996052306933,FedTROS-PR
0.9379333333333333,0.3472712462666305,FedTROS-PR
0.9378666666666666,0.3472722784497655,FedTROS-PR
0.9378666666666666,0.3473666016444851,FedTROS-PR
0.9378666666666666,0.34742665217820806,FedTROS-PR
0.9377333333333333,0.3474974059983201,FedTROS-PR
0.9377333333333333,0.34759186497640054,FedTROS-PR
0.9376,0.34769710005191723,FedTROS-PR
0.9374666666666667,0.3478196344208365,FedTROS-PR
0.9373333333333334,0.3478734196006631,FedTROS-PR
0.9373333333333334,0.3479164604572899,FedTROS-PR
0.9373333333333334,0.3479422900838922,FedTROS-PR
0.9373333333333334,0.3480025741299936,FedTROS-PR
0.9373333333333334,0.3480111878418851,FedTROS-PR
0.9372,0.3480823037115904,FedTROS-PR
0.937,0.34822357663148507,FedTROS-PR
0.9369333333333333,0.3483800599885972,FedTROS-PR
0.9368666666666666,0.3484416453844437,FedTROS-PR
0.9366666666666666,0.34863523573200994,FedTROS-PR
0.9366666666666666,0.34869580324125776,FedTROS-PR
0.9365333333333333,0.3487673477494476,FedTROS-PR
0.9361333333333334,0.34886089786589153,FedTROS-PR
0.936,0.3491668739119622,FedTROS-PR
0.9359333333333333,0.3492114820158201,FedTROS-PR
0.9358666666666666,0.3492039800995025,FedTROS-PR
0.9358,0.3494224833217166,FedTROS-PR
0.9358,0.34948338105315574,FedTROS-PR
0.9358,0.3495094865793536,FedTROS-PR
0.9358,0.3496313639533725,FedTROS-PR
0.9358,0.3496574915929755,FedTROS-PR
0.9357333333333333,0.3496500012455472,FedTROS-PR
0.9356666666666666,0.34963380000996463,FedTROS-PR
0.9356666666666666,0.3496512207274539,FedTROS-PR
0.9356666666666666,0.350017457229787,FedTROS-PR
0.9354,0.350136001796721,FedTROS-PR
0.9352,0.35014851608716274,FedTROS-PR
0.9351333333333334,0.3501322949428386,FedTROS-PR
0.9351333333333334,0.3501497753369945,FedTROS-PR
0.935,0.3501610366264699,FedTROS-PR
0.935,0.3502397362900809,FedTROS-PR
0.935,0.35030097160126883,FedTROS-PR
0.9349333333333333,0.3503459991506158,FedTROS-PR
0.9349333333333333,0.3505036115068356,FedTROS-PR
0.9349333333333333,0.3505123719070232,FedTROS-PR
0.9347333333333333,0.350525,FedTROS-PR
0.9347333333333333,0.3505337633440836,FedTROS-PR
0.9346,0.35061524609843936,FedTROS-PR
0.9346,0.3507556044835869,FedTROS-PR
0.9345333333333333,0.35088861076345434,FedTROS-PR
0.9345333333333333,0.35090617803144086,FedTROS-PR
0.9345333333333333,0.35095889039106704,FedTROS-PR
0.9345333333333333,0.3509852525100779,FedTROS-PR
0.9345333333333333,0.3509940407631829,FedTROS-PR
0.9344666666666667,0.35097779001928037,FedTROS-PR
0.9344,0.3511285918280432,FedTROS-PR
0.9338666666666666,0.3511657056906493,FedTROS-PR
0.9338,0.35115824308062576,FedTROS-PR
0.9338,0.3512374934175882,FedTROS-PR
0.9338,0.3512639181462534,FedTROS-PR
0.9338,0.351369656833233,FedTROS-PR
0.9338,0.35138728613717324,FedTROS-PR
0.9338,0.35144018466479326,FedTROS-PR
0.9338,0.35156367652226295,FedTROS-PR
0.9338,0.3515901503551796,FedTROS-PR
0.9338,0.35162545500188275,FedTROS-PR
0.9338,0.3518020846414668,FedTROS-PR
0.9337333333333333,0.3518830238926714,FedTROS-PR
0.9336666666666666,0.3520701877875261,FedTROS-PR
0.9336666666666666,0.3521410072666013,FedTROS-PR
0.9336,0.35216899283289327,FedTROS-PR
0.9335333333333333,0.35228559209036703,FedTROS-PR
0.9335333333333333,0.3525073003725707,FedTROS-PR
0.9335333333333333,0.3525339241207422,FedTROS-PR
0.9335333333333333,0.35256942870810987,FedTROS-PR
0.9335333333333333,0.3525871836837467,FedTROS-PR
0.9335333333333333,0.3526315789473684,FedTROS-PR
0.9335333333333333,0.35270263462797846,FedTROS-PR
0.9334666666666667,0.3528107440723663,FedTROS-PR
0.9333333333333333,0.35289372857430934,FedTROS-PR
0.9331333333333334,0.35329900550254933,FedTROS-PR
0.9331333333333334,0.35334359932345444,FedTROS-PR
0.9331333333333334,0.3534238965761034,FedTROS-PR
0.9331333333333334,0.3534328207459031,FedTROS-PR
0.9327333333333333,0.3535580713635904,FedTROS-PR
0.9327333333333333,0.3536563787568565,FedTROS-PR
0.9327333333333333,0.35367425870219166,FedTROS-PR
0.9326666666666666,0.35374734499848287,FedTROS-PR
0.9326666666666666,0.3538457647267117,FedTROS-PR
0.9326,0.3538473212930642,FedTROS-PR
0.9324666666666667,0.35385043513458814,FedTROS-PR
0.9322666666666667,0.35411496581413016,FedTROS-PR
0.9322666666666667,0.35415083827179256,FedTROS-PR
0.932,0.3542110063849194,FedTROS-PR
0.932,0.35421998125015836,FedTROS-PR
0.932,0.35427383999391804,FedTROS-PR
0.932,0.3543007755081352,FedTROS-PR
0.932,0.3543456771348186,FedTROS-PR
0.932,0.35436364097234546,FedTROS-PR
0.9318,0.3544313427158615,FedTROS-PR
0.9318,0.35453023538961037,FedTROS-PR
0.9317333333333333,0.35463980309066456,FedTROS-PR
0.9315333333333333,0.3547166937449228,FedTROS-PR
0.9315333333333333,0.35478874669916716,FedTROS-PR
0.9315333333333333,0.3548698412698413,FedTROS-PR
0.9315333333333333,0.3548968810322056,FedTROS-PR
0.9314666666666667,0.3550518398048384,FedTROS-PR
0.9314,0.3551166692084795,FedTROS-PR
0.9312666666666667,0.35511096423214783,FedTROS-PR
0.9312666666666667,0.3551290199567815,FedTROS-PR
0.9312666666666667,0.3551380485076524,FedTROS-PR
0.9312,0.3552119624647153,FedTROS-PR
0.9312,0.3552390640895219,FedTROS-PR
0.931,0.3554249064671299,FedTROS-PR
0.931,0.35546109400056,FedTROS-PR
0.9309333333333333,0.355589508530685,FedTROS-PR
0.9308666666666666,0.35570897233402965,FedTROS-PR
0.9308,0.3558013302413292,FedTROS-PR
0.9307333333333333,0.35582118462636353,FedTROS-PR
0.9307333333333333,0.3558483929345194,FedTROS-PR
0.9307333333333333,0.3559481923410331,FedTROS-PR
0.9306666666666666,0.3559680750694852,FedTROS-PR
0.9306,0.3560606060606061,FedTROS-PR
0.9306,0.3560696885442441,FedTROS-PR
0.9304,0.3562476068921506,FedTROS-PR
0.9304,0.35626579531820385,FedTROS-PR
0.9304,0.3563021777426026,FedTROS-PR
0.9303333333333333,0.35629484004391454,FedTROS-PR
0.9302666666666667,0.35632389366972245,FedTROS-PR
0.9302666666666667,0.3563693942179998,FedTROS-PR
0.9302,0.3564075710746124,FedTROS-PR
0.9302,0.3564530962599632,FedTROS-PR
0.9301333333333334,0.3565550728341426,FedTROS-PR
0.9300666666666667,0.35660242318899854,FedTROS-PR
0.93,0.356759245051404,FedTROS-PR
0.93,0.35681399631675875,FedTROS-PR
0.93,0.35686876438986953,FedTROS-PR
0.93,0.356996621967448,FedTROS-PR
0.93,0.3570788645148079,FedTROS-PR
0.9299333333333333,0.35715383039737814,FedTROS-PR
0.9299333333333333,0.3571812664840089,FedTROS-PR
0.9299333333333333,0.3572819015419292,FedTROS-PR
0.9299333333333333,0.3573551263001486,FedTROS-PR
0.9298,0.3574229261167064,FedTROS-PR
0.9297333333333333,0.3575989127926357,FedTROS-PR
0.9297333333333333,0.35761725260917504,FedTROS-PR
0.9297333333333333,0.35769980506822613,FedTROS-PR
0.9295333333333333,0.35783395354805597,FedTROS-PR
0.9294666666666667,0.35790932895209737,FedTROS-PR
0.9292666666666667,0.35797015845296487,FedTROS-PR
0.9292,0.3579996404078802,FedTROS-PR
0.929,0.3580513373930471,FedTROS-PR
0.9289333333333334,0.35809004934210525,FedTROS-PR
0.9288,0.3581306873682587,FedTROS-PR
0.9288,0.3581398935760006,FedTROS-PR
0.9282666666666667,0.3584410235288061,FedTROS-PR
0.9282666666666667,0.35848716562395405,FedTROS-PR
0.9282,0.3587200164893206,FedTROS-PR
0.9280666666666667,0.3588164033301544,FedTROS-PR
0.9280666666666667,0.3588349014048202,FedTROS-PR
0.9279333333333334,0.3589036150791604,FedTROS-PR
0.9278666666666666,0.3589518749677619,FedTROS-PR
0.9278,0.3589445991952956,FedTROS-PR
0.9278,0.358981634337598,FedTROS-PR
0.9276,0.3589505456234038,FedTROS-PR
0.9276,0.35903390617742686,FedTROS-PR
0.9273333333333333,0.3592365899641022,FedTROS-PR
0.9273333333333333,0.35943152454780364,FedTROS-PR
0.9272,0.35944486082753985,FedTROS-PR
0.927,0.35945093578740567,FedTROS-PR
0.9269333333333334,0.3595087265675501,FedTROS-PR
0.9269333333333334,0.35952731880123084,FedTROS-PR
0.9269333333333334,0.3596203088223883,FedTROS-PR
0.9268666666666666,0.35965956125827814,FedTROS-PR
0.9266666666666666,0.3597215392976372,FedTROS-PR
0.9266666666666666,0.359740158906804,FedTROS-PR
0.9266,0.3598819295202092,FedTROS-PR
0.9265333333333333,0.3598746730883762,FedTROS-PR
0.9264666666666667,0.35987673503211104,FedTROS-PR
0.9262,0.36014620489423477,FedTROS-PR
0.9262,0.3601555411535969,FedTROS-PR
0.9261333333333334,0.3603070857972819,FedTROS-PR
0.9260666666666667,0.36042136945071485,FedTROS-PR
0.9260666666666667,0.3604494265400384,FedTROS-PR
0.9259333333333334,0.3605097855993355,FedTROS-PR
0.9259333333333334,0.3605285017132177,FedTROS-PR
0.9259333333333334,0.3605753005010514,FedTROS-PR
0.9259333333333334,0.3606314750863345,FedTROS-PR
0.9259333333333334,0.36064083921894474,FedTROS-PR
0.9258666666666666,0.3606804311128425,FedTROS-PR
0.9258666666666666,0.36072727272727273,FedTROS-PR
0.9258666666666666,0.3607834987270743,FedTROS-PR
0.9257333333333333,0.36078777800873,FedTROS-PR
0.9257333333333333,0.3607971522851872,FedTROS-PR
0.9257333333333333,0.3608346542629213,FedTROS-PR
0.9253333333333333,0.36100707449022057,FedTROS-PR
0.9251333333333334,0.36103233863204726,FedTROS-PR
0.9251333333333334,0.36108870443131846,FedTROS-PR
0.9249333333333334,0.3611986149800838,FedTROS-PR
0.9249333333333334,0.36125504491602656,FedTROS-PR
0.9249333333333334,0.3613114924867835,FedTROS-PR
0.9249333333333334,0.3613679577006225,FedTROS-PR
0.9249333333333334,0.3613773702854761,FedTROS-PR
0.9249333333333334,0.3613961969262829,FedTROS-PR
0.9249333333333334,0.3614809410906438,FedTROS-PR
0.9248666666666666,0.3614737226087183,FedTROS-PR
0.9248666666666666,0.36150198040441944,FedTROS-PR
0.9248666666666666,0.36152082138948244,FedTROS-PR
0.9248,0.36164554982011576,FedTROS-PR
0.9248,0.36175872320450636,FedTROS-PR
0.9248,0.36179646340827293,FedTROS-PR
0.9246666666666666,0.36188587679703604,FedTROS-PR
0.9246666666666666,0.3619519832985386,FedTROS-PR
0.9246666666666666,0.36198976928698195,FedTROS-PR
0.9246666666666666,0.36205591375394813,FedTROS-PR
0.9246666666666666,0.36212208239778604,FedTROS-PR
0.9246,0.3622662208755616,FedTROS-PR
0.9246,0.3622756837238461,FedTROS-PR
0.9245333333333333,0.3623347442127815,FedTROS-PR
0.9244666666666667,0.3625454260242098,FedTROS-PR
0.9244666666666667,0.36260230630442175,FedTROS-PR
0.9244666666666667,0.36261178808639716,FedTROS-PR
0.9242,0.36284876720933884,FedTROS-PR
0.9241333333333334,0.36285108499332513,FedTROS-PR
0.9240666666666667,0.36311005160715687,FedTROS-PR
0.9240666666666667,0.3631195640783821,FedTROS-PR
0.924,0.3631314189897296,FedTROS-PR
0.924,0.3631980294017452,FedTROS-PR
0.9238666666666666,0.3633932083387964,FedTROS-PR
0.9238666666666666,0.36340273771437565,FedTROS-PR
0.9238666666666666,0.36353620146904514,FedTROS-PR
0.9238666666666666,0.3635743519781719,FedTROS-PR
0.9238666666666666,0.36358389085661813,FedTROS-PR
0.9238,0.36375807213734446,FedTROS-PR
0.9237333333333333,0.3639228870095078,FedTROS-PR
0.9235333333333333,0.3640066216464777,FedTROS-PR
0.9232666666666667,0.3640162964909975,FedTROS-PR
0.9230666666666667,0.36429172805725113,FedTROS-PR
0.923,0.36439964204874453,FedTROS-PR
0.923,0.3644284172567187,FedTROS-PR
0.923,0.36449557708508845,FedTROS-PR
0.9228666666666666,0.36468294739060564,FedTROS-PR
0.9227333333333333,0.3649282851719047,FedTROS-PR
0.9226,0.3651258508785816,FedTROS-PR
0.9226,0.36517402432910256,FedTROS-PR
0.9226,0.36523184925180124,FedTROS-PR
0.9226,0.36530897764168624,FedTROS-PR
0.9226,0.36550194120909596,FedTROS-PR
0.9226,0.36552124877842634,FedTROS-PR
0.9226,0.3655888413377714,FedTROS-PR
0.9224666666666667,0.3656036145533332,FedTROS-PR
0.9221333333333334,0.36565507031828276,FedTROS-PR
0.9220666666666667,0.3659478767032676,FedTROS-PR
0.9220666666666667,0.3660447267434167,FedTROS-PR
0.9220666666666667,0.36610286137801423,FedTROS-PR
0.922,0.36639643935781274,FedTROS-PR
0.922,0.36642556235593354,FedTROS-PR
0.9217333333333333,0.36649436713055006,FedTROS-PR
0.9217333333333333,0.3666304261356103,FedTROS-PR
0.9216666666666666,0.3666330752095046,FedTROS-PR
0.9216666666666666,0.3669055201698514,FedTROS-PR
0.9216666666666666,0.36721738206544835,FedTROS-PR
0.9215333333333333,0.367213027654544,FedTROS-PR
0.9213333333333333,0.367338259528999,FedTROS-PR
0.9212,0.36743159518174806,FedTROS-PR
0.9211333333333334,0.3676494066308339,FedTROS-PR
0.9211333333333334,0.3676591894840478,FedTROS-PR
0.9211333333333334,0.3677766243445394,FedTROS-PR
0.9211333333333334,0.3677864139693356,FedTROS-PR
0.9211333333333334,0.3678255776807582,FedTROS-PR
0.9211333333333334,0.3678451626643949,FedTROS-PR
0.9211333333333334,0.3679137265344162,FedTROS-PR
0.9208,0.36806480839950967,FedTROS-PR
0.9208,0.36813347903728777,FedTROS-PR
0.9208,0.36833964478105496,FedTROS-PR
0.9208,0.36839859169956257,FedTROS-PR
0.9208,0.3684182448652974,FedTROS-PR
0.9207333333333333,0.3684800298818068,FedTROS-PR
0.9207333333333333,0.3684898612593383,FedTROS-PR
0.9207333333333333,0.3685390260173449,FedTROS-PR
0.9206,0.3685544998398633,FedTROS-PR
0.9204666666666667,0.36859949810454373,FedTROS-PR
0.9204666666666667,0.3687274669515289,FedTROS-PR
0.9204,0.36871060784104265,FedTROS-PR
0.9204,0.3687303028684365,FedTROS-PR
0.9203333333333333,0.3688513639885644,FedTROS-PR
0.9201333333333334,0.36910651726258925,FedTROS-PR
0.9200666666666667,0.3691390055366839,FedTROS-PR
0.9200666666666667,0.3691488792596159,FedTROS-PR
0.9199333333333334,0.3692435310802494,FedTROS-PR
0.9199333333333334,0.3693127074189059,FedTROS-PR
0.9198666666666667,0.36941447350807205,FedTROS-PR
0.9197333333333333,0.36940048732160546,FedTROS-PR
0.9197333333333333,0.3694202704511983,FedTROS-PR
0.9197333333333333,0.36946973754686663,FedTROS-PR
0.9196666666666666,0.3696112316801972,FedTROS-PR
0.9195333333333333,0.3696665951972556,FedTROS-PR
0.9195333333333333,0.3697161390623743,FedTROS-PR
0.9195333333333333,0.3698450152839599,FedTROS-PR
0.9195333333333333,0.36986485037005257,FedTROS-PR
0.9194666666666667,0.36999678077046894,FedTROS-PR
0.9194666666666667,0.37002656078126256,FedTROS-PR
0.9192,0.370048309178744,FedTROS-PR
0.9192,0.3701675257731959,FedTROS-PR
0.9189333333333334,0.3701694551118511,FedTROS-PR
0.9186666666666666,0.37025095383954,FedTROS-PR
0.9186666666666666,0.37031065247769535,FedTROS-PR
0.9186,0.3703036818059661,FedTROS-PR
0.9184666666666667,0.3703594182639318,FedTROS-PR
0.9184666666666667,0.37040920578587944,FedTROS-PR
0.9184,0.37044207808970636,FedTROS-PR
0.9184,0.3706214689265537,FedTROS-PR
0.9182666666666667,0.37074720068906114,FedTROS-PR
0.9182666666666667,0.370757180156658,FedTROS-PR
0.9182666666666667,0.3707971034000054,FedTROS-PR
0.9182666666666667,0.37081706824606275,FedTROS-PR
0.9182666666666667,0.37085700438868097,FedTROS-PR
0.9182666666666667,0.37110680030175663,FedTROS-PR
0.9182666666666667,0.37118680607955157,FedTROS-PR
0.9181333333333334,0.371272982153448,FedTROS-PR
0.9180666666666667,0.37133611972495617,FedTROS-PR
0.918,0.3714193235151319,FedTROS-PR
0.9178666666666667,0.37149564231941934,FedTROS-PR
0.9178666666666667,0.37159590834255485,FedTROS-PR
0.9178,0.371669231392241,FedTROS-PR
0.9176,0.3717186993626445,FedTROS-PR
0.9175333333333333,0.3717720151269584,FedTROS-PR
0.9175333333333333,0.3717820578621789,FedTROS-PR
0.9175333333333333,0.3718322796779597,FedTROS-PR
0.9174,0.37191891891891893,FedTROS-PR
0.9174,0.3719892952720785,FedTROS-PR
0.9173333333333333,0.3720125446090624,FedTROS-PR
0.9173333333333333,0.37203266100686744,FedTROS-PR
0.9172666666666667,0.3720458601481802,FedTROS-PR
0.9172666666666667,0.37228746144271874,FedTROS-PR
0.9171333333333334,0.3723441686740466,FedTROS-PR
0.9169333333333334,0.3724545060658579,FedTROS-PR
0.9167333333333333,0.37259524196607596,FedTROS-PR
0.9167333333333333,0.37268612624332603,FedTROS-PR
0.9167333333333333,0.37271643085596573,FedTROS-PR
0.9167333333333333,0.37281748183494196,FedTROS-PR
0.9166666666666666,0.3728611329555007,FedTROS-PR
0.9166666666666666,0.3730128587705496,FedTROS-PR
0.9166,0.37312744246634827,FedTROS-PR
0.9166,0.37322873120147676,FedTROS-PR
0.9166,0.37331993809226427,FedTROS-PR
0.9166,0.37333007494297815,FedTROS-PR
0.9165333333333333,0.3733130583539251,FedTROS-PR
0.9164666666666667,0.37340757843270406,FedTROS-PR
0.9164,0.37361382909328117,FedTROS-PR
0.9163333333333333,0.3736983768793671,FedTROS-PR
0.9163333333333333,0.3737390216711532,FedTROS-PR
0.9163333333333333,0.3737695110676021,FedTROS-PR
0.9163333333333333,0.37381017133532773,FedTROS-PR
0.9163333333333333,0.37399325206791467,FedTROS-PR
0.916,0.37426454565264766,FedTROS-PR
0.916,0.37430532853873816,FedTROS-PR
0.916,0.37440732464984466,FedTROS-PR
0.916,0.3744991686881627,FedTROS-PR
0.916,0.3745093763628434,FedTROS-PR
0.916,0.37477497135999127,FedTROS-PR
0.9159333333333334,0.37480903535573984,FedTROS-PR
0.9159333333333334,0.37487039563437924,FedTROS-PR
0.9157333333333333,0.37508533355178725,FedTROS-PR
0.9156666666666666,0.3751399776035834,FedTROS-PR
0.9156,0.3754100153072381,FedTROS-PR
0.9156,0.3754202771779242,FedTROS-PR
0.9155333333333333,0.37562910284463896,FedTROS-PR
0.9154666666666667,0.37563257378887766,FedTROS-PR
0.9153333333333333,0.37563951738666523,FedTROS-PR
0.9152666666666667,0.37572523262178437,FedTROS-PR
0.9152666666666667,0.3757560828748939,FedTROS-PR
0.9152,0.3757595664312695,FedTROS-PR
0.9152,0.37578013796123944,FedTROS-PR
0.9152,0.3758521560574949,FedTROS-PR
0.9151333333333334,0.37593799638494824,FedTROS-PR
0.9151333333333334,0.3760203802114721,FedTROS-PR
0.9150666666666667,0.376096010521701,FedTROS-PR
0.9150666666666667,0.3761269284520319,FedTROS-PR
0.915,0.376295443329495,FedTROS-PR
0.915,0.37634703446763,FedTROS-PR
0.9149333333333334,0.3763712154453708,FedTROS-PR
0.9149333333333334,0.3764125068568294,FedTROS-PR
0.9148666666666667,0.3766019923708115,FedTROS-PR
0.9148666666666667,0.37675708324181856,FedTROS-PR
0.9148666666666667,0.37678811674583346,FedTROS-PR
0.9148,0.37680204300189474,FedTROS-PR
0.9146,0.3771546391752577,FedTROS-PR
0.9146,0.37727910238429174,FedTROS-PR
0.9145333333333333,0.3772827282728273,FedTROS-PR
0.9145333333333333,0.37731385977940973,FedTROS-PR
0.9145333333333333,0.3773553764476109,FedTROS-PR
0.9144,0.37744571947494426,FedTROS-PR
0.9144,0.37753922378199833,FedTROS-PR
0.9143333333333333,0.3776780305116484,FedTROS-PR
0.9143333333333333,0.3777612515837603,FedTROS-PR
0.9141333333333334,0.37793886607315125,FedTROS-PR
0.9138666666666667,0.37812043141257273,FedTROS-PR
0.9138666666666667,0.3782560706401766,FedTROS-PR
0.9137333333333333,0.37840971838763116,FedTROS-PR
0.9137333333333333,0.3784201662111047,FedTROS-PR
0.9134,0.3786794173737597,FedTROS-PR
0.9132666666666667,0.3786660032617409,FedTROS-PR
0.9130666666666667,0.37871916823360247,FedTROS-PR
0.913,0.3787438811914046,FedTROS-PR
0.9128,0.37878662129637314,FedTROS-PR
0.9128,0.378839023850368,FedTROS-PR
0.9126,0.3788818156656518,FedTROS-PR
0.9125333333333333,0.37895902547065335,FedTROS-PR
0.9124666666666666,0.3790467750422332,FedTROS-PR
0.9124,0.379124075459154,FedTROS-PR
0.9124,0.3791660894860784,FedTROS-PR
0.9124,0.3795341098169717,FedTROS-PR
0.9120666666666667,0.37960599334073253,FedTROS-PR
0.9120666666666667,0.37964812964812966,FedTROS-PR
0.9116666666666666,0.3798505597066748,FedTROS-PR
0.9116,0.37987554172685856,FedTROS-PR
0.9115333333333333,0.37992164272416573,FedTROS-PR
0.9114,0.3799610894941634,FedTROS-PR
0.9114,0.38002446211152496,FedTROS-PR
0.9113333333333333,0.380038921323325,FedTROS-PR
0.9112,0.3800150137626157,FedTROS-PR
0.9110666666666667,0.38016023144542116,FedTROS-PR
0.911,0.38021702838063437,FedTROS-PR
0.911,0.3802276078911489,FedTROS-PR
0.911,0.3802699318213441,FedTROS-PR
0.911,0.38032284998608407,FedTROS-PR
0.9109333333333334,0.3803797115973498,FedTROS-PR
0.9109333333333334,0.3803903009381699,FedTROS-PR
0.9108666666666667,0.38041541374317855,FedTROS-PR
0.9108666666666667,0.3804789752158173,FedTROS-PR
0.9108,0.38055710306406687,FedTROS-PR
0.9108,0.3807904565471877,FedTROS-PR
0.9107333333333333,0.38096433252461026,FedTROS-PR
0.9107333333333333,0.38097495677394166,FedTROS-PR
0.9107333333333333,0.3809962070504239,FedTROS-PR
0.9107333333333333,0.3810812318678866,FedTROS-PR
0.9107333333333333,0.38112375850909497,FedTROS-PR
0.9104666666666666,0.38116103823611497,FedTROS-PR
0.9104666666666666,0.38117167657484163,FedTROS-PR
0.9104,0.3811969629298794,FedTROS-PR
0.9102666666666667,0.3813753421596559,FedTROS-PR
0.9102666666666667,0.3813859948046144,FedTROS-PR
0.9102666666666667,0.3814179563104084,FedTROS-PR
0.9101333333333333,0.38147930812865005,FedTROS-PR
0.9100666666666667,0.38149400553335383,FedTROS-PR
0.9098,0.3818624433376238,FedTROS-PR
0.9098,0.38187312869015305,FedTROS-PR
0.9098,0.38192656442404566,FedTROS-PR
0.9097333333333333,0.3819413345275414,FedTROS-PR
0.9096666666666666,0.38199888017917133,FedTROS-PR
0.9096666666666666,0.38200957473613484,FedTROS-PR
0.9096,0.38205645161290325,FedTROS-PR
0.9096,0.3822062860664463,FedTROS-PR
0.9095333333333333,0.3822425193320632,FedTROS-PR
0.9095333333333333,0.3822532291053767,FedTROS-PR
0.9095333333333333,0.3823389289017179,FedTROS-PR
0.9094666666666666,0.38247168330155884,FedTROS-PR
0.9094666666666666,0.38248240670647937,FedTROS-PR
0.9094666666666666,0.38251458052938536,FedTROS-PR
0.9094666666666666,0.3825682155977453,FedTROS-PR
0.9094,0.3825830879259571,FedTROS-PR
0.9089333333333334,0.383031324624245,FedTROS-PR
0.9088,0.3832227594737434,FedTROS-PR
0.9083333333333333,0.38357591284029163,FedTROS-PR
0.9082,0.38364921569179644,FedTROS-PR
0.9082,0.38377891089387833,FedTROS-PR
0.9081333333333333,0.3837723623045499,FedTROS-PR
0.9081333333333333,0.38379398754684024,FedTROS-PR
0.9081333333333333,0.38384806131650134,FedTROS-PR
0.9081333333333333,0.383902150325508,FedTROS-PR
0.9081333333333333,0.38409699703933453,FedTROS-PR
0.908,0.38437658745837333,FedTROS-PR
0.908,0.38438743544153753,FedTROS-PR
0.908,0.384419983065199,FedTROS-PR
0.9079333333333334,0.3844785726384733,FedTROS-PR
0.9077333333333333,0.3845675874145625,FedTROS-PR
0.9076666666666666,0.3847566834341265,FedTROS-PR
0.9076666666666666,0.38482193329564723,FedTROS-PR
0.9076666666666666,0.38487632508833924,FedTROS-PR
0.9076666666666666,0.3850178157344042,FedTROS-PR
0.9075333333333333,0.38502658671795453,FedTROS-PR
0.9073333333333333,0.3851160158460668,FedTROS-PR
0.9072666666666667,0.3851422102731003,FedTROS-PR
0.9072666666666667,0.38517491226084005,FedTROS-PR
0.9071333333333333,0.38521643122045124,FedTROS-PR
0.9071333333333333,0.3852273370703811,FedTROS-PR
0.9070666666666667,0.3852535606082057,FedTROS-PR
0.9070666666666667,0.3853845064438465,FedTROS-PR
0.907,0.38561832147614866,FedTROS-PR
0.9069333333333334,0.38568836470855067,FedTROS-PR
0.9069333333333334,0.3856992997079754,FedTROS-PR
0.9068666666666667,0.38571469078742165,FedTROS-PR
0.9068,0.38581761452276275,FedTROS-PR
0.9068,0.385861394003007,FedTROS-PR
0.9068,0.3858723404255319,FedTROS-PR
0.9064666666666666,0.3860261760781308,FedTROS-PR
0.9064666666666666,0.3860809813163723,FedTROS-PR
0.9063333333333333,0.38625451032758473,FedTROS-PR
0.9060666666666667,0.3864373045208985,FedTROS-PR
0.9060666666666667,0.38651423371157184,FedTROS-PR
0.9059333333333334,0.3866002844950213,FedTROS-PR
0.9057333333333333,0.3868671336636483,FedTROS-PR
0.9055333333333333,0.38691391784880075,FedTROS-PR
0.9054666666666666,0.38721633025430496,FedTROS-PR
0.9053333333333333,0.38723659072114974,FedTROS-PR
0.9050666666666667,0.387277135929254,FedTROS-PR
0.905,0.3872817528243752,FedTROS-PR
0.905,0.3873480568395823,FedTROS-PR
0.9048666666666667,0.38741258741258744,FedTROS-PR
0.9048666666666667,0.3875121338434306,FedTROS-PR
0.9048,0.38780466897162613,FedTROS-PR
0.9047333333333333,0.38779825689384195,FedTROS-PR
0.9047333333333333,0.3879645511720983,FedTROS-PR
0.9046666666666666,0.3880468973405776,FedTROS-PR
0.9046666666666666,0.38813569017790744,FedTROS-PR
0.9046666666666666,0.38816899796904947,FedTROS-PR
0.9046666666666666,0.3881912063392168,FedTROS-PR
0.9046666666666666,0.388213417250751,FedTROS-PR
0.9044666666666666,0.38834979247173324,FedTROS-PR
0.9044666666666666,0.38839426297558044,FedTROS-PR
0.9044,0.388376753507014,FedTROS-PR
0.9042666666666667,0.3884529469041755,FedTROS-PR
0.9042666666666667,0.388530835553264,FedTROS-PR
0.9042,0.3888586255339889,FedTROS-PR
0.904,0.38904030985511406,FedTROS-PR
0.9038666666666667,0.38907223003414926,FedTROS-PR
0.9038666666666667,0.38909456163007605,FedTROS-PR
0.9038,0.38911053069659307,FedTROS-PR
0.9036666666666666,0.3891871716098653,FedTROS-PR
0.9033333333333333,0.38936781609195403,FedTROS-PR
0.9031333333333333,0.389404696886947,FedTROS-PR
0.9031333333333333,0.3894606715731371,FedTROS-PR
0.9030666666666667,0.3895775214977999,FedTROS-PR
0.9026666666666666,0.3897973284200829,FedTROS-PR
0.9024666666666666,0.389969175813096,FedTROS-PR
0.9024666666666666,0.390081549145607,FedTROS-PR
0.9023333333333333,0.3902038227578055,FedTROS-PR
0.9023333333333333,0.39022632261784634,FedTROS-PR
0.9023333333333333,0.3902938377692552,FedTROS-PR
0.9023333333333333,0.3903050925658919,FedTROS-PR
0.9023333333333333,0.39033886085075703,FedTROS-PR
0.9022666666666667,0.39033253540218615,FedTROS-PR
0.9022,0.3904275575558248,FedTROS-PR
0.902,0.3905438171111881,FedTROS-PR
0.9019333333333334,0.3906728270285879,FedTROS-PR
0.9016666666666666,0.39134837962962965,FedTROS-PR
0.9014666666666666,0.39153347231873986,FedTROS-PR
0.9012666666666667,0.391616697082935,FedTROS-PR
0.9012,0.3916671495624964,FedTROS-PR
0.9010666666666667,0.39166594221797213,FedTROS-PR
0.9008,0.3918225315354502,FedTROS-PR
0.9008,0.3918338939798167,FedTROS-PR
0.9007333333333334,0.391918547311017,FedTROS-PR
0.9007333333333334,0.3919981431514202,FedTROS-PR
0.9006,0.3920538642365847,FedTROS-PR
0.9004666666666666,0.3921665408512862,FedTROS-PR
0.9002666666666667,0.39221609061864654,FedTROS-PR
0.9002,0.3923351831943516,FedTROS-PR
0.9001333333333333,0.39239733790578046,FedTROS-PR
0.9001333333333333,0.39243155263616813,FedTROS-PR
0.9000666666666667,0.3926764004420918,FedTROS-PR
0.8999333333333334,0.39270960609763195,FedTROS-PR
0.8997333333333334,0.3928280358598207,FedTROS-PR
0.8996,0.3930214947282577,FedTROS-PR
0.8996,0.393067288086222,FedTROS-PR
0.8993333333333333,0.3931798309530749,FedTROS-PR
0.8993333333333333,0.3932256748090713,FedTROS-PR
0.8992666666666667,0.3932423765378112,FedTROS-PR
0.8992666666666667,0.39335705120727865,FedTROS-PR
0.8992,0.393385248053198,FedTROS-PR
0.8992,0.3934311466324417,FedTROS-PR
0.8992,0.39358039101254744,FedTROS-PR
0.8991333333333333,0.39359715169555826,FedTROS-PR
0.8991333333333333,0.39382701629387373,FedTROS-PR
0.8990666666666667,0.39386682242990656,FedTROS-PR
0.8989333333333334,0.3940270594079659,FedTROS-PR
0.8989333333333334,0.3940500891317689,FedTROS-PR
0.8987333333333334,0.39431964431964434,FedTROS-PR
0.8986666666666666,0.39441729818298854,FedTROS-PR
0.8986666666666666,0.3944403803950256,FedTROS-PR
0.8986666666666666,0.3945211894169984,FedTROS-PR
0.8986,0.3947114117543706,FedTROS-PR
0.8985333333333333,0.39475148639545443,FedTROS-PR
0.8984666666666666,0.3948147063131683,FedTROS-PR
0.8984666666666666,0.39516199970678784,FedTROS-PR
0.8982666666666667,0.39528265907824095,FedTROS-PR
0.8982666666666667,0.3953290496728574,FedTROS-PR
0.8980666666666667,0.3955311527394445,FedTROS-PR
0.898,0.3955714789146012,FedTROS-PR
0.8979333333333334,0.39562343956528123,FedTROS-PR
0.8979333333333334,0.39568155111633374,FedTROS-PR
0.8978666666666667,0.395780069940345,FedTROS-PR
0.8978666666666667,0.39579170095215704,FedTROS-PR
0.8978666666666667,0.39580333264760337,FedTROS-PR
0.8978,0.39586701549134307,FedTROS-PR
0.8976666666666666,0.3960410600311774,FedTROS-PR
0.8976,0.3960931983996234,FedTROS-PR
0.8976,0.39613981405201837,FedTROS-PR
0.8976,0.3963030552775652,FedTROS-PR
0.8976,0.3963147205133488,FedTROS-PR
0.8976,0.39647810595129424,FedTROS-PR
0.8976,0.3964897814947877,FedTROS-PR
0.8976,0.3965014577259475,FedTROS-PR
0.8975333333333333,0.3965537555228277,FedTROS-PR
0.8975333333333333,0.3965771179450925,FedTROS-PR
0.8975333333333333,0.39665890810524146,FedTROS-PR
0.8975333333333333,0.3967875036840554,FedTROS-PR
0.8975333333333333,0.39679919832591587,FedTROS-PR
0.8975333333333333,0.39692788489887376,FedTROS-PR
0.8975333333333333,0.39693958781731875,FedTROS-PR
0.8972666666666667,0.39706750059004015,FedTROS-PR
0.8972666666666667,0.39707921522348427,FedTROS-PR
0.8971333333333333,0.39714909691889977,FedTROS-PR
0.8971333333333333,0.3972194344412303,FedTROS-PR
0.8971333333333333,0.3972428858188688,FedTROS-PR
0.897,0.39741847826086957,FedTROS-PR
0.8968666666666667,0.39772357723577234,FedTROS-PR
0.8968,0.39784691825387436,FedTROS-PR
0.8966666666666666,0.39794076747832774,FedTROS-PR
0.8963333333333333,0.39800479559515706,FedTROS-PR
0.8962666666666667,0.3980694637728363,FedTROS-PR
0.8960666666666667,0.3981928603169901,FedTROS-PR
0.8959333333333334,0.3982515928285672,FedTROS-PR
0.8959333333333334,0.39826339497392127,FedTROS-PR
0.8958,0.39832216754609595,FedTROS-PR
0.8957333333333334,0.39833975689297363,FedTROS-PR
0.8956666666666667,0.39839278830471786,FedTROS-PR
0.8956666666666667,0.39844004863726684,FedTROS-PR
0.8956,0.3984340243793932,FedTROS-PR
0.8955333333333333,0.39842799940679224,FedTROS-PR
0.8955333333333333,0.3984516358674695,FedTROS-PR
0.8954666666666666,0.3984928946509627,FedTROS-PR
0.8954666666666666,0.3986348122866894,FedTROS-PR
0.8954666666666666,0.398812351543943,FedTROS-PR
0.8954,0.3988418708240535,FedTROS-PR
0.8954,0.39885371503236916,FedTROS-PR
0.8952,0.3991083370485956,FedTROS-PR
0.8951333333333333,0.39914979636731174,FedTROS-PR
0.8951333333333333,0.39917352914944854,FedTROS-PR
0.8951333333333333,0.3991972647539765,FedTROS-PR
0.8950666666666667,0.3992624973979243,FedTROS-PR
0.8950666666666667,0.399333749739746,FedTROS-PR
0.8949333333333334,0.3992980160028555,FedTROS-PR
0.8948,0.39934543290687297,FedTROS-PR
0.8948,0.3994167361028449,FedTROS-PR
0.8948,0.39944050949348253,FedTROS-PR
0.8948,0.3994642857142857,FedTROS-PR
0.8948,0.3995951055405043,FedTROS-PR
0.8946666666666667,0.399833154570373,FedTROS-PR
0.8946,0.39985101311084625,FedTROS-PR
0.8944666666666666,0.4000775286259542,FedTROS-PR
0.8944666666666666,0.4001013896344009,FedTROS-PR
0.8944666666666666,0.4003282112486946,FedTROS-PR
0.8944666666666666,0.4003401563525691,FedTROS-PR
0.8944666666666666,0.40035210216930744,FedTROS-PR
0.8943333333333333,0.40049558156197756,FedTROS-PR
0.8942666666666667,0.4005853192378905,FedTROS-PR
0.8942,0.4006631418585895,FedTROS-PR
0.8942,0.4007349645962176,FedTROS-PR
0.8940666666666667,0.4008548541367767,FedTROS-PR
0.8940666666666667,0.40090278608154967,FedTROS-PR
0.8940666666666667,0.4009267563527653,FedTROS-PR
0.8940666666666667,0.40104665071770335,FedTROS-PR
0.8940666666666667,0.40114261785116057,FedTROS-PR
0.8940666666666667,0.401238630923887,FedTROS-PR
0.8940666666666667,0.40131067089592437,FedTROS-PR
0.894,0.4015090272163837,FedTROS-PR
0.8938666666666667,0.40159343457034175,FedTROS-PR
0.8937333333333334,0.40161773517076094,FedTROS-PR
0.8937333333333334,0.40165383347814365,FedTROS-PR
0.8936666666666667,0.4017081210668265,FedTROS-PR
0.8935333333333333,0.40179267342166797,FedTROS-PR
0.8935333333333333,0.4018047186497587,FedTROS-PR
0.8935333333333333,0.40185290678499686,FedTROS-PR
0.8934,0.4019616665166922,FedTROS-PR
0.8933333333333333,0.4019678425725942,FedTROS-PR
0.8933333333333333,0.4020522667946833,FedTROS-PR
0.8932666666666667,0.4021791331492376,FedTROS-PR
0.8932666666666667,0.4022032779011827,FedTROS-PR
0.8932666666666667,0.40221535136433223,FedTROS-PR
0.8932666666666667,0.4022878073678206,FedTROS-PR
0.8932,0.40231817908834305,FedTROS-PR
0.8932,0.402330260352542,FedTROS-PR
0.8932,0.40234234234234234,FedTROS-PR
0.8932,0.4024027631776543,FedTROS-PR
0.8930666666666667,0.4023789498978734,FedTROS-PR
0.893,0.4024818965776269,FedTROS-PR
0.8928666666666667,0.4025427549517598,FedTROS-PR
0.8928666666666667,0.40255485422302373,FedTROS-PR
0.8928,0.4025610965821986,FedTROS-PR
0.8927333333333334,0.40274895485578516,FedTROS-PR
0.8926,0.40283419081144506,FedTROS-PR
0.8926,0.40287055425166995,FedTROS-PR
0.8923333333333333,0.4030048474994731,FedTROS-PR
0.8922666666666667,0.40318110615736835,FedTROS-PR
0.8922666666666667,0.4032782933590454,FedTROS-PR
0.8921333333333333,0.40329094087155687,FedTROS-PR
0.8920666666666667,0.4033094219060823,FedTROS-PR
0.892,0.4033522247678765,FedTROS-PR
0.892,0.40343735866123925,FedTROS-PR
0.892,0.40349819059107356,FedTROS-PR
0.8917333333333334,0.4036819073487249,FedTROS-PR
0.8917333333333334,0.4036940906621597,FedTROS-PR
0.8917333333333334,0.40373064501524253,FedTROS-PR
0.8916666666666667,0.40400531625687186,FedTROS-PR
0.8914666666666666,0.40403674160019337,FedTROS-PR
0.8914,0.4041286344677507,FedTROS-PR
0.8910666666666667,0.40418518854516317,FedTROS-PR
0.8908,0.40443112685008625,FedTROS-PR
0.8908,0.40445561037624483,FedTROS-PR
0.8905333333333333,0.4047142943707205,FedTROS-PR
0.8905333333333333,0.4049105789633222,FedTROS-PR
0.8905333333333333,0.40502107273884963,FedTROS-PR
0.8905333333333333,0.4050702004427328,FedTROS-PR
0.8905333333333333,0.4052176550887305,FedTROS-PR
0.8904666666666666,0.4052856752738417,FedTROS-PR
0.8903333333333333,0.40531107738998484,FedTROS-PR
0.8902666666666667,0.40541607213333736,FedTROS-PR
0.8902666666666667,0.4055391903793009,FedTROS-PR
0.8898,0.40584425456867457,FedTROS-PR
0.8898,0.40588127964967763,FedTROS-PR
0.8897333333333334,0.4059743262152461,FedTROS-PR
0.8896,0.406012292338587,FedTROS-PR
0.8896,0.40606171261639584,FedTROS-PR
0.8893333333333333,0.4061624649859944,FedTROS-PR
0.8893333333333333,0.40622430646487406,FedTROS-PR
0.8893333333333333,0.4063356685957965,FedTROS-PR
0.8892666666666666,0.40634234014683035,FedTROS-PR
0.8892,0.4066463414634146,FedTROS-PR
0.889,0.4066664633588485,FedTROS-PR
0.8889333333333334,0.4066483684050015,FedTROS-PR
0.8889333333333334,0.4066855766004819,FedTROS-PR
0.8887333333333334,0.406742944317315,FedTROS-PR
0.8886,0.4067439731461703,FedTROS-PR
0.8886,0.406768798828125,FedTROS-PR
0.8885333333333333,0.40682518848630994,FedTROS-PR
0.888,0.4072149189850199,FedTROS-PR
0.888,0.40725227015623566,FedTROS-PR
0.8878,0.4072726160621445,FedTROS-PR
0.8877333333333334,0.40736661771904065,FedTROS-PR
0.8876666666666667,0.40747314624965575,FedTROS-PR
0.8876666666666667,0.4075604530149985,FedTROS-PR
0.8875333333333333,0.4077238760259708,FedTROS-PR
0.8872666666666666,0.4078261935404793,FedTROS-PR
0.8871333333333333,0.40791490405247993,FedTROS-PR
0.8870666666666667,0.4079843012203348,FedTROS-PR
0.887,0.4080912799435635,FedTROS-PR
0.8869333333333334,0.4081482390477359,FedTROS-PR
0.8868666666666667,0.4082803916152595,FedTROS-PR
0.8867333333333334,0.4083317983667956,FedTROS-PR
0.8867333333333334,0.40841956581815947,FedTROS-PR
0.8867333333333334,0.4084697355894727,FedTROS-PR
0.8866,0.4085839810746874,FedTROS-PR
0.8864666666666666,0.4086104111609612,FedTROS-PR
0.8864666666666666,0.4087108870719862,FedTROS-PR
0.8864666666666666,0.4087485782791799,FedTROS-PR
0.8863333333333333,0.40872479094933595,FedTROS-PR
0.8862666666666666,0.4087694483734088,FedTROS-PR
0.8862,0.4088015499584833,FedTROS-PR
0.8861333333333333,0.40882108694983543,FedTROS-PR
0.8861333333333333,0.40883366141732286,FedTROS-PR
0.8860666666666667,0.4091552764437877,FedTROS-PR
0.886,0.40922527404852815,FedTROS-PR
0.8859333333333334,0.4094718678745301,FedTROS-PR
0.8852666666666666,0.40959284392350404,FedTROS-PR
0.8852666666666666,0.40975715123275835,FedTROS-PR
0.8852666666666666,0.40992159041797865,FedTROS-PR
0.8852666666666666,0.41009882643607165,FedTROS-PR
0.8851333333333333,0.41030316140795453,FedTROS-PR
0.8850666666666667,0.41033566174197933,FedTROS-PR
0.8847333333333334,0.4108159980188212,FedTROS-PR
0.8845333333333333,0.4108757587018457,FedTROS-PR
0.8840666666666667,0.41114280399330316,FedTROS-PR
0.884,0.41136687969225044,FedTROS-PR
0.8839333333333333,0.41145073700543056,FedTROS-PR
0.8839333333333333,0.41160401080309195,FedTROS-PR
0.8839333333333333,0.4116806905331139,FedTROS-PR
0.8839333333333333,0.4117446121358922,FedTROS-PR
0.8838,0.4117720142879329,FedTROS-PR
0.8837333333333334,0.4118944784513563,FedTROS-PR
0.8836666666666667,0.41206826872260394,FedTROS-PR
0.8835333333333333,0.412082957619477,FedTROS-PR
0.8835333333333333,0.4121214005846135,FedTROS-PR
0.8835333333333333,0.4121470332130862,FedTROS-PR
0.8835333333333333,0.41231372305011976,FedTROS-PR
0.8833333333333333,0.41248988232364114,FedTROS-PR
0.8833333333333333,0.41251556662515565,FedTROS-PR
0.8833333333333333,0.4125540990752561,FedTROS-PR
0.8831333333333333,0.41264056318724107,FedTROS-PR
0.8828666666666667,0.41272166297877644,FedTROS-PR
0.8828666666666667,0.41292756696080574,FedTROS-PR
0.8828,0.4129350130971685,FedTROS-PR
0.8826666666666667,0.4130014348992451,FedTROS-PR
0.8826666666666667,0.4131689811202996,FedTROS-PR
0.8826666666666667,0.41337537856317713,FedTROS-PR
0.8826,0.4134732502576595,FedTROS-PR
0.8824,0.41343120412306733,FedTROS-PR
0.8822,0.4135570973185824,FedTROS-PR
0.8822,0.41358294786848354,FedTROS-PR
0.8821333333333333,0.4139916150428634,FedTROS-PR
0.882,0.41411042944785276,FedTROS-PR
0.8819333333333333,0.41411801533886367,FedTROS-PR
0.8819333333333333,0.41413097921362385,FedTROS-PR
0.8818,0.4143407574476083,FedTROS-PR
0.8818,0.41479553437029604,FedTROS-PR
0.8816666666666667,0.4153841321691061,FedTROS-PR
0.8815333333333333,0.41547791114183374,FedTROS-PR
0.8815333333333333,0.415490966221524,FedTROS-PR
0.8814666666666666,0.41552482715273414,FedTROS-PR
0.8813333333333333,0.4155533901235344,FedTROS-PR
0.8810666666666667,0.41555828066534606,FedTROS-PR
0.8810666666666667,0.4156105537909997,FedTROS-PR
0.8810666666666667,0.4156628400691933,FedTROS-PR
0.8810666666666667,0.41568898814204386,FedTROS-PR
0.8810666666666667,0.41575437271926513,FedTROS-PR
0.8809333333333333,0.4157437704505412,FedTROS-PR
0.8809333333333333,0.4157699326662891,FedTROS-PR
0.8808,0.41590329587307584,FedTROS-PR
0.8807333333333334,0.4159765735696968,FedTROS-PR
0.8806666666666667,0.41610230887957916,FedTROS-PR
0.8806,0.4161101310483871,FedTROS-PR
0.8805333333333333,0.4161048453153551,FedTROS-PR
0.8805333333333333,0.4161179546958193,FedTROS-PR
0.8800666666666667,0.4163565255787548,FedTROS-PR
0.88,0.41636438191969216,FedTROS-PR
0.8799333333333333,0.41637223974763404,FedTROS-PR
0.8796666666666667,0.4164168270899738,FedTROS-PR
0.8796666666666667,0.41660089034824616,FedTROS-PR
0.8796,0.41675352980195207,FedTROS-PR
0.8793333333333333,0.41699598495147167,FedTROS-PR
0.8793333333333333,0.41702235290398054,FedTROS-PR
0.8793333333333333,0.4170619110858155,FedTROS-PR
0.8792666666666666,0.4171226161485183,FedTROS-PR
0.8792666666666666,0.4172545793919453,FedTROS-PR
0.8792,0.4174606691779304,FedTROS-PR
0.8790666666666667,0.4176617782141839,FedTROS-PR
0.8790666666666667,0.41774116901631553,FedTROS-PR
0.8790666666666667,0.41778087573664535,FedTROS-PR
0.8790666666666667,0.4177941129875479,FedTROS-PR
0.8789333333333333,0.4178631422141929,FedTROS-PR
0.8787333333333334,0.4178872614292055,FedTROS-PR
0.8782666666666666,0.4186076070032729,FedTROS-PR
0.8782666666666666,0.4187406630431328,FedTROS-PR
0.8779333333333333,0.41888796997264455,FedTROS-PR
0.8779333333333333,0.4189945911549475,FedTROS-PR
0.8778666666666667,0.41898943617156675,FedTROS-PR
0.8775333333333334,0.41911038940363615,FedTROS-PR
0.8775333333333334,0.419150426697236,FedTROS-PR
0.8775333333333334,0.4192171725214179,FedTROS-PR
0.8775333333333334,0.4192305242372126,FedTROS-PR
0.8774666666666666,0.41933222887727795,FedTROS-PR
0.8774666666666666,0.4194658678054688,FedTROS-PR
0.8772666666666666,0.4195173271272356,FedTROS-PR
0.8772666666666666,0.41957083187195104,FedTROS-PR
0.8772,0.4196593736046437,FedTROS-PR
0.877,0.419670771390289,FedTROS-PR
0.8768666666666667,0.4198882681564246,FedTROS-PR
0.8768,0.42001724523360906,FedTROS-PR
0.8766,0.4201763916405701,FedTROS-PR
0.8764666666666666,0.4202736397928521,FedTROS-PR
0.8764,0.4202954153078841,FedTROS-PR
0.8762,0.4203607752830551,FedTROS-PR
0.876,0.4204261854482626,FedTROS-PR
0.8754666666666666,0.42042580438610533,FedTROS-PR
0.8754,0.42060924437041547,FedTROS-PR
0.8753333333333333,0.42060415799083833,FedTROS-PR
0.8752666666666666,0.420679932070877,FedTROS-PR
0.8750666666666667,0.42075907167585586,FedTROS-PR
0.8748666666666667,0.4207573182852929,FedTROS-PR
0.8747333333333334,0.4208281214920299,FedTROS-PR
0.8747333333333334,0.42086861688478316,FedTROS-PR
0.8746,0.4208989701305785,FedTROS-PR
0.8745333333333334,0.4208803901437372,FedTROS-PR
0.8745333333333334,0.4208938941829499,FedTROS-PR
0.8745333333333334,0.4209479190065141,FedTROS-PR
0.8744666666666666,0.42094284522319564,FedTROS-PR
0.8744666666666666,0.4209698642446805,FedTROS-PR
0.8744,0.42116755507032305,FedTROS-PR
0.8744,0.4211946050096339,FedTROS-PR
0.8744,0.42128930716602964,FedTROS-PR
0.8743333333333333,0.42139253927963244,FedTROS-PR
0.8743333333333333,0.42140607930081614,FedTROS-PR
0.874,0.42139436212272186,FedTROS-PR
0.8739333333333333,0.4214841489293293,FedTROS-PR
0.8738666666666667,0.4214655477315842,FedTROS-PR
0.8736666666666667,0.4215046154835805,FedTROS-PR
0.8736,0.4216487547461227,FedTROS-PR
0.8735333333333334,0.421643712189471,FedTROS-PR
0.8733333333333333,0.4216964429422179,FedTROS-PR
0.8733333333333333,0.4217643271088216,FedTROS-PR
0.8733333333333333,0.42187298724719824,FedTROS-PR
0.8732666666666666,0.42213986464711567,FedTROS-PR
0.873,0.4222286709228091,FedTROS-PR
0.8728666666666667,0.42249112616973217,FedTROS-PR
0.8728,0.42252702920768115,FedTROS-PR
0.8726,0.42260751646648587,FedTROS-PR
0.8725333333333334,0.4226980589736137,FedTROS-PR
0.8724666666666666,0.4227340267459138,FedTROS-PR
0.8724,0.4227563481294825,FedTROS-PR
0.8722666666666666,0.42278734610786184,FedTROS-PR
0.8721333333333333,0.42277736483211065,FedTROS-PR
0.8721333333333333,0.42280469280243044,FedTROS-PR
0.8720666666666667,0.4230321453980984,FedTROS-PR
0.8718666666666667,0.42375737152485254,FedTROS-PR
0.8717333333333334,0.42389859629785714,FedTROS-PR
0.8717333333333334,0.4239673172945983,FedTROS-PR
0.8716,0.42405371217281307,FedTROS-PR
0.8716,0.4240949785908914,FedTROS-PR
0.8713333333333333,0.4242266870070434,FedTROS-PR
0.8712666666666666,0.4242079979226175,FedTROS-PR
0.8712666666666666,0.4242906304785404,FedTROS-PR
0.8712,0.4245200272877887,FedTROS-PR
0.8709333333333333,0.4246521908724483,FedTROS-PR
0.8709333333333333,0.42466599486395995,FedTROS-PR
0.8709333333333333,0.4246936055394818,FedTROS-PR
0.8708666666666667,0.4247991935221619,FedTROS-PR
0.8707333333333334,0.4248308613062711,FedTROS-PR
0.8707333333333334,0.4249967460627359,FedTROS-PR
0.8707333333333334,0.4251489209335634,FedTROS-PR
0.8706666666666667,0.4255041866223569,FedTROS-PR
0.8706,0.42551319648093844,FedTROS-PR
0.8704,0.4257761544482129,FedTROS-PR
0.8704,0.42594284222889206,FedTROS-PR
0.8703333333333333,0.4261465643871389,FedTROS-PR
0.8702666666666666,0.42615565421781143,FedTROS-PR
0.87,0.42648452563809275,FedTROS-PR
0.8699333333333333,0.4266470492071277,FedTROS-PR
0.8698,0.4267909715407262,FedTROS-PR
0.8696666666666667,0.4268651832460733,FedTROS-PR
0.8696666666666667,0.42693503518245784,FedTROS-PR
0.8692,0.42719528178243776,FedTROS-PR
0.8692,0.42720927946525117,FedTROS-PR
0.8692,0.4274053433863301,FedTROS-PR
0.8692,0.4278401260090569,FedTROS-PR
0.869,0.4280225914493991,FedTROS-PR
0.8685333333333334,0.4282286428031424,FedTROS-PR
0.8685333333333334,0.4282567962920351,FedTROS-PR
0.8682666666666666,0.4287313187174929,FedTROS-PR
0.8680666666666667,0.4289008201851181,FedTROS-PR
0.868,0.4290091930541369,FedTROS-PR
0.8678666666666667,0.42909881996176413,FedTROS-PR
0.8678666666666667,0.42915540317795214,FedTROS-PR
0.8678666666666667,0.4291837003824344,FedTROS-PR
0.8674,0.4295618871537522,FedTROS-PR
0.8672666666666666,0.4295951390264844,FedTROS-PR
0.8672,0.42961886518264086,FedTROS-PR
0.8670666666666667,0.4296947271045328,FedTROS-PR
0.8666666666666667,0.4300648405451899,FedTROS-PR
0.8666666666666667,0.43032108573320094,FedTROS-PR
0.8664,0.43058776754356903,FedTROS-PR
0.8662,0.43093098073032404,FedTROS-PR
0.8661333333333333,0.43096928282359187,FedTROS-PR
0.8659333333333333,0.43094124282538737,FedTROS-PR
0.8659333333333333,0.43115581225519484,FedTROS-PR
0.8658666666666667,0.4311941834600445,FedTROS-PR
0.8652666666666666,0.4314396835421999,FedTROS-PR
0.8651333333333333,0.4315309922851822,FedTROS-PR
0.8650666666666667,0.43151208805826213,FedTROS-PR
0.8649333333333333,0.4317183548515906,FedTROS-PR
0.8648,0.43196803196803196,FedTROS-PR
0.8645333333333334,0.4319211297628564,FedTROS-PR
0.8644666666666667,0.4320893035654782,FedTROS-PR
0.8644666666666667,0.4323342113159737,FedTROS-PR
0.8644,0.43251717926479416,FedTROS-PR
0.8642666666666666,0.43259476775226907,FedTROS-PR
0.8642,0.4327491236855283,FedTROS-PR
0.8640666666666666,0.4329714381159178,FedTROS-PR
0.864,0.4330103575008353,FedTROS-PR
0.8636,0.4332441471571906,FedTROS-PR
0.8636,0.4333021139951833,FedTROS-PR
0.8635333333333334,0.4334426448935885,FedTROS-PR
0.8634,0.4335788416471376,FedTROS-PR
0.8633333333333333,0.4336760322829108,FedTROS-PR
0.8630666666666666,0.43365825880146047,FedTROS-PR
0.8618,0.43380650357394546,FedTROS-PR
0.8616666666666667,0.43387042631755623,FedTROS-PR
0.8616666666666667,0.4339141236109712,FedTROS-PR
0.8615333333333334,0.43405098579249657,FedTROS-PR
0.8613333333333333,0.4341106108460453,FedTROS-PR
0.8613333333333333,0.43412519740600114,FedTROS-PR
0.8613333333333333,0.43424192518401505,FedTROS-PR
0.8612,0.43437909815393927,FedTROS-PR
0.8611333333333333,0.4344039011266185,FedTROS-PR
0.8611333333333333,0.43444773308220097,FedTROS-PR
0.8609333333333333,0.43447835009924973,FedTROS-PR
0.8608,0.4345865167782976,FedTROS-PR
0.8605333333333334,0.4348617053532325,FedTROS-PR
0.8604,0.4349261980184673,FedTROS-PR
0.8602,0.4349423582552417,FedTROS-PR
0.8602,0.4349863466271112,FedTROS-PR
0.8602,0.4350156771518155,FedTROS-PR
0.8598666666666667,0.43522861481356506,FedTROS-PR
0.8598,0.4352683091461357,FedTROS-PR
0.8598,0.4353711642980117,FedTROS-PR
0.8589333333333333,0.4357708178312927,FedTROS-PR
0.8589333333333333,0.4358297814762195,FedTROS-PR
0.8588666666666667,0.4358254397834912,FedTROS-PR
0.8586,0.4360146252285192,FedTROS-PR
0.8586,0.4360293868707045,FedTROS-PR
0.8585333333333334,0.4360545830088376,FedTROS-PR
0.8585333333333334,0.43615796247375194,FedTROS-PR
0.8585333333333334,0.43621705846487363,FedTROS-PR
0.8582666666666666,0.43637719476645653,FedTROS-PR
0.8579333333333333,0.4365924820192699,FedTROS-PR
0.8579333333333333,0.4366813708856464,FedTROS-PR
0.8578666666666667,0.43667707343559115,FedTROS-PR
0.8578666666666667,0.4367215340234176,FedTROS-PR
0.8578666666666667,0.43689946694733983,FedTROS-PR
0.8576,0.43711984776920726,FedTROS-PR
0.8574666666666667,0.4372747671176991,FedTROS-PR
0.8567333333333333,0.4377640005450334,FedTROS-PR
0.8566666666666667,0.4377895884437176,FedTROS-PR
0.8566666666666667,0.43781942078364566,FedTROS-PR
0.8562666666666666,0.4383019383019383,FedTROS-PR
0.8562666666666666,0.43831689588096784,FedTROS-PR
0.8562666666666666,0.4384066627982387,FedTROS-PR
0.8562666666666666,0.43843659327530293,FedTROS-PR
0.8560666666666666,0.43851381347539525,FedTROS-PR
0.8560666666666666,0.4385437655817766,FedTROS-PR
0.8556,0.4387842319395535,FedTROS-PR
0.8554,0.43899685233337893,FedTROS-PR
0.8548,0.43919983558265396,FedTROS-PR
0.8544666666666667,0.4393295400013711,FedTROS-PR
0.854,0.43940589304702776,FedTROS-PR
0.854,0.4394209659714599,FedTROS-PR
0.8537333333333333,0.4395400720782564,FedTROS-PR
0.8536666666666667,0.4395811877789221,FedTROS-PR
0.8536666666666667,0.4395962786226784,FedTROS-PR
0.8534666666666667,0.43993127147766325,FedTROS-PR
0.8533333333333334,0.4401196575318915,FedTROS-PR
0.8532,0.4402628229385256,FedTROS-PR
0.8530666666666666,0.4406487826715796,FedTROS-PR
0.8530666666666666,0.4406943105110897,FedTROS-PR
0.853,0.44070540419522614,FedTROS-PR
0.853,0.4409332138672548,FedTROS-PR
0.8528,0.44111865926411253,FedTROS-PR
0.8526,0.44116733933561003,FedTROS-PR
0.8521333333333333,0.4411084653345757,FedTROS-PR
0.8518,0.44143864013267,FedTROS-PR
0.8517333333333333,0.4416024333759635,FedTROS-PR
0.8513333333333334,0.4417767937452432,FedTROS-PR
0.8512666666666666,0.4417727650152228,FedTROS-PR
0.8510666666666666,0.4418830044998269,FedTROS-PR
0.8508,0.44197402597402596,FedTROS-PR
0.8506666666666667,0.4421038043101656,FedTROS-PR
0.8506666666666667,0.4421497626390381,FedTROS-PR
0.8506,0.44222237626507693,FedTROS-PR
0.8503333333333334,0.44242108914325357,FedTROS-PR
0.8503333333333334,0.4425285362384207,FedTROS-PR
0.8502,0.4425512718187181,FedTROS-PR
0.8502,0.4425819885476314,FedTROS-PR
0.8502,0.442628071636818,FedTROS-PR
0.8500666666666666,0.44271231164502467,FedTROS-PR
0.8500666666666666,0.4428199340163223,FedTROS-PR
0.85,0.4428159622130379,FedTROS-PR
0.8498666666666667,0.44279263633205973,FedTROS-PR
0.8497333333333333,0.4428923868098266,FedTROS-PR
0.8496,0.44320790150935524,FedTROS-PR
0.8492666666666666,0.4432806736724894,FedTROS-PR
0.8491333333333333,0.44339622641509435,FedTROS-PR
0.8490666666666666,0.4436084987809126,FedTROS-PR
0.8489333333333333,0.44375522720936716,FedTROS-PR
0.8487333333333333,0.44392914429179164,FedTROS-PR
0.8484666666666667,0.4443009251178216,FedTROS-PR
0.8483333333333334,0.4442931461890297,FedTROS-PR
0.8482,0.444471615720524,FedTROS-PR
0.8480666666666666,0.44455705049799055,FedTROS-PR
0.8478,0.4446658974090003,FedTROS-PR
0.8473333333333334,0.44501242953678094,FedTROS-PR
0.8470666666666666,0.44519971969166083,FedTROS-PR
0.8466,0.4452664796633941,FedTROS-PR
0.8464666666666667,0.4453212682379349,FedTROS-PR
0.8460666666666666,0.4454701814735512,FedTROS-PR
0.8455333333333334,0.445815318640374,FedTROS-PR
0.8453333333333334,0.44583523786083473,FedTROS-PR
0.845,0.44591029023746703,FedTROS-PR
0.8446666666666667,0.44598542715336686,FedTROS-PR
0.8445333333333334,0.4461820231051,FedTROS-PR
0.8442,0.4464461994076999,FedTROS-PR
0.8441333333333333,0.44642668264993124,FedTROS-PR
0.8440666666666666,0.4464386459802539,FedTROS-PR
0.8440666666666666,0.4464543883775874,FedTROS-PR
0.8438666666666667,0.4465375524746887,FedTROS-PR
0.8438,0.4465652894894683,FedTROS-PR
0.8437333333333333,0.44659303433430964,FedTROS-PR
0.8429333333333333,0.4467686654181831,FedTROS-PR
0.8428666666666667,0.4469702326239129,FedTROS-PR
0.8428666666666667,0.44704925568402815,FedTROS-PR
0.8428,0.4470771298228242,FedTROS-PR
0.8425333333333334,0.4471412397395981,FedTROS-PR
0.8425333333333334,0.44718870528289867,FedTROS-PR
0.8418666666666667,0.4475792159920607,FedTROS-PR
0.8418666666666667,0.4476109456968666,FedTROS-PR
0.8418666666666667,0.44772203510015957,FedTROS-PR
0.8416,0.4477707232291704,FedTROS-PR
0.8414,0.4477913783927621,FedTROS-PR
0.8413333333333334,0.44777178541016177,FedTROS-PR
0.8413333333333334,0.44781945282282387,FedTROS-PR
0.841,0.44799176107106076,FedTROS-PR
0.8406666666666667,0.44845122515025426,FedTROS-PR
0.8406666666666667,0.44846717405220854,FedTROS-PR
0.8403333333333334,0.44854458757383814,FedTROS-PR
0.8402,0.44855322632309497,FedTROS-PR
0.8398,0.44865904476974033,FedTROS-PR
0.8397333333333333,0.4487033342832716,FedTROS-PR
0.8396666666666667,0.448843590748726,FedTROS-PR
0.8391333333333333,0.44903856444650564,FedTROS-PR
0.8390666666666666,0.4490829943623778,FedTROS-PR
0.8390666666666666,0.4491150442477876,FedTROS-PR
0.8387333333333333,0.4490648201027984,FedTROS-PR
0.8387333333333333,0.4492412069273344,FedTROS-PR
0.8387333333333333,0.4493374763384407,FedTROS-PR
0.8387333333333333,0.449385626518074,FedTROS-PR
0.8387333333333333,0.44949801707813786,FedTROS-PR
0.8387333333333333,0.44957833047455686,FedTROS-PR
0.8387333333333333,0.4495943965979345,FedTROS-PR
0.8386,0.4497961810770221,FedTROS-PR
0.8385333333333334,0.44979259047346587,FedTROS-PR
0.838,0.44992483356002577,FedTROS-PR
0.8373333333333334,0.45024376254660164,FedTROS-PR
0.8372,0.45038195316142454,FedTROS-PR
0.8366666666666667,0.4505151308468249,FedTROS-PR
0.8366666666666667,0.4505960074680454,FedTROS-PR
0.8365333333333334,0.45060509211046074,FedTROS-PR
0.8365333333333334,0.45068601393578045,FedTROS-PR
0.8358666666666666,0.45128315876615194,FedTROS-PR
0.8358666666666666,0.4513156473849034,FedTROS-PR
0.8358666666666666,0.4513643890848873,FedTROS-PR
0.8357333333333333,0.4514874306706043,FedTROS-PR
0.8353333333333334,0.4514989910637071,FedTROS-PR
0.8352,0.451687337755985,FedTROS-PR
0.8349333333333333,0.4533246461794621,FedTROS-PR
0.8347333333333333,0.45356082011156995,FedTROS-PR
0.8344,0.45356042761369814,FedTROS-PR
0.8338,0.4537275530564121,FedTROS-PR
0.8337333333333333,0.45383945420235156,FedTROS-PR
0.8336,0.4538327526132404,FedTROS-PR
0.8335333333333333,0.45387882528042983,FedTROS-PR
0.8335333333333333,0.45389530240325277,FedTROS-PR
0.8332666666666667,0.4540962761126249,FedTROS-PR
0.8332,0.45432403940528554,FedTROS-PR
0.8331333333333333,0.45430420241384323,FedTROS-PR
0.8331333333333333,0.45433723551225186,FedTROS-PR
0.8330666666666666,0.45433391506689935,FedTROS-PR
0.8329333333333333,0.4544925427428156,FedTROS-PR
0.8328666666666666,0.4545553776742832,FedTROS-PR
0.8328,0.45473408321502673,FedTROS-PR
0.8322666666666667,0.4547905282331512,FedTROS-PR
0.8322666666666667,0.45487338312989617,FedTROS-PR
0.8322,0.4549198250728863,FedTROS-PR
0.8320666666666666,0.4551289063924443,FedTROS-PR
0.8320666666666666,0.4551787016776076,FedTROS-PR
0.8320666666666666,0.4552119045882267,FedTROS-PR
0.8318,0.4556310254163015,FedTROS-PR
0.8317333333333333,0.45582754841066864,FedTROS-PR
0.8316,0.4560544018718924,FedTROS-PR
0.8312666666666667,0.45613842551946154,FedTROS-PR
0.8312,0.45621866881334844,FedTROS-PR
0.8312,0.4562353629976581,FedTROS-PR
0.831,0.4562758519711556,FedTROS-PR
0.8308666666666666,0.4562694490206846,FedTROS-PR
0.8308,0.4562829525483304,FedTROS-PR
0.8302,0.4562206916764361,FedTROS-PR
0.8300666666666666,0.456381496957701,FedTROS-PR
0.8298666666666666,0.4565057943376852,FedTROS-PR
0.8298666666666666,0.4565560242068586,FedTROS-PR
0.8298666666666666,0.4565727699530516,FedTROS-PR
0.8296666666666667,0.4566469746449932,FedTROS-PR
0.8293333333333334,0.4567148836184742,FedTROS-PR
0.8292666666666667,0.45691301792536,FedTROS-PR
0.829,0.4570682937587297,FedTROS-PR
0.8287333333333333,0.45735835172921263,FedTROS-PR
0.8287333333333333,0.4574761711993523,FedTROS-PR
0.8284,0.4578481945467944,FedTROS-PR
0.8282,0.45792325555678426,FedTROS-PR
0.828,0.4580152671755725,FedTROS-PR
0.8279333333333333,0.45807974622846814,FedTROS-PR
0.8279333333333333,0.45819805194805197,FedTROS-PR
0.8278,0.45829334908097735,FedTROS-PR
0.8278,0.45834409951644456,FedTROS-PR
0.8277333333333333,0.4583917891161486,FedTROS-PR
0.8276666666666667,0.45855802615055036,FedTROS-PR
0.8274666666666667,0.45868440502586844,FedTROS-PR
0.8272666666666667,0.4588618126687128,FedTROS-PR
0.8272666666666667,0.4589975957092658,FedTROS-PR
0.8272666666666667,0.45903155402656015,FedTROS-PR
0.8272,0.459062488438344,FedTROS-PR
0.8268666666666666,0.4592343009478673,FedTROS-PR
0.8267333333333333,0.4592452690441803,FedTROS-PR
0.8266,0.459307279125764,FedTROS-PR
0.8264,0.45928121526491295,FedTROS-PR
0.8259333333333333,0.4596519867918228,FedTROS-PR
0.8257333333333333,0.459745369511154,FedTROS-PR
0.8256666666666667,0.45986187435021536,FedTROS-PR
0.8256666666666667,0.4598789499090268,FedTROS-PR
0.8256666666666667,0.4599985143366513,FedTROS-PR
0.8252666666666667,0.46006615378897686,FedTROS-PR
0.8250666666666666,0.46015988101877675,FedTROS-PR
0.8248666666666666,0.46035643859061653,FedTROS-PR
0.8246666666666667,0.46036471901749165,FedTROS-PR
0.8246666666666667,0.4605018241381878,FedTROS-PR
0.8244666666666667,0.46057874939480836,FedTROS-PR
0.8244666666666667,0.4606988526300104,FedTROS-PR
0.8244,0.46078175653016357,FedTROS-PR
0.8242,0.4610307279236277,FedTROS-PR
0.8240666666666666,0.46109370337212774,FedTROS-PR
0.824,0.4610736001790577,FedTROS-PR
0.8236666666666667,0.46105907377691535,FedTROS-PR
0.8235333333333333,0.4610704687966557,FedTROS-PR
0.8234666666666667,0.4611364145449115,FedTROS-PR
0.8234,0.461150729940634,FedTROS-PR
0.8229333333333333,0.4611993274799178,FedTROS-PR
0.8227333333333333,0.4612595776490376,FedTROS-PR
0.8226666666666667,0.4612739234449761,FedTROS-PR
0.8226666666666667,0.4613256570339078,FedTROS-PR
0.8223333333333334,0.4616046703091086,FedTROS-PR
0.8222,0.4616680392303661,FedTROS-PR
0.822,0.461815049252781,FedTROS-PR
0.8218666666666666,0.4619304556354916,FedTROS-PR
0.8214666666666667,0.461913330334383,FedTROS-PR
0.8213333333333334,0.46194225721784776,FedTROS-PR
0.8212666666666667,0.46213002213302323,FedTROS-PR
0.8212,0.46226592111682363,FedTROS-PR
0.8211333333333334,0.4622977892879931,FedTROS-PR
0.821,0.4624831004957188,FedTROS-PR
0.8208666666666666,0.46259909080662737,FedTROS-PR
0.8207333333333333,0.4626456219466366,FedTROS-PR
0.8204,0.4626141874365625,FedTROS-PR
0.8197333333333333,0.4627253226959696,FedTROS-PR
0.8196,0.4627545451123574,FedTROS-PR
0.8196,0.462789384528515,FedTROS-PR
0.8196,0.46282422919097993,FedTROS-PR
0.8195333333333333,0.46280400572246067,FedTROS-PR
0.8195333333333333,0.4628737103697568,FedTROS-PR
0.8193333333333334,0.4630746043707611,FedTROS-PR
0.8190666666666667,0.4632206009878219,FedTROS-PR
0.819,0.46320036196365283,FedTROS-PR
0.8189333333333333,0.46338979214606363,FedTROS-PR
0.8189333333333333,0.4634072732759921,FedTROS-PR
0.8188666666666666,0.4634744547581315,FedTROS-PR
0.8186,0.4637084592145015,FedTROS-PR
0.8184666666666667,0.4637204910292729,FedTROS-PR
0.8184,0.4638754534461911,FedTROS-PR
0.8178666666666666,0.4640290490959982,FedTROS-PR
0.8177333333333333,0.46428706612665127,FedTROS-PR
0.8176,0.4643519745560562,FedTROS-PR
0.8174666666666667,0.4643114089893597,FedTROS-PR
0.8170666666666667,0.4642951850589082,FedTROS-PR
0.817,0.46432766263782066,FedTROS-PR
0.8166,0.46487532733690085,FedTROS-PR
0.8166,0.46489297100349175,FedTROS-PR
0.8166,0.46494591003985575,FedTROS-PR
0.8164666666666667,0.46497589126390526,FedTROS-PR
0.8157333333333333,0.46519408432498194,FedTROS-PR
0.8156666666666667,0.46517375104554787,FedTROS-PR
0.8152666666666667,0.4653702717101758,FedTROS-PR
0.8152666666666667,0.465441120499353,FedTROS-PR
0.8152,0.4655270872197053,FedTROS-PR
0.8147333333333333,0.46563285834031853,FedTROS-PR
0.8146666666666667,0.46566572669766026,FedTROS-PR
0.8144666666666667,0.4657288807563281,FedTROS-PR
0.8143333333333334,0.46574141152247683,FedTROS-PR
0.8141333333333334,0.4656802928615009,FedTROS-PR
0.8141333333333334,0.4657335723275237,FedTROS-PR
0.814,0.4658705024991415,FedTROS-PR
0.814,0.46595939551213555,FedTROS-PR
0.8136,0.4659615898591119,FedTROS-PR
0.8136,0.465979381443299,FedTROS-PR
0.8130666666666667,0.4663505659223004,FedTROS-PR
0.8130666666666667,0.4664040689892539,FedTROS-PR
0.8125333333333333,0.4665977565943111,FedTROS-PR
0.8124,0.46684289162165266,FedTROS-PR
0.8119333333333333,0.4669324847601886,FedTROS-PR
0.8119333333333333,0.4669861963190184,FedTROS-PR
0.8118666666666666,0.4670194815155699,FedTROS-PR
0.8118,0.46712444376246737,FedTROS-PR
0.8118,0.4671782083253405,FedTROS-PR
0.8117333333333333,0.4671936152252321,FedTROS-PR
0.8112,0.46749654218533887,FedTROS-PR
0.8109333333333333,0.46755842558425587,FedTROS-PR
0.8109333333333333,0.4677921778256355,FedTROS-PR
0.8108666666666666,0.4680957512315271,FedTROS-PR
0.8108,0.468093295358325,FedTROS-PR
0.8100666666666667,0.4684813201218337,FedTROS-PR
0.8098,0.4685619503163092,FedTROS-PR
0.8097333333333333,0.468722262956817,FedTROS-PR
0.8093333333333333,0.4689974888931814,FedTROS-PR
0.8091333333333334,0.46948011759244934,FedTROS-PR
0.8088666666666666,0.4702166414757974,FedTROS-PR
0.8084666666666667,0.47025748410113233,FedTROS-PR
0.8084666666666667,0.4704946653734239,FedTROS-PR
0.8083333333333333,0.4706909937888199,FedTROS-PR
0.808,0.4710637801702359,FedTROS-PR
0.8078,0.4710204081632653,FedTROS-PR
0.8078,0.47107534406344764,FedTROS-PR
0.8073333333333333,0.47120622568093384,FedTROS-PR
0.8073333333333333,0.4712428982800218,FedTROS-PR
0.8071333333333334,0.47123618246925114,FedTROS-PR
0.8071333333333334,0.47125452493090964,FedTROS-PR
0.8069333333333333,0.4711927748364995,FedTROS-PR
0.8066,0.4713100385649176,FedTROS-PR
0.8064666666666667,0.4713790281728559,FedTROS-PR
0.8063333333333333,0.47141131075340065,FedTROS-PR
0.8060666666666667,0.4716966410486482,FedTROS-PR
0.8058666666666666,0.4717452388385888,FedTROS-PR
0.8058666666666666,0.4717636498458416,FedTROS-PR
0.8055333333333333,0.47204750556705866,FedTROS-PR
0.8054666666666667,0.47224828017510945,FedTROS-PR
0.8053333333333333,0.472539508684087,FedTROS-PR
0.8050666666666667,0.4726418786692759,FedTROS-PR
0.8050666666666667,0.4727528969621046,FedTROS-PR
0.805,0.47284332537103024,FedTROS-PR
0.8048666666666666,0.472913157585491,FedTROS-PR
0.8047333333333333,0.4731313448046094,FedTROS-PR
0.8044,0.4732878324311603,FedTROS-PR
0.8044,0.47330639783469974,FedTROS-PR
0.8040666666666667,0.47335164835164834,FedTROS-PR
0.8032666666666667,0.4737359440119525,FedTROS-PR
0.8031333333333334,0.47382497541789576,FedTROS-PR
0.8028666666666666,0.473891315468461,FedTROS-PR
0.8026666666666666,0.4739970867288689,FedTROS-PR
0.8026666666666666,0.474090407938258,FedTROS-PR
0.8026666666666666,0.4744079750975216,FedTROS-PR
0.802,0.4751560154830555,FedTROS-PR
0.8018,0.4752064482990241,FedTROS-PR
0.8018,0.4753379179511501,FedTROS-PR
0.8018,0.4754130761325006,FedTROS-PR
0.8013333333333333,0.47541826523751135,FedTROS-PR
0.8010666666666667,0.4755045508508112,FedTROS-PR
0.801,0.4758227396934775,FedTROS-PR
0.8007333333333333,0.4758339275810158,FedTROS-PR
0.8001333333333334,0.47623204507578765,FedTROS-PR
0.8000666666666667,0.4764948781068848,FedTROS-PR
0.7998666666666666,0.47667858561779897,FedTROS-PR
0.7998666666666666,0.47684909184849567,FedTROS-PR
0.7997333333333333,0.4768833233949513,FedTROS-PR
0.7992,0.4772672983517796,FedTROS-PR
0.7988,0.4774085584508726,FedTROS-PR
0.7986666666666666,0.4774430097242149,FedTROS-PR
0.7985333333333333,0.477515547759528,FedTROS-PR
0.7981333333333334,0.47771437692031443,FedTROS-PR
0.7980666666666667,0.4778651550836294,FedTROS-PR
0.7980666666666667,0.47788423153692616,FedTROS-PR
0.7969333333333334,0.47846621837976305,FedTROS-PR
0.7969333333333334,0.47867697112881913,FedTROS-PR
0.7968666666666666,0.47894378330728854,FedTROS-PR
0.7966666666666666,0.47903471498436623,FedTROS-PR
0.7958,0.4791474330670734,FedTROS-PR
0.7956666666666666,0.4794520547945205,FedTROS-PR
0.7954666666666667,0.4794856339160137,FedTROS-PR
0.7953333333333333,0.4798101673101673,FedTROS-PR
0.7941333333333334,0.48009027889730777,FedTROS-PR
0.7934666666666667,0.48040363269424824,FedTROS-PR
0.7934,0.48044083807678334,FedTROS-PR
0.7934,0.4804796317978118,FedTROS-PR
0.7934,0.4805378341274328,FedTROS-PR
0.7927333333333333,0.4804832713754647,FedTROS-PR
0.7926666666666666,0.4804816940111533,FedTROS-PR
0.7924,0.48053365676167376,FedTROS-PR
0.7922666666666667,0.4806665588092542,FedTROS-PR
0.7914666666666667,0.48074509009921035,FedTROS-PR
0.7913333333333333,0.4807809145773421,FedTROS-PR
0.7913333333333333,0.48191303641752264,FedTROS-PR
0.7912,0.48352006518639234,FedTROS-PR
0.7909333333333334,0.48357381592891496,FedTROS-PR
0.7909333333333334,0.48392886278348834,FedTROS-PR
0.7909333333333334,0.48396834461940114,FedTROS-PR
0.7907333333333333,0.4840829320055506,FedTROS-PR
0.7900666666666667,0.48444589788660425,FedTROS-PR
0.7898,0.4845398773006135,FedTROS-PR
0.7892666666666667,0.48484724383651406,FedTROS-PR
0.7886,0.48499384993849937,FedTROS-PR
0.7882,0.48502625533311455,FedTROS-PR
0.7882,0.4850859557707299,FedTROS-PR
0.7880666666666667,0.48512332252636764,FedTROS-PR
0.788,0.48510219157842893,FedTROS-PR
0.7878,0.4851781901790113,FedTROS-PR
0.7878,0.4852578843626807,FedTROS-PR
0.7878,0.48541735129806113,FedTROS-PR
0.7878,0.4854372920346712,FedTROS-PR
0.7873333333333333,0.4855087358684481,FedTROS-PR
0.7871333333333334,0.4856249742935878,FedTROS-PR
0.7870666666666667,0.48574367414112324,FedTROS-PR
0.7867333333333333,0.48587779973649536,FedTROS-PR
0.7864,0.48591201186356897,FedTROS-PR
0.7863333333333333,0.4859709117877302,FedTROS-PR
0.7855333333333333,0.4862979777135782,FedTROS-PR
0.7848666666666667,0.48658813804505063,FedTROS-PR
0.7848666666666667,0.48662836357624106,FedTROS-PR
0.7846,0.4868252326783868,FedTROS-PR
0.7846,0.48706700326946156,FedTROS-PR
0.7842666666666667,0.4870818151705863,FedTROS-PR
0.7835333333333333,0.48743364299933645,FedTROS-PR
0.7834666666666666,0.4874528184495417,FedTROS-PR
0.7832,0.48750933687442943,FedTROS-PR
0.7830666666666667,0.4877906976744186,FedTROS-PR
0.7830666666666667,0.48791227049929387,FedTROS-PR
0.783,0.48811403873327236,FedTROS-PR
0.7829333333333334,0.488133338875265,FedTROS-PR
0.7827333333333333,0.48808979422157556,FedTROS-PR
0.7824,0.4882269739579,FedTROS-PR
0.7818,0.48840114947315816,FedTROS-PR
0.7817333333333333,0.48850191634727547,FedTROS-PR
0.7815333333333333,0.4886008419122244,FedTROS-PR
0.7815333333333333,0.4886619424760317,FedTROS-PR
0.7815333333333333,0.4889880704096104,FedTROS-PR
0.7813333333333333,0.48959812849862144,FedTROS-PR
0.7811333333333333,0.48984113712374583,FedTROS-PR
0.7808,0.49012387010378305,FedTROS-PR
0.7804,0.4901189080556021,FedTROS-PR
0.7804,0.4902420638244409,FedTROS-PR
0.7803333333333333,0.4903850182244753,FedTROS-PR
0.7797333333333333,0.49072753209700426,FedTROS-PR
0.7783333333333333,0.4912893452280761,FedTROS-PR
0.7775333333333333,0.49128053917438924,FedTROS-PR
0.7774666666666666,0.4913211998651837,FedTROS-PR
0.7771333333333333,0.49148326165781264,FedTROS-PR
0.7769333333333334,0.4915018345915398,FedTROS-PR
0.7768666666666667,0.4915633173036362,FedTROS-PR
0.7768666666666667,0.49168776371308015,FedTROS-PR
0.7768666666666667,0.49177076299797434,FedTROS-PR
0.7762666666666667,0.4920554428668019,FedTROS-PR
0.7756666666666666,0.49217428087986465,FedTROS-PR
0.7756,0.49219444091889836,FedTROS-PR
0.7751333333333333,0.49252340407506245,FedTROS-PR
0.7749333333333334,0.49256324420526293,FedTROS-PR
0.7747333333333334,0.4925613529436697,FedTROS-PR
0.7744666666666666,0.4927468612147947,FedTROS-PR
0.7742,0.4928071292170592,FedTROS-PR
0.7738666666666667,0.49284592196323185,FedTROS-PR
0.7738,0.49282438858695654,FedTROS-PR
0.7738,0.49286624203821655,FedTROS-PR
0.7733333333333333,0.4930086276509839,FedTROS-PR
0.7730666666666667,0.49300624973428,FedTROS-PR
0.7728666666666667,0.49317224656485303,FedTROS-PR
0.7727333333333334,0.49317108454239883,FedTROS-PR
0.7723333333333333,0.49320958746647364,FedTROS-PR
0.7723333333333333,0.4932935916542474,FedTROS-PR
0.7721333333333333,0.4932498615902219,FedTROS-PR
0.7717333333333334,0.49318336741649627,FedTROS-PR
0.7716,0.49322423932498083,FedTROS-PR
0.7714666666666666,0.493202062822316,FedTROS-PR
0.7709333333333334,0.49315535843746,FedTROS-PR
0.7700666666666667,0.49375908352569037,FedTROS-PR
0.7700666666666667,0.49378019065532425,FedTROS-PR
0.77,0.49380076955964086,FedTROS-PR
0.7684666666666666,0.49402134316204516,FedTROS-PR
0.7684,0.49406318316258735,FedTROS-PR
0.7682666666666667,0.4940621650589496,FedTROS-PR
0.7678666666666667,0.49452578249109097,FedTROS-PR
0.7678666666666667,0.4946532102211724,FedTROS-PR
0.7669333333333334,0.49492342109791776,FedTROS-PR
0.7669333333333334,0.495285658931416,FedTROS-PR
0.7668666666666667,0.49556264001378597,FedTROS-PR
0.7668666666666667,0.49566941009178267,FedTROS-PR
0.7664666666666666,0.4957099124735912,FedTROS-PR
0.7664666666666666,0.4959879206212252,FedTROS-PR
0.7661333333333333,0.495964783565664,FedTROS-PR
0.7657333333333334,0.4959412780656304,FedTROS-PR
0.7645333333333333,0.4960851321538262,FedTROS-PR
0.7637333333333334,0.49629597539314646,FedTROS-PR
0.7637333333333334,0.4964895553436769,FedTROS-PR
0.7630666666666667,0.49668040789759166,FedTROS-PR
0.7619333333333334,0.4971940662113368,FedTROS-PR
0.7617333333333334,0.49721496953872935,FedTROS-PR
0.7616666666666667,0.497258008356546,FedTROS-PR
0.7613333333333333,0.4973434369828412,FedTROS-PR
0.7610666666666667,0.4973858487277797,FedTROS-PR
0.7608666666666667,0.49751525719267653,FedTROS-PR
0.759,0.497639653815893,FedTROS-PR
0.7588,0.4975955233015651,FedTROS-PR
0.7577333333333334,0.49787550922072804,FedTROS-PR
0.7571333333333333,0.4981795850331184,FedTROS-PR
0.756,0.4984396290272955,FedTROS-PR
0.7547333333333334,0.49881036305957,FedTROS-PR
0.7546666666666667,0.4990961597813148,FedTROS-PR
0.7546666666666667,0.4991181657848324,FedTROS-PR
0.7537333333333334,0.49905098212315163,FedTROS-PR
0.7534666666666666,0.49902861179795127,FedTROS-PR
0.7534666666666666,0.4992269976589072,FedTROS-PR
0.7528666666666667,0.4991601838755304,FedTROS-PR
0.7528666666666667,0.5003322847902175,FedTROS-PR
0.7522666666666666,0.5016894895963009,FedTROS-PR
0.7520666666666667,0.5022483415698321,FedTROS-PR
0.752,0.5023156394727467,FedTROS-PR
0.7517333333333334,0.5023388426070299,FedTROS-PR
0.7509333333333333,0.5024757996163626,FedTROS-PR
0.7508,0.5024762414670058,FedTROS-PR
0.7505333333333334,0.5027014958696138,FedTROS-PR
0.75,0.5027258915005809,FedTROS-PR
0.7499333333333333,0.5027036689457925,FedTROS-PR
0.7495333333333334,0.5026601689989717,FedTROS-PR
0.7492666666666666,0.5028860351693588,FedTROS-PR
0.7489333333333333,0.5029548710601719,FedTROS-PR
0.7484,0.5034758039198098,FedTROS-PR
0.7466,0.5041642281546842,FedTROS-PR
0.7464666666666666,0.5042557982436389,FedTROS-PR
0.7464666666666666,0.504619406011988,FedTROS-PR
0.7457333333333334,0.5052850302647032,FedTROS-PR
0.7457333333333334,0.5054448511138222,FedTROS-PR
0.7442,0.5055477559893121,FedTROS-PR
0.7437333333333334,0.5057575482818025,FedTROS-PR
0.7431333333333333,0.5058311022371467,FedTROS-PR
0.7431333333333333,0.5058540569976402,FedTROS-PR
0.7424666666666667,0.5058363991461143,FedTROS-PR
0.7424666666666667,0.5059283150865398,FedTROS-PR
0.7420666666666667,0.5060005455041368,FedTROS-PR
0.7420666666666667,0.506991573673423,FedTROS-PR
0.7407333333333334,0.5078849933720345,FedTROS-PR
0.7407333333333334,0.5079314285714286,FedTROS-PR
0.7406,0.5080722616053053,FedTROS-PR
0.7401333333333333,0.508216983291371,FedTROS-PR
0.7400666666666667,0.5081944698773119,FedTROS-PR
0.7396666666666667,0.508152422826784,FedTROS-PR
0.7396666666666667,0.5082455336692625,FedTROS-PR
0.7394,0.5082718482196049,FedTROS-PR
0.739,0.5084162729899555,FedTROS-PR
0.7389333333333333,0.5085336759038356,FedTROS-PR
0.7384,0.5088436624247714,FedTROS-PR
0.7381333333333333,0.5090106656859139,FedTROS-PR
0.7378666666666667,0.5089905725454127,FedTROS-PR
0.7375333333333334,0.5090415497170202,FedTROS-PR
0.7362666666666666,0.5093391135912927,FedTROS-PR
0.7358666666666667,0.5095088626292467,FedTROS-PR
0.7356666666666667,0.5094644506001846,FedTROS-PR
0.7356,0.5094888488710347,FedTROS-PR
0.7354666666666667,0.5094670730580955,FedTROS-PR
0.7346666666666667,0.5095953757225433,FedTROS-PR
0.7346,0.5101861283452171,FedTROS-PR
0.7342,0.5103099949029238,FedTROS-PR
0.7337333333333333,0.5103876831756632,FedTROS-PR
0.7334,0.5103451475227315,FedTROS-PR
0.7334,0.510534620382402,FedTROS-PR
0.7332666666666666,0.510749941954957,FedTROS-PR
0.7330666666666666,0.5108003902076462,FedTROS-PR
0.733,0.510777664220013,FedTROS-PR
0.7324,0.5111431628902433,FedTROS-PR
0.7324,0.5113096900307177,FedTROS-PR
0.7323333333333333,0.5114059590316573,FedTROS-PR
0.7323333333333333,0.5114535804078592,FedTROS-PR
0.7323333333333333,0.5119780014914244,FedTROS-PR
0.7321333333333333,0.512029093621783,FedTROS-PR
0.7320666666666666,0.5120063412132233,FedTROS-PR
0.7317333333333333,0.5119402985074627,FedTROS-PR
0.7316666666666667,0.5121086276888619,FedTROS-PR
0.7313333333333333,0.5122338438550617,FedTROS-PR
0.7312,0.5121882880358644,FedTROS-PR
0.7307333333333333,0.5124596755341531,FedTROS-PR
0.7294666666666667,0.5126018926262531,FedTROS-PR
0.7294,0.5126030734632684,FedTROS-PR
0.7288,0.5125896750597834,FedTROS-PR
0.7287333333333333,0.5126870221847005,FedTROS-PR
0.7286666666666667,0.5126882123927013,FedTROS-PR
0.7278666666666667,0.5128951942500117,FedTROS-PR
0.7273333333333334,0.5131461361177744,FedTROS-PR
0.7269333333333333,0.5131535601675373,FedTROS-PR
0.7263333333333334,0.5132372338420953,FedTROS-PR
0.726,0.5132676627232879,FedTROS-PR
0.726,0.5135096901966332,FedTROS-PR
0.726,0.5138246673586864,FedTROS-PR
0.726,0.5138731596828993,FedTROS-PR
0.7257333333333333,0.5140482599046134,FedTROS-PR
0.7257333333333333,0.5140968122786305,FedTROS-PR
0.7231333333333333,0.5151500759878419,FedTROS-PR
0.7230666666666666,0.5152738847451185,FedTROS-PR
0.7226,0.5155291319857312,FedTROS-PR
0.7226,0.5155536529680366,FedTROS-PR
0.722,0.5156651747452624,FedTROS-PR
0.7219333333333333,0.515838612870957,FedTROS-PR
0.7218,0.5159891340609064,FedTROS-PR
0.7212,0.5162244703187632,FedTROS-PR
0.7211333333333333,0.5164971589552595,FedTROS-PR
0.7208666666666667,0.516577489012039,FedTROS-PR
0.7207333333333333,0.5165806574923547,FedTROS-PR
0.7204,0.5169098301841665,FedTROS-PR
0.7203333333333334,0.5171341054848282,FedTROS-PR
0.7200666666666666,0.5171406683903093,FedTROS-PR
0.7200666666666666,0.5171901934495308,FedTROS-PR
0.7198,0.5172463351537798,FedTROS-PR
0.7194,0.5177774578954945,FedTROS-PR
0.7188,0.5181660899653979,FedTROS-PR
0.7188,0.5183653846153846,FedTROS-PR
0.7188,0.518465089440277,FedTROS-PR
0.7185333333333334,0.5195719244118782,FedTROS-PR
0.7176,0.5198242140339016,FedTROS-PR
0.7174666666666667,0.5198531542846102,FedTROS-PR
0.7174,0.520081194722343,FedTROS-PR
0.7174,0.5201314708299096,FedTROS-PR
0.7163333333333334,0.5203893839597056,FedTROS-PR
0.7162,0.5206707701255271,FedTROS-PR
0.7162,0.5217327958816959,FedTROS-PR
0.7162,0.5230282375851996,FedTROS-PR
0.7161333333333333,0.5230814179976626,FedTROS-PR
0.7156,0.5231249086212778,FedTROS-PR
0.7155333333333334,0.5231526613374927,FedTROS-PR
0.7149333333333333,0.5231474706083223,FedTROS-PR
0.7144666666666667,0.5231632902123505,FedTROS-PR
0.7144,0.5231910946196661,FedTROS-PR
0.7140666666666666,0.5232535417684416,FedTROS-PR
0.7140666666666666,0.5233046707054915,FedTROS-PR
0.7137333333333333,0.5232393333659157,FedTROS-PR
0.7137333333333333,0.5234695873264228,FedTROS-PR
0.7133333333333334,0.524689844554504,FedTROS-PR
0.7132,0.5248233908948194,FedTROS-PR
0.7131333333333333,0.5250061349693251,FedTROS-PR
0.7127333333333333,0.525098231827112,FedTROS-PR
0.7126666666666667,0.5251006975144906,FedTROS-PR
0.7121333333333333,0.5251462563295807,FedTROS-PR
0.7121333333333333,0.5251978956684202,FedTROS-PR
0.712,0.5251512022422186,FedTROS-PR
0.7119333333333333,0.5251278520849725,FedTROS-PR
0.7116,0.5252177336023225,FedTROS-PR
0.7106,0.5251515002217076,FedTROS-PR
0.7104,0.5251589374599576,FedTROS-PR
0.7095333333333333,0.5256062027754457,FedTROS-PR
0.7086666666666667,0.5258991737990403,FedTROS-PR
0.7085333333333333,0.5259563517592913,FedTROS-PR
0.708,0.5260029717682021,FedTROS-PR
0.7078666666666666,0.5260602457391994,FedTROS-PR
0.7078666666666666,0.5264253842340109,FedTROS-PR
0.7070666666666666,0.5270062111801243,FedTROS-PR
0.7069333333333333,0.5270115799413548,FedTROS-PR
0.7068,0.5270169508376,FedTROS-PR
0.7064666666666667,0.5273188694267515,FedTROS-PR
0.7062,0.5280394795872588,FedTROS-PR
0.7059333333333333,0.5280769998005187,FedTROS-PR
0.7052666666666667,0.5290558111622324,FedTROS-PR
0.7050666666666666,0.5290910000500275,FedTROS-PR
0.7038666666666666,0.5295947030497592,FedTROS-PR
0.7034666666666667,0.5296391105757166,FedTROS-PR
0.703,0.5295801526717557,FedTROS-PR
0.7022,0.5295093504926603,FedTROS-PR
0.7014,0.5295983086680761,FedTROS-PR
0.701,0.529776299879081,FedTROS-PR
0.7008,0.5298921262224014,FedTROS-PR
0.7004,0.5299369482976041,FedTROS-PR
0.7004,0.5302043906131718,FedTROS-PR
0.7002,0.5306421462133077,FedTROS-PR
0.7002,0.5308835422563688,FedTROS-PR
0.7002,0.5310445950045505,FedTROS-PR
0.7002,0.5310983009708737,FedTROS-PR
0.6995333333333333,0.5316410802046917,FedTROS-PR
0.6982666666666667,0.5317561049906077,FedTROS-PR
0.6971333333333334,0.5318921668362157,FedTROS-PR
0.6967333333333333,0.5319116449511401,FedTROS-PR
0.6958666666666666,0.5320352719302717,FedTROS-PR
0.6958,0.5320114180854317,FedTROS-PR
0.6952,0.5320679626511556,FedTROS-PR
0.695,0.5320234753763715,FedTROS-PR
0.6947333333333333,0.5321452280038809,FedTROS-PR
0.6944666666666667,0.532430360337337,FedTROS-PR
0.694,0.53280786160303,FedTROS-PR
0.6937333333333333,0.5327394665437977,FedTROS-PR
0.6936666666666667,0.5327428191080846,FedTROS-PR
0.6934,0.5328108191178731,FedTROS-PR
0.6933333333333334,0.5328414796598012,FedTROS-PR
0.6932666666666667,0.532899456800246,FedTROS-PR
0.6926666666666667,0.5329298317603611,FedTROS-PR
0.6921333333333334,0.5331210845229537,FedTROS-PR
0.6918,0.5332750912174316,FedTROS-PR
0.6908666666666666,0.5333504889346372,FedTROS-PR
0.6902666666666667,0.5334913437757626,FedTROS-PR
0.69,0.5345246087899602,FedTROS-PR
0.6892,0.5347056998034551,FedTROS-PR
0.6889333333333333,0.5348030844071832,FedTROS-PR
0.6881333333333334,0.5350126989063391,FedTROS-PR
0.6874666666666667,0.5348825146532497,FedTROS-PR
0.6869333333333333,0.5349948078920042,FedTROS-PR
0.6866666666666666,0.5349537758387868,FedTROS-PR
0.6862666666666667,0.5349755742646295,FedTROS-PR
0.686,0.5351570626170169,FedTROS-PR
0.6857333333333333,0.5350881756229516,FedTROS-PR
0.6846,0.5352619233776388,FedTROS-PR
0.6833333333333333,0.5356956203616599,FedTROS-PR
0.6833333333333333,0.5357236188783777,FedTROS-PR
0.6825333333333333,0.535628335251648,FedTROS-PR
0.6822666666666667,0.5356152195530434,FedTROS-PR
0.6822,0.5357311135542642,FedTROS-PR
0.6821333333333334,0.5357909619311934,FedTROS-PR
0.6814,0.5358603334381881,FedTROS-PR
0.681,0.5358829084041549,FedTROS-PR
0.681,0.5361641822380853,FedTROS-PR
0.6807333333333333,0.5366302291360101,FedTROS-PR
0.6806,0.5368919274257166,FedTROS-PR
0.6804666666666667,0.5370126795391171,FedTROS-PR
0.6797333333333333,0.5371404488462754,FedTROS-PR
0.6795333333333333,0.5370955843608388,FedTROS-PR
0.6788666666666666,0.5369647753638472,FedTROS-PR
0.6787333333333333,0.537029222491824,FedTROS-PR
0.6765333333333333,0.5370164576387786,FedTROS-PR
0.676,0.5369340746624305,FedTROS-PR
0.676,0.5369909442355558,FedTROS-PR
0.6750666666666667,0.5370458764253514,FedTROS-PR
0.6742,0.537068507700478,FedTROS-PR
0.673,0.5370823579484997,FedTROS-PR
0.6719333333333334,0.5374606729589932,FedTROS-PR
0.6718666666666666,0.5376080230449163,FedTROS-PR
0.6715333333333333,0.5378003203416978,FedTROS-PR
0.6714666666666667,0.5378617964327673,FedTROS-PR
0.671,0.5382928655471173,FedTROS-PR
0.6696666666666666,0.5383172561629154,FedTROS-PR
0.6696666666666666,0.5387503352105122,FedTROS-PR
0.6691333333333334,0.5394206481431719,FedTROS-PR
0.669,0.5393711367911852,FedTROS-PR
0.6674,0.5395311236863379,FedTROS-PR
0.6674,0.5399385146432232,FedTROS-PR
0.667,0.540255953345213,FedTROS-PR
0.6639333333333334,0.540281017739923,FedTROS-PR
0.6638,0.5404070556309363,FedTROS-PR
0.6626666666666666,0.5403642294101658,FedTROS-PR
0.6608,0.5402812602202115,FedTROS-PR
0.6606666666666666,0.5406142599967269,FedTROS-PR
0.6606666666666666,0.5406437534097108,FedTROS-PR
0.6592,0.5408598621595011,FedTROS-PR
0.6572666666666667,0.5411977822912664,FedTROS-PR
0.6571333333333333,0.5412662676404371,FedTROS-PR
0.6563333333333333,0.5417377428052605,FedTROS-PR
0.656,0.5419397477556865,FedTROS-PR
0.6558666666666667,0.5420684335225081,FedTROS-PR
0.6551333333333333,0.5423289183222958,FedTROS-PR
0.6548666666666667,0.5422877332450039,FedTROS-PR
0.6546666666666666,0.542451527371154,FedTROS-PR
0.6536,0.5429172665854469,FedTROS-PR
0.6532,0.542975893599335,FedTROS-PR
0.6529333333333334,0.5430852833536653,FedTROS-PR
0.6527333333333334,0.5430996228089638,FedTROS-PR
0.6522,0.5431077555099095,FedTROS-PR
0.6513333333333333,0.5430493024289923,FedTROS-PR
0.6504666666666666,0.5431720759338641,FedTROS-PR
0.6500666666666667,0.5432009358810094,FedTROS-PR
0.6496,0.5432346546245191,FedTROS-PR
0.6495333333333333,0.5432091882247992,FedTROS-PR
0.6493333333333333,0.5432842481035252,FedTROS-PR
0.6492,0.5432939076099085,FedTROS-PR
0.649,0.5432780847145487,FedTROS-PR
0.6486666666666666,0.5433932759968726,FedTROS-PR
0.6486,0.5436106610046376,FedTROS-PR
0.6480666666666667,0.5439538917799788,FedTROS-PR
0.6479333333333334,0.5442988351254481,FedTROS-PR
0.6478,0.5443697478991597,FedTROS-PR
0.6470666666666667,0.5448523633097564,FedTROS-PR
0.6467333333333334,0.5453063518830804,FedTROS-PR
0.6463333333333333,0.5453982898289829,FedTROS-PR
0.6460666666666667,0.5454494287161592,FedTROS-PR
0.6446666666666667,0.5458342741025062,FedTROS-PR
0.6446666666666667,0.5458959015467991,FedTROS-PR
0.6446,0.5459935625952905,FedTROS-PR
0.6444666666666666,0.5459422827130513,FedTROS-PR
0.6436,0.5459172133001583,FedTROS-PR
0.6433333333333333,0.5460615663196017,FedTROS-PR
0.6420666666666667,0.5465017306928446,FedTROS-PR
0.642,0.5466310949650905,FedTROS-PR
0.6418,0.5467401181281236,FedTROS-PR
0.6416,0.5467560504488126,FedTROS-PR
0.6414,0.5467409217480252,FedTROS-PR
0.6412666666666667,0.5467204728884847,FedTROS-PR
0.6407333333333334,0.5466075186259455,FedTROS-PR
0.6407333333333334,0.5467007963594994,FedTROS-PR
0.6394,0.5465580123090951,FedTROS-PR
0.6389333333333334,0.546813487761739,FedTROS-PR
0.6389333333333334,0.5468758915834522,FedTROS-PR
0.6384666666666666,0.5471008283347615,FedTROS-PR
0.6384,0.5470749542961609,FedTROS-PR
0.6379333333333334,0.5476135973446263,FedTROS-PR
0.6377333333333334,0.5475359166618968,FedTROS-PR
0.6366,0.5480686448946794,FedTROS-PR
0.6364,0.5480852041109261,FedTROS-PR
0.6359333333333334,0.5483129275162384,FedTROS-PR
0.6352,0.5482163406214039,FedTROS-PR
0.634,0.548032040569354,FedTROS-PR
0.6320666666666667,0.5477813727755951,FedTROS-PR
0.6318666666666667,0.5479246155624927,FedTROS-PR
0.6312,0.547726483859771,FedTROS-PR
0.6296666666666667,0.5479491790914892,FedTROS-PR
0.6279333333333333,0.5489247625152981,FedTROS-PR
0.6279333333333333,0.5490207507577524,FedTROS-PR
0.6273333333333333,0.5491042772947423,FedTROS-PR
0.627,0.5492933068566757,FedTROS-PR
0.6264,0.5492488455018414,FedTROS-PR
0.6264,0.5492809540512101,FedTROS-PR
0.6262666666666666,0.5493246009005321,FedTROS-PR
0.6251333333333333,0.5494228628347103,FedTROS-PR
0.6248,0.5497419052088222,FedTROS-PR
0.6247333333333334,0.5497477414056083,FedTROS-PR
0.6244666666666666,0.549803369137759,FedTROS-PR
0.6241333333333333,0.5499295112781954,FedTROS-PR
0.6241333333333333,0.5501233987542602,FedTROS-PR
0.6233333333333333,0.5501618122977346,FedTROS-PR
0.6223333333333333,0.5500883912787272,FedTROS-PR
0.6214666666666666,0.5502951593860684,FedTROS-PR
0.62,0.5501330967169477,FedTROS-PR
0.6186666666666667,0.5500237079184448,FedTROS-PR
0.6182,0.55,FedTROS-PR
0.6182,0.5503590717550003,FedTROS-PR
0.618,0.5504423727807137,FedTROS-PR
0.6171333333333333,0.5502912852217334,FedTROS-PR
0.6158,0.5503455672068637,FedTROS-PR
0.6158,0.5503783590538045,FedTROS-PR
0.6146666666666667,0.5503163423660021,FedTROS-PR
0.6146,0.550486654326148,FedTROS-PR
0.6144666666666667,0.5505644824084582,FedTROS-PR
0.6115333333333334,0.5505671928455675,FedTROS-PR
0.6113333333333333,0.5508169149447381,FedTROS-PR
0.6110666666666666,0.5508082446968331,FedTROS-PR
0.6107333333333334,0.5511038921975576,FedTROS-PR
0.6096,0.5519739224918507,FedTROS-PR
0.6084,0.5518200507921152,FedTROS-PR
0.6082666666666666,0.5518993467215098,FedTROS-PR
0.6082666666666666,0.551999516002178,FedTROS-PR
0.6080666666666666,0.5521186440677966,FedTROS-PR
0.608,0.5522252497729337,FedTROS-PR
0.6078666666666667,0.5524051859929723,FedTROS-PR
0.6075333333333334,0.552537440126114,FedTROS-PR
0.6072,0.5526699029126214,FedTROS-PR
0.6066666666666667,0.5527882395820678,FedTROS-PR
0.6057333333333333,0.5529454722492697,FedTROS-PR
0.6057333333333333,0.5529791248250259,FedTROS-PR
0.6056666666666667,0.5529519172245891,FedTROS-PR
0.6049333333333333,0.552787084983247,FedTROS-PR
0.6045333333333334,0.5528257026153752,FedTROS-PR
0.6045333333333334,0.5532304313342689,FedTROS-PR
0.6022,0.5539338934200037,FedTROS-PR
0.6022,0.5541037909458962,FedTROS-PR
0.6016,0.5541295670862757,FedTROS-PR
0.6013333333333334,0.5541561712846348,FedTROS-PR
0.6012,0.5542716656422865,FedTROS-PR
0.6005333333333334,0.5571499257793172,FedTROS-PR
0.6004666666666667,0.5572259341747092,FedTROS-PR
0.5998,0.55719328667864,FedTROS-PR
0.5995333333333334,0.5572216370283165,FedTROS-PR
0.5978,0.5575452340981161,FedTROS-PR
0.5976666666666667,0.5575595497232415,FedTROS-PR
0.5974,0.5575882023520627,FedTROS-PR
0.5963333333333334,0.5585388698095536,FedTROS-PR
0.5963333333333334,0.5588878475476413,FedTROS-PR
0.5963333333333334,0.5592023005751438,FedTROS-PR
0.5962,0.5591821421872069,FedTROS-PR
0.5960666666666666,0.5592669043597923,FedTROS-PR
0.596,0.5597996242955542,FedTROS-PR
0.5959333333333333,0.5600175416614459,FedTROS-PR
0.5959333333333333,0.5602632403635224,FedTROS-PR
0.5956666666666667,0.5605395232120451,FedTROS-PR
0.5956,0.5606174698795181,FedTROS-PR
0.5955333333333334,0.5606602648590975,FedTROS-PR
0.5955333333333334,0.5607658505963591,FedTROS-PR
0.5954666666666667,0.5610905207613543,FedTROS-PR
0.5954,0.5614509335512667,FedTROS-PR
0.5952666666666667,0.5617843211274695,FedTROS-PR
0.5945333333333334,0.5617283950617284,FedTROS-PR
0.5933333333333334,0.5622236260265319,FedTROS-PR
0.5927333333333333,0.5629709364908504,FedTROS-PR
0.5926,0.5629512349588347,FedTROS-PR
0.5913333333333334,0.5631388483270904,FedTROS-PR
0.5912,0.5632621951219512,FedTROS-PR
0.5912,0.564193917801247,FedTROS-PR
0.5903333333333334,0.5657785445019488,FedTROS-PR
0.5902666666666667,0.5658592701476322,FedTROS-PR
0.5898,0.5661355346515646,FedTROS-PR
0.5882,0.5662666067646492,FedTROS-PR
0.5882,0.5663029525032093,FedTROS-PR
0.5881333333333333,0.5664205457463884,FedTROS-PR
0.5880666666666666,0.5663927057917041,FedTROS-PR
0.5874666666666667,0.5665059466409514,FedTROS-PR
0.5862,0.5674367578729995,FedTROS-PR
0.586,0.5679028298229746,FedTROS-PR
0.5859333333333333,0.5681318681318681,FedTROS-PR
0.5859333333333333,0.5682788051209103,FedTROS-PR
0.5858666666666666,0.5685082158105835,FedTROS-PR
0.5858666666666666,0.5688025889967637,FedTROS-PR
0.5854666666666667,0.5689666342727567,FedTROS-PR
0.5852666666666667,0.5688828408501815,FedTROS-PR
0.5852666666666667,0.5690303344568317,FedTROS-PR
0.5849333333333333,0.5689643991959017,FedTROS-PR
0.5847333333333333,0.5689543331603529,FedTROS-PR
0.5834666666666667,0.5690137182237825,FedTROS-PR
0.5826,0.5689453125,FedTROS-PR
0.5823333333333334,0.5691295282773,FedTROS-PR
0.5812666666666667,0.5699065298385515,FedTROS-PR
0.5809333333333333,0.5699895342752486,FedTROS-PR
0.5799333333333333,0.5699403786935727,FedTROS-PR
0.5799333333333333,0.5700524246395806,FedTROS-PR
0.5796,0.5699488658712469,FedTROS-PR
0.5787333333333333,0.5703304644898496,FedTROS-PR
0.5774666666666667,0.5711083272895101,FedTROS-PR
0.5768,0.5714285714285714,FedTROS-PR
0.5753333333333334,0.572167340714712,FedTROS-PR
0.5747333333333333,0.5721776066901175,FedTROS-PR
0.5724,0.572972972972973,FedTROS-PR
0.5724,0.5730112119594234,FedTROS-PR
0.5721333333333334,0.5730119516592108,FedTROS-PR
0.5719333333333333,0.5731560662747194,FedTROS-PR
0.5716,0.5731283422459893,FedTROS-PR
0.5715333333333333,0.5730998061367738,FedTROS-PR
0.5705333333333333,0.5736309404115557,FedTROS-PR
0.5704666666666667,0.5736023595656254,FedTROS-PR
0.5704,0.5736506872276232,FedTROS-PR
0.5704,0.5736891511331634,FedTROS-PR
0.5704,0.5739970481685227,FedTROS-PR
0.5703333333333334,0.5743923727675574,FedTROS-PR
0.57,0.5746740153246405,FedTROS-PR
0.5694666666666667,0.5748704488861969,FedTROS-PR
0.5656,0.575615713413393,FedTROS-PR
0.5653333333333334,0.5762435444414243,FedTROS-PR
0.5645333333333333,0.5767213784648914,FedTROS-PR
0.5644666666666667,0.5766925486990874,FedTROS-PR
0.5639333333333333,0.5774455594238515,FedTROS-PR
0.5631333333333334,0.5772568851226679,FedTROS-PR
0.5628,0.5772307692307692,FedTROS-PR
0.5624,0.5775708612898809,FedTROS-PR
0.5617333333333333,0.5777168323620158,FedTROS-PR
0.5612666666666667,0.5780692117550124,FedTROS-PR
0.5596666666666666,0.5785665058580289,FedTROS-PR
0.5589333333333333,0.5788056610286503,FedTROS-PR
0.5578666666666666,0.5788599889319314,FedTROS-PR
0.5570666666666667,0.5792319423263552,FedTROS-PR
0.5570666666666667,0.5794327716524513,FedTROS-PR
0.5568,0.5795170691090757,FedTROS-PR
0.5556,0.5800389755011136,FedTROS-PR
0.5541333333333334,0.5802443280977312,FedTROS-PR
0.5540666666666667,0.5802555330587168,FedTROS-PR
0.5535333333333333,0.5804670022371364,FedTROS-PR
0.5528666666666666,0.5804577588017078,FedTROS-PR
0.5522,0.580489172331628,FedTROS-PR
0.5514666666666667,0.5810212825735759,FedTROS-PR
0.5512,0.5811485204189217,FedTROS-PR
0.5503333333333333,0.5815837677892067,FedTROS-PR
0.5498666666666666,0.5817874021302109,FedTROS-PR
0.5492,0.5819851642529141,FedTROS-PR
0.5487333333333333,0.5822310249699371,FedTROS-PR
0.5485333333333333,0.5824720373778848,FedTROS-PR
0.5472666666666667,0.5834399431414357,FedTROS-PR
0.5471333333333334,0.583463671264041,FedTROS-PR
0.5460666666666667,0.5841951358676272,FedTROS-PR
0.5448666666666667,0.5842030021443888,FedTROS-PR
0.5444,0.5842037487480326,FedTROS-PR
0.5435333333333333,0.584025787965616,FedTROS-PR
0.5405333333333333,0.5840236260174314,FedTROS-PR
0.5405333333333333,0.5840656965855064,FedTROS-PR
0.5403333333333333,0.5841441441441442,FedTROS-PR
0.5393333333333333,0.5840311868322264,FedTROS-PR
0.5391333333333334,0.584151979196764,FedTROS-PR
0.5376666666666666,0.5849289237017696,FedTROS-PR
0.5364666666666666,0.5858755005460502,FedTROS-PR
0.5362666666666667,0.5857850276725896,FedTROS-PR
0.5353333333333333,0.5858747993579454,FedTROS-PR
0.5351333333333333,0.5857841348609794,FedTROS-PR
0.5337333333333333,0.5859192037470726,FedTROS-PR
0.5316666666666666,0.5867422012948793,FedTROS-PR
0.531,0.5866971125515615,FedTROS-PR
0.5306,0.5869036206769412,FedTROS-PR
0.5300666666666667,0.5869629410896205,FedTROS-PR
0.5286,0.5868551550588409,FedTROS-PR
0.5268666666666667,0.5869290753806164,FedTROS-PR
0.5268666666666667,0.5869726678550208,FedTROS-PR
0.5268,0.5869855890655178,FedTROS-PR
0.5266,0.5870680044593088,FedTROS-PR
0.5266,0.5871552813498848,FedTROS-PR
0.5252,0.5874720357941835,FedTROS-PR
0.5248666666666667,0.5874934706365197,FedTROS-PR
0.5248666666666667,0.588195741501681,FedTROS-PR
0.5245333333333333,0.5882616822429907,FedTROS-PR
0.5245333333333333,0.5891426432047923,FedTROS-PR
0.5242,0.5899609843937575,FedTROS-PR
0.5230666666666667,0.5899691706143319,FedTROS-PR
0.5228666666666667,0.5900097795832393,FedTROS-PR
0.5225333333333333,0.5899443022730694,FedTROS-PR
0.5218,0.5900045228403438,FedTROS-PR
0.5214,0.5899524779361847,FedTROS-PR
0.5214,0.5907545887151597,FedTROS-PR
0.5212,0.5911084228035687,FedTROS-PR
0.5208,0.5913701741105223,FedTROS-PR
0.5206666666666667,0.5917563267161691,FedTROS-PR
0.5200666666666667,0.5915674527944187,FedTROS-PR
0.5178666666666667,0.5919378190962432,FedTROS-PR
0.5174,0.5922167111789394,FedTROS-PR
0.5164666666666666,0.5922782874617737,FedTROS-PR
0.5160666666666667,0.5922723794950268,FedTROS-PR
0.5154666666666666,0.5932632548147011,FedTROS-PR
0.5154666666666666,0.5933543089555675,FedTROS-PR
0.5152,0.5932749884845693,FedTROS-PR
0.5151333333333333,0.5932437619961612,FedTROS-PR
0.5147333333333334,0.5932841555248194,FedTROS-PR
0.5138,0.5932112068965517,FedTROS-PR
0.5127333333333334,0.5939913500154465,FedTROS-PR
0.5126,0.5942040185471407,FedTROS-PR
0.5116666666666667,0.5941782147557483,FedTROS-PR
0.5107333333333334,0.594659628968408,FedTROS-PR
0.5106,0.5947352073303308,FedTROS-PR
0.5106,0.5947813931816417,FedTROS-PR
0.5097333333333334,0.5946030017886306,FedTROS-PR
0.5096666666666667,0.5946177179746441,FedTROS-PR
0.5088,0.5949485500467727,FedTROS-PR
0.5086666666666667,0.5953495630461922,FedTROS-PR
0.5086666666666667,0.5969798920272279,FedTROS-PR
0.5086666666666667,0.5983844404360442,FedTROS-PR
0.5082666666666666,0.5985241011147747,FedTROS-PR
0.5082,0.5985395728643216,FedTROS-PR
0.5078666666666667,0.5986170045575986,FedTROS-PR
0.5075333333333333,0.5985533453887885,FedTROS-PR
0.5066666666666667,0.5985665905331968,FedTROS-PR
0.5064666666666666,0.5984717189223255,FedTROS-PR
0.5048,0.5997148740693806,FedTROS-PR
0.5036,0.6007157057654076,FedTROS-PR
0.5034666666666666,0.6009389671361502,FedTROS-PR
0.5019333333333333,0.6009738186462324,FedTROS-PR
0.5018,0.6010060683487704,FedTROS-PR
0.5012666666666666,0.6021944577927278,FedTROS-PR
0.5008666666666667,0.6023893521488134,FedTROS-PR
0.4996,0.6028962188254223,FedTROS-PR
0.49906666666666666,0.603126007089913,FedTROS-PR
0.49773333333333336,0.6034106522266225,FedTROS-PR
0.4975333333333333,0.6035584310553983,FedTROS-PR
0.4974,0.60373846900793,FedTROS-PR
0.4971333333333333,0.6044419226716382,FedTROS-PR
0.4965333333333333,0.6048891415577032,FedTROS-PR
0.4964,0.6051690507152145,FedTROS-PR
0.4958666666666667,0.6055030934549007,FedTROS-PR
0.49466666666666664,0.6058626602433249,FedTROS-PR
0.49366666666666664,0.6058746522664048,FedTROS-PR
0.4934,0.606043236161153,FedTROS-PR
0.4932,0.6068908941755538,FedTROS-PR
0.4926,0.6074981501274357,FedTROS-PR
0.4922666666666667,0.6075366134605891,FedTROS-PR
0.4922666666666667,0.6075866041306673,FedTROS-PR
0.4912666666666667,0.6082542302930252,FedTROS-PR
0.48993333333333333,0.609066799270678,FedTROS-PR
0.48906666666666665,0.609403555407875,FedTROS-PR
0.48873333333333335,0.6096465696465696,FedTROS-PR
0.48833333333333334,0.6097053437656068,FedTROS-PR
0.488,0.6096951524237881,FedTROS-PR
0.48746666666666666,0.6099432766099433,FedTROS-PR
0.48746666666666666,0.6099941603403687,FedTROS-PR
0.48746666666666666,0.6102487063929227,FedTROS-PR
0.48673333333333335,0.6109623430962343,FedTROS-PR
0.4862666666666667,0.6107854630715123,FedTROS-PR
0.485,0.6117558022199798,FedTROS-PR
0.48473333333333335,0.6118310333221137,FedTROS-PR
0.4846666666666667,0.612313652825739,FedTROS-PR
0.48413333333333336,0.6128270042194093,FedTROS-PR
0.4839333333333333,0.6127289609183759,FedTROS-PR
0.4836,0.6131349843631139,FedTROS-PR
0.4829333333333333,0.613274635963427,FedTROS-PR
0.4829333333333333,0.6134304344144297,FedTROS-PR
0.4818,0.6137579617834394,FedTROS-PR
0.4816666666666667,0.6136923468954387,FedTROS-PR
0.4815333333333333,0.6137831407205983,FedTROS-PR
0.48113333333333336,0.6144742443593019,FedTROS-PR
0.4802666666666667,0.6144136460554371,FedTROS-PR
0.48,0.6144917641034394,FedTROS-PR
0.47946666666666665,0.6146483206563541,FedTROS-PR
0.47913333333333336,0.6146412383477294,FedTROS-PR
0.47906666666666664,0.61466085022667,FedTROS-PR
0.4788,0.6147393648891551,FedTROS-PR
0.4786666666666667,0.6151473612063056,FedTROS-PR
0.4784,0.615490179260657,FedTROS-PR
0.47786666666666666,0.6166021505376345,FedTROS-PR
0.4774,0.6165303486870426,FedTROS-PR
0.47686666666666666,0.6165847771743815,FedTROS-PR
0.47433333333333333,0.6174071502950365,FedTROS-PR
0.47386666666666666,0.6174426685198054,FedTROS-PR
0.47326666666666667,0.6175728577642453,FedTROS-PR
0.4729333333333333,0.6174064403829417,FedTROS-PR
0.47146666666666665,0.6174262266457133,FedTROS-PR
0.4712,0.6176701913833785,FedTROS-PR
0.4703333333333333,0.6179381623894192,FedTROS-PR
0.47013333333333335,0.6180001752694768,FedTROS-PR
0.4696666666666667,0.6184707225002195,FedTROS-PR
0.4692,0.61894292498461,FedTROS-PR
0.469,0.6194963015146179,FedTROS-PR
0.46873333333333334,0.6202364149611856,FedTROS-PR
0.4676,0.62092776203966,FedTROS-PR
0.46713333333333334,0.6211328782909317,FedTROS-PR
0.467,0.6216719914802982,FedTROS-PR
0.46686666666666665,0.6217151988636364,FedTROS-PR
0.4664,0.6221431747443308,FedTROS-PR
0.46573333333333333,0.6224717098814934,FedTROS-PR
0.4656,0.6224598930481283,FedTROS-PR
0.4654,0.622580932845804,FedTROS-PR
0.4654,0.6230810424848269,FedTROS-PR
0.4653333333333333,0.6236040382381846,FedTROS-PR
0.4649333333333333,0.6240157480314961,FedTROS-PR
0.4646666666666667,0.6241604728217068,FedTROS-PR
0.4639333333333333,0.6246297459833049,FedTROS-PR
0.4638,0.6247306034482759,FedTROS-PR
0.46373333333333333,0.624921390710628,FedTROS-PR
0.46373333333333333,0.6249775381850854,FedTROS-PR
0.4632,0.6248763378001618,FedTROS-PR
0.4626,0.6248536695182351,FedTROS-PR
0.4609333333333333,0.6254183627317955,FedTROS-PR
0.45993333333333336,0.6254759746146872,FedTROS-PR
0.4598,0.6256917354622153,FedTROS-PR
0.4598,0.6258620689655172,FedTROS-PR
0.45953333333333335,0.6261240802979381,FedTROS-PR
0.4593333333333333,0.6263066993909645,FedTROS-PR
0.45886666666666664,0.6262966333030028,FedTROS-PR
0.4577333333333333,0.6264027004835325,FedTROS-PR
0.45693333333333336,0.6267946959304984,FedTROS-PR
0.45626666666666665,0.6268547352995054,FedTROS-PR
0.4560666666666667,0.6271543821048772,FedTROS-PR
0.4556,0.6271450858034321,FedTROS-PR
0.4554666666666667,0.6274221691615391,FedTROS-PR
0.4538,0.6292290626733222,FedTROS-PR
0.4528,0.6293550778354337,FedTROS-PR
0.4524,0.6296743063932448,FedTROS-PR
0.4524,0.6300250673103704,FedTROS-PR
0.4512,0.6304023845007451,FedTROS-PR
0.45026666666666665,0.6312739508365268,FedTROS-PR
0.44993333333333335,0.6311605723370429,FedTROS-PR
0.4492,0.6314309811639022,FedTROS-PR
0.44893333333333335,0.631470367591898,FedTROS-PR
0.44706666666666667,0.6326415094339622,FedTROS-PR
0.4467333333333333,0.6332451332451332,FedTROS-PR
0.4458,0.6341995447647951,FedTROS-PR
0.4456,0.6346975595859843,FedTROS-PR
0.4442,0.6355398702785197,FedTROS-PR
0.44353333333333333,0.6364679996173347,FedTROS-PR
0.4424666666666667,0.6368870549851262,FedTROS-PR
0.44206666666666666,0.6370448650206552,FedTROS-PR
0.44193333333333334,0.6372812920592194,FedTROS-PR
0.43793333333333334,0.6370248254460822,FedTROS-PR
0.4378,0.6371398078975453,FedTROS-PR
0.4378,0.6373253105590062,FedTROS-PR
0.4357333333333333,0.6373476352998537,FedTROS-PR
0.43506666666666666,0.6376783271448114,FedTROS-PR
0.43406666666666666,0.6377081292850147,FedTROS-PR
0.434,0.6378600823045267,FedTROS-PR
0.4338666666666667,0.6380392156862745,FedTROS-PR
0.4335333333333333,0.6384252896131946,FedTROS-PR
0.4328666666666667,0.6386976195160339,FedTROS-PR
0.43193333333333334,0.639080686525942,FedTROS-PR
0.43133333333333335,0.6397705923069317,FedTROS-PR
0.43133333333333335,0.6398338607594937,FedTROS-PR
0.43133333333333335,0.6398971417268322,FedTROS-PR
0.43006666666666665,0.6399801587301587,FedTROS-PR
0.4298666666666667,0.6399364827312426,FedTROS-PR
0.42673333333333335,0.6395883293365308,FedTROS-PR
0.42493333333333333,0.6398955928119666,FedTROS-PR
0.4245333333333333,0.640128669079212,FedTROS-PR
0.4225333333333333,0.6398788490661282,FedTROS-PR
0.4222,0.6398262275207113,FedTROS-PR
0.42013333333333336,0.6396021516289455,FedTROS-PR
0.42,0.6395289818292559,FedTROS-PR
0.41913333333333336,0.6400285045301842,FedTROS-PR
0.419,0.6404116568167924,FedTROS-PR
0.4186,0.6403222516826432,FedTROS-PR
0.418,0.6407112201103617,FedTROS-PR
0.4178,0.6409286152587441,FedTROS-PR
0.4169333333333333,0.6409100225456036,FedTROS-PR
0.4166666666666667,0.6410256410256411,FedTROS-PR
0.4166666666666667,0.6412229403919154,FedTROS-PR
0.4166666666666667,0.6412887338395239,FedTROS-PR
0.4156666666666667,0.6414609053497943,FedTROS-PR
0.4156,0.6414240148163391,FedTROS-PR
0.41546666666666665,0.6413502109704642,FedTROS-PR
0.41546666666666665,0.6414822439526505,FedTROS-PR
0.41546666666666665,0.6420109199546719,FedTROS-PR
0.4154,0.6422387136672851,FedTROS-PR
0.4140666666666667,0.6424950863763319,FedTROS-PR
0.4125333333333333,0.6436446848346162,FedTROS-PR
0.4120666666666667,0.6435190005205622,FedTROS-PR
0.4106,0.6443142588136834,FedTROS-PR
0.4086666666666667,0.6445846477392219,FedTROS-PR
0.4070666666666667,0.6445687744114853,FedTROS-PR
0.40626666666666666,0.6451408003387678,FedTROS-PR
0.4059333333333333,0.6454998409837803,FedTROS-PR
0.40553333333333336,0.6455481269234851,FedTROS-PR
0.4046,0.6456382978723404,FedTROS-PR
0.4036666666666667,0.6452472293265132,FedTROS-PR
0.4004666666666667,0.6457056863377405,FedTROS-PR
0.4004666666666667,0.6460529146052915,FedTROS-PR
0.39873333333333333,0.6461754537597234,FedTROS-PR
0.39593333333333336,0.6456136536580063,FedTROS-PR
0.3948,0.6461538461538462,FedTROS-PR
0.3942,0.6461588897388264,FedTROS-PR
0.39253333333333335,0.6466776496430533,FedTROS-PR
0.3868,0.6481957323204112,FedTROS-PR
0.3851333333333333,0.6482998541128941,FedTROS-PR
0.385,0.6488035052241321,FedTROS-PR
0.38493333333333335,0.6489098673859294,FedTROS-PR
0.38353333333333334,0.6488101951054471,FedTROS-PR
0.38126666666666664,0.649222386195936,FedTROS-PR
0.3808666666666667,0.6495736213757817,FedTROS-PR
0.3791333333333333,0.6492750313962781,FedTROS-PR
0.3768666666666667,0.6493968983342906,FedTROS-PR
0.3756,0.6489288182446441,FedTROS-PR
0.3748666666666667,0.6491572385130455,FedTROS-PR
0.3748666666666667,0.6492321902782588,FedTROS-PR
0.3748,0.6492666589675482,FedTROS-PR
0.3724,0.6491574665891924,FedTROS-PR
0.3724,0.6494593651900942,FedTROS-PR
0.3724,0.650064005585942,FedTROS-PR
0.37046666666666667,0.6501696501696501,FedTROS-PR
0.369,0.6499530295913575,FedTROS-PR
0.3681333333333333,0.6501825032379607,FedTROS-PR
0.3678,0.6501296252651426,FedTROS-PR
0.3666,0.65,FedTROS-PR
0.3661333333333333,0.6500177535803053,FedTROS-PR
0.36473333333333335,0.6502258141193249,FedTROS-PR
0.36406666666666665,0.6499642942156629,FedTROS-PR
0.36293333333333333,0.6498746567983765,FedTROS-PR
0.36206666666666665,0.6503412764938331,FedTROS-PR
0.36186666666666667,0.6508393285371703,FedTROS-PR
0.3618,0.6507974577287444,FedTROS-PR
0.36033333333333334,0.6508911368015414,FedTROS-PR
0.35833333333333334,0.6505688695231179,FedTROS-PR
0.3565333333333333,0.6502918287937743,FedTROS-PR
0.3520666666666667,0.6492500614703712,FedTROS-PR
0.34513333333333335,0.6489095011281023,FedTROS-PR
0.3450666666666667,0.6488654882788015,FedTROS-PR
0.34326666666666666,0.6490608849111307,FedTROS-PR
0.33786666666666665,0.6482476336658992,FedTROS-PR
0.3372,0.6482122260668973,FedTROS-PR
0.3368,0.6479415159676799,FedTROS-PR
0.33613333333333334,0.6475725661443616,FedTROS-PR
0.33573333333333333,0.647383982517033,FedTROS-PR
0.33526666666666666,0.6471496589885471,FedTROS-PR
0.33193333333333336,0.6462876427829699,FedTROS-PR
0.3298,0.6451486697965572,FedTROS-PR
0.3287333333333333,0.6449123724823437,FedTROS-PR
0.3287333333333333,0.6457569408067051,FedTROS-PR
0.32713333333333333,0.6479598573880893,FedTROS-PR
0.3257333333333333,0.6496476532376014,FedTROS-PR
0.3257333333333333,0.64999334841027,FedTROS-PR
0.325,0.6499133448873483,FedTROS-PR
0.3246,0.6497197758206565,FedTROS-PR
0.3246,0.6505879208979155,FedTROS-PR
0.3246,0.652506030554811,FedTROS-PR
0.3246,0.6532939755803032,FedTROS-PR
0.3246,0.6543475339336111,FedTROS-PR
0.3246,0.6550517960446657,FedTROS-PR
0.32006666666666667,0.65453306066803,FedTROS-PR
0.3178666666666667,0.6545853926414058,FedTROS-PR
0.3164,0.6547109946199475,FedTROS-PR
0.3158,0.6547339322736697,FedTROS-PR
0.31506666666666666,0.6559333795975018,FedTROS-PR
0.3128,0.6564073866815893,FedTROS-PR
0.3128,0.6564992304463412,FedTROS-PR
0.3128,0.6565910999160369,FedTROS-PR
0.30973333333333336,0.6561220166643129,FedTROS-PR
0.309,0.6556797283915689,FedTROS-PR
0.30633333333333335,0.6551183347590533,FedTROS-PR
0.3006666666666667,0.6528662420382165,FedTROS-PR
0.29646666666666666,0.6529144031713405,FedTROS-PR
0.2938,0.6528888888888889,FedTROS-PR
0.29246666666666665,0.6524390243902439,FedTROS-PR
0.2912666666666667,0.6526740364505528,FedTROS-PR
0.2885333333333333,0.6521018532469489,FedTROS-PR
0.2819333333333333,0.649615975422427,FedTROS-PR
0.27913333333333334,0.6491472868217054,FedTROS-PR
0.27913333333333334,0.649348635235732,FedTROS-PR
0.27886666666666665,0.6492317243520099,FedTROS-PR
0.27873333333333333,0.6492236024844721,FedTROS-PR
0.27786666666666665,0.6488169364881694,FedTROS-PR
0.2742,0.648635861851443,FedTROS-PR
0.2720666666666667,0.6484983314794216,FedTROS-PR
0.2668,0.6465266558966074,FedTROS-PR
0.2662,0.6463256717384267,FedTROS-PR
0.26293333333333335,0.6451823981678391,FedTROS-PR
0.2616,0.6444407948760059,FedTROS-PR
0.2584666666666667,0.6428452992870171,FedTROS-PR
0.2584,0.6427860696517413,FedTROS-PR
0.25593333333333335,0.6417586091608157,FedTROS-PR
0.2528666666666667,0.6404930766632895,FedTROS-PR
0.2524,0.6403924221921515,FedTROS-PR
0.24746666666666667,0.6392285173066988,FedTROS-PR
0.24473333333333333,0.6387680528971638,FedTROS-PR
0.23973333333333333,0.6377017201631495,FedTROS-PR
0.23746666666666666,0.6368675129626319,FedTROS-PR
0.234,0.634260932417781,FedTROS-PR
0.2336,0.6342081447963801,FedTROS-PR
0.2272,0.630877452795261,FedTROS-PR
0.2254,0.6292573981016192,FedTROS-PR
0.22366666666666668,0.6281595206890096,FedTROS-PR
0.2232,0.6282604616250703,FedTROS-PR
0.2228,0.6283135927805978,FedTROS-PR
0.2216,0.6279992442849046,FedTROS-PR
0.2148,0.62478184991274,FedTROS-PR
0.2144,0.6247086247086248,FedTROS-PR
0.211,0.6246299585553582,FedTROS-PR
0.2032,0.6202686202686203,FedTROS-PR
0.196,0.6157068062827226,FedTROS-PR
0.19006666666666666,0.6108849367902293,FedTROS-PR
0.18746666666666667,0.6102430555555556,FedTROS-PR
0.1872,0.6105675146771037,FedTROS-PR
0.18126666666666666,0.6162737987307344,FedTROS-PR
0.17893333333333333,0.6177215189873417,FedTROS-PR
0.1788,0.6175454754777804,FedTROS-PR
0.17373333333333332,0.6197384066587396,FedTROS-PR
0.1714,0.6201157742402316,FedTROS-PR
0.16233333333333333,0.6230808597748209,FedTROS-PR
0.16186666666666666,0.6233632862644416,FedTROS-PR
0.15146666666666667,0.6234906695938529,FedTROS-PR
0.1508,0.6226259289843105,FedTROS-PR
0.14806666666666668,0.6212587412587413,FedTROS-PR
0.14726666666666666,0.6208544125913434,FedTROS-PR
0.14333333333333334,0.6188831318364997,FedTROS-PR
0.14306666666666668,0.618800461361015,FedTROS-PR
0.14053333333333334,0.6181818181818182,FedTROS-PR
0.13806666666666667,0.6156361474435196,FedTROS-PR
0.1316,0.6100123609394313,FedTROS-PR
0.12793333333333334,0.6093998094633217,FedTROS-PR
0.12546666666666667,0.613229064841968,FedTROS-PR
0.1234,0.617,FedTROS-PR
0.1226,0.6171140939597315,FedTROS-PR
0.1206,0.6176169341072039,FedTROS-PR
0.11893333333333334,0.6173010380622838,FedTROS-PR
0.11493333333333333,0.6150552978951124,FedTROS-PR
0.11133333333333334,0.611945767680469,FedTROS-PR
0.1096,0.6095661846496107,FedTROS-PR
0.10546666666666667,0.6091644204851752,FedTROS-PR
0.09933333333333333,0.6042173560421735,FedTROS-PR
0.09233333333333334,0.6011284722222222,FedTROS-PR
0.09233333333333334,0.6019122120817036,FedTROS-PR
0.09146666666666667,0.6017543859649123,FedTROS-PR
0.08966666666666667,0.5999107939339875,FedTROS-PR
0.0874,0.5969945355191257,FedTROS-PR
0.0856,0.5983224603914259,FedTROS-PR
0.08533333333333333,0.5981308411214953,FedTROS-PR
0.08453333333333334,0.5992438563327032,FedTROS-PR
0.08413333333333334,0.5989558614143332,FedTROS-PR
0.08133333333333333,0.5948317893710385,FedTROS-PR
0.07986666666666667,0.591897233201581,FedTROS-PR
0.07453333333333333,0.5850340136054422,FedTROS-PR
0.0664,0.5711009174311926,FedTROS-PR
0.058133333333333335,0.5491183879093199,FedTROS-PR
0.05026666666666667,0.5420560747663551,FedTROS-PR
0.049466666666666666,0.5431918008784773,FedTROS-PR
0.04806666666666667,0.5425131677953349,FedTROS-PR
0.047933333333333335,0.5418236623963828,FedTROS-PR
0.040266666666666666,0.5261324041811847,FedTROS-PR
0.037333333333333336,0.5189990732159406,FedTROS-PR
0.03506666666666667,0.5062560153994226,FedTROS-PR
0.025933333333333333,0.49240506329113926,FedTROS-PR
0.018266666666666667,0.428125,FedTROS-PR
0.015933333333333334,0.41206896551724137,FedTROS-PR
0.0126,0.4305239179954442,FedTROS-PR
0.0122,0.452970297029703,FedTROS-PR
0.011933333333333334,0.4837837837837838,FedTROS-PR
0.009733333333333333,0.5328467153284672,FedTROS-PR
0.009266666666666666,0.562753036437247,FedTROS-PR
0.0061333333333333335,0.5822784810126582,FedTROS-PR
0.0051333333333333335,0.5661764705882353,FedTROS-PR
0.0028666666666666667,0.6515151515151515,FedTROS-PR
0.00046666666666666666,0.4375,FedTROS-PR
0.0,1.0,FedTROS-PR
