fpr,tpr,method
0.0,0.0,FedTROS-PR
0.00023076923076923076,0.00046666666666666666,FedTROS-PR
0.0005897435897435898,0.0028666666666666667,FedTROS-PR
0.0015128205128205128,0.0051333333333333335,FedTROS-PR
0.0016923076923076924,0.0061333333333333335,FedTROS-PR
0.002769230769230769,0.009266666666666666,FedTROS-PR
0.003282051282051282,0.009733333333333333,FedTROS-PR
0.004897435897435898,0.011933333333333334,FedTROS-PR
0.005666666666666667,0.0122,FedTROS-PR
0.00641025641025641,0.0126,FedTROS-PR
0.008743589743589743,0.015933333333333334,FedTROS-PR
0.009384615384615385,0.018266666666666667,FedTROS-PR
0.010282051282051282,0.025933333333333333,FedTROS-PR
0.013153846153846153,0.03506666666666667,FedTROS-PR
0.013307692307692307,0.037333333333333336,FedTROS-PR
0.013948717948717949,0.040266666666666666,FedTROS-PR
0.01558974358974359,0.047933333333333335,FedTROS-PR
0.01558974358974359,0.04806666666666667,FedTROS-PR
0.016,0.049466666666666666,FedTROS-PR
0.01633333333333333,0.05026666666666667,FedTROS-PR
0.018358974358974357,0.058133333333333335,FedTROS-PR
0.01917948717948718,0.0664,FedTROS-PR
0.02033333333333333,0.07453333333333333,FedTROS-PR
0.02117948717948718,0.07986666666666667,FedTROS-PR
0.02130769230769231,0.08133333333333333,FedTROS-PR
0.021666666666666667,0.08413333333333334,FedTROS-PR
0.021743589743589743,0.08453333333333334,FedTROS-PR
0.02205128205128205,0.08533333333333333,FedTROS-PR
0.0221025641025641,0.0856,FedTROS-PR
0.022692307692307692,0.0874,FedTROS-PR
0.023,0.08966666666666667,FedTROS-PR
0.023282051282051283,0.09146666666666667,FedTROS-PR
0.023487179487179488,0.09233333333333334,FedTROS-PR
0.023564102564102563,0.09233333333333334,FedTROS-PR
0.025025641025641025,0.09933333333333333,FedTROS-PR
0.026025641025641026,0.10546666666666667,FedTROS-PR
0.027,0.1096,FedTROS-PR
0.027153846153846153,0.11133333333333334,FedTROS-PR
0.027666666666666666,0.11493333333333333,FedTROS-PR
0.02835897435897436,0.11893333333333334,FedTROS-PR
0.028717948717948718,0.1206,FedTROS-PR
0.029256410256410258,0.1226,FedTROS-PR
0.029461538461538463,0.1234,FedTROS-PR
0.030435897435897436,0.12546666666666667,FedTROS-PR
0.031538461538461536,0.12793333333333334,FedTROS-PR
0.032358974358974356,0.1316,FedTROS-PR
0.03315384615384615,0.13806666666666667,FedTROS-PR
0.03338461538461539,0.14053333333333334,FedTROS-PR
0.0338974358974359,0.14306666666666668,FedTROS-PR
0.03394871794871795,0.14333333333333334,FedTROS-PR
0.034589743589743586,0.14726666666666666,FedTROS-PR
0.03471794871794872,0.14806666666666668,FedTROS-PR
0.035153846153846154,0.1508,FedTROS-PR
0.03517948717948718,0.15146666666666667,FedTROS-PR
0.03761538461538461,0.16186666666666666,FedTROS-PR
0.03776923076923077,0.16233333333333333,FedTROS-PR
0.04038461538461539,0.1714,FedTROS-PR
0.041,0.17373333333333332,FedTROS-PR
0.04258974358974359,0.1788,FedTROS-PR
0.04258974358974359,0.17893333333333333,FedTROS-PR
0.04341025641025641,0.18126666666666666,FedTROS-PR
0.04592307692307692,0.1872,FedTROS-PR
0.046051282051282054,0.18746666666666667,FedTROS-PR
0.046564102564102566,0.19006666666666666,FedTROS-PR
0.04705128205128205,0.196,FedTROS-PR
0.047846153846153844,0.2032,FedTROS-PR
0.048769230769230766,0.211,FedTROS-PR
0.04953846153846154,0.2144,FedTROS-PR
0.04961538461538462,0.2148,FedTROS-PR
0.050487179487179484,0.2216,FedTROS-PR
0.05069230769230769,0.2228,FedTROS-PR
0.05079487179487179,0.2232,FedTROS-PR
0.050923076923076925,0.22366666666666668,FedTROS-PR
0.051076923076923075,0.2254,FedTROS-PR
0.05112820512820513,0.2272,FedTROS-PR
0.051820512820512823,0.2336,FedTROS-PR
0.051897435897435895,0.234,FedTROS-PR
0.052076923076923076,0.23746666666666666,FedTROS-PR
0.052384615384615384,0.23973333333333333,FedTROS-PR
0.05323076923076923,0.24473333333333333,FedTROS-PR
0.053717948717948716,0.24746666666666667,FedTROS-PR
0.05451282051282051,0.2524,FedTROS-PR
0.05458974358974359,0.2528666666666667,FedTROS-PR
0.054948717948717946,0.25593333333333335,FedTROS-PR
0.05523076923076923,0.2584,FedTROS-PR
0.05523076923076923,0.2584666666666667,FedTROS-PR
0.05551282051282051,0.2616,FedTROS-PR
0.055615384615384615,0.26293333333333335,FedTROS-PR
0.056025641025641025,0.2662,FedTROS-PR
0.056102564102564104,0.2668,FedTROS-PR
0.05671794871794872,0.2720666666666667,FedTROS-PR
0.05712820512820513,0.2742,FedTROS-PR
0.057846153846153846,0.27786666666666665,FedTROS-PR
0.057923076923076924,0.27873333333333333,FedTROS-PR
0.05794871794871795,0.27886666666666665,FedTROS-PR
0.05797435897435897,0.27913333333333334,FedTROS-PR
0.05802564102564103,0.27913333333333334,FedTROS-PR
0.058487179487179485,0.2819333333333333,FedTROS-PR
0.0592051282051282,0.2885333333333333,FedTROS-PR
0.05961538461538462,0.2912666666666667,FedTROS-PR
0.059923076923076926,0.29246666666666665,FedTROS-PR
0.060076923076923076,0.2938,FedTROS-PR
0.06061538461538461,0.29646666666666666,FedTROS-PR
0.06148717948717949,0.3006666666666667,FedTROS-PR
0.06202564102564102,0.30633333333333335,FedTROS-PR
0.06241025641025641,0.309,FedTROS-PR
0.06243589743589743,0.30973333333333336,FedTROS-PR
0.06292307692307693,0.3128,FedTROS-PR
0.06297435897435898,0.3128,FedTROS-PR
0.06356410256410257,0.31506666666666666,FedTROS-PR
0.06405128205128205,0.3158,FedTROS-PR
0.06417948717948718,0.3164,FedTROS-PR
0.0645128205128205,0.3178666666666667,FedTROS-PR
0.06497435897435898,0.32006666666666667,FedTROS-PR
0.06574358974358975,0.3246,FedTROS-PR
0.06594871794871796,0.3246,FedTROS-PR
0.06625641025641026,0.3246,FedTROS-PR
0.06648717948717948,0.3246,FedTROS-PR
0.06705128205128205,0.3246,FedTROS-PR
0.0673076923076923,0.3246,FedTROS-PR
0.06733333333333333,0.325,FedTROS-PR
0.06746153846153846,0.3257333333333333,FedTROS-PR
0.06756410256410256,0.3257333333333333,FedTROS-PR
0.06835897435897435,0.32713333333333333,FedTROS-PR
0.06935897435897435,0.3287333333333333,FedTROS-PR
0.06961538461538462,0.3287333333333333,FedTROS-PR
0.06976923076923076,0.3298,FedTROS-PR
0.06987179487179487,0.33193333333333336,FedTROS-PR
0.07030769230769231,0.33526666666666666,FedTROS-PR
0.07033333333333333,0.33573333333333333,FedTROS-PR
0.07035897435897435,0.33613333333333334,FedTROS-PR
0.07038461538461538,0.3368,FedTROS-PR
0.07038461538461538,0.3372,FedTROS-PR
0.07051282051282051,0.33786666666666665,FedTROS-PR
0.07138461538461538,0.34326666666666666,FedTROS-PR
0.07182051282051283,0.3450666666666667,FedTROS-PR
0.07182051282051283,0.34513333333333335,FedTROS-PR
0.07315384615384615,0.3520666666666667,FedTROS-PR
0.07374358974358974,0.3565333333333333,FedTROS-PR
0.07402564102564102,0.35833333333333334,FedTROS-PR
0.07433333333333333,0.36033333333333334,FedTROS-PR
0.07466666666666667,0.3618,FedTROS-PR
0.07466666666666667,0.36186666666666667,FedTROS-PR
0.07487179487179488,0.36206666666666665,FedTROS-PR
0.0752051282051282,0.36293333333333333,FedTROS-PR
0.07541025641025641,0.36406666666666665,FedTROS-PR
0.07546153846153845,0.36473333333333335,FedTROS-PR
0.07582051282051282,0.3661333333333333,FedTROS-PR
0.07592307692307693,0.3666,FedTROS-PR
0.07612820512820513,0.3678,FedTROS-PR
0.07617948717948718,0.3681333333333333,FedTROS-PR
0.07643589743589743,0.369,FedTROS-PR
0.07666666666666666,0.37046666666666667,FedTROS-PR
0.07710256410256411,0.3724,FedTROS-PR
0.07730769230769231,0.3724,FedTROS-PR
0.07741025641025641,0.3724,FedTROS-PR
0.07787179487179487,0.3748,FedTROS-PR
0.0778974358974359,0.3748666666666667,FedTROS-PR
0.07792307692307693,0.3748666666666667,FedTROS-PR
0.07815384615384616,0.3756,FedTROS-PR
0.07825641025641025,0.3768666666666667,FedTROS-PR
0.07876923076923077,0.3791333333333333,FedTROS-PR
0.07902564102564102,0.3808666666666667,FedTROS-PR
0.07923076923076923,0.38126666666666664,FedTROS-PR
0.07984615384615384,0.38353333333333334,FedTROS-PR
0.0801025641025641,0.38493333333333335,FedTROS-PR
0.08015384615384616,0.385,FedTROS-PR
0.08035897435897436,0.3851333333333333,FedTROS-PR
0.08074358974358975,0.3868,FedTROS-PR
0.08248717948717949,0.39253333333333335,FedTROS-PR
0.08302564102564103,0.3942,FedTROS-PR
0.08315384615384615,0.3948,FedTROS-PR
0.0835897435897436,0.39593333333333336,FedTROS-PR
0.08397435897435897,0.39873333333333333,FedTROS-PR
0.08438461538461539,0.4004666666666667,FedTROS-PR
0.08451282051282051,0.4004666666666667,FedTROS-PR
0.08535897435897435,0.4036666666666667,FedTROS-PR
0.08541025641025642,0.4046,FedTROS-PR
0.08564102564102564,0.40553333333333336,FedTROS-PR
0.08574358974358974,0.4059333333333333,FedTROS-PR
0.08594871794871795,0.40626666666666666,FedTROS-PR
0.08633333333333333,0.4070666666666667,FedTROS-PR
0.08666666666666667,0.4086666666666667,FedTROS-PR
0.08717948717948718,0.4106,FedTROS-PR
0.08779487179487179,0.4120666666666667,FedTROS-PR
0.08784615384615385,0.4125333333333333,FedTROS-PR
0.08861538461538461,0.4140666666666667,FedTROS-PR
0.089,0.4154,FedTROS-PR
0.0891025641025641,0.41546666666666665,FedTROS-PR
0.08930769230769231,0.41546666666666665,FedTROS-PR
0.08935897435897436,0.41546666666666665,FedTROS-PR
0.08935897435897436,0.4156,FedTROS-PR
0.08935897435897436,0.4156666666666667,FedTROS-PR
0.08964102564102563,0.4166666666666667,FedTROS-PR
0.08966666666666667,0.4166666666666667,FedTROS-PR
0.08974358974358974,0.4166666666666667,FedTROS-PR
0.08984615384615384,0.4169333333333333,FedTROS-PR
0.09002564102564102,0.4178,FedTROS-PR
0.09015384615384615,0.418,FedTROS-PR
0.09043589743589743,0.4186,FedTROS-PR
0.09048717948717949,0.419,FedTROS-PR
0.09066666666666667,0.41913333333333336,FedTROS-PR
0.09105128205128205,0.42,FedTROS-PR
0.09105128205128205,0.42013333333333336,FedTROS-PR
0.09141025641025641,0.4222,FedTROS-PR
0.09146153846153846,0.4225333333333333,FedTROS-PR
0.0917948717948718,0.4245333333333333,FedTROS-PR
0.09197435897435897,0.42493333333333333,FedTROS-PR
0.0924871794871795,0.42673333333333335,FedTROS-PR
0.09302564102564102,0.4298666666666667,FedTROS-PR
0.09305128205128205,0.43006666666666665,FedTROS-PR
0.09335897435897436,0.43133333333333335,FedTROS-PR
0.09341025641025641,0.43133333333333335,FedTROS-PR
0.09382051282051282,0.43193333333333334,FedTROS-PR
0.09417948717948718,0.4328666666666667,FedTROS-PR
0.09443589743589743,0.4335333333333333,FedTROS-PR
0.09466666666666666,0.4338666666666667,FedTROS-PR
0.09476923076923077,0.434,FedTROS-PR
0.09484615384615384,0.43406666666666666,FedTROS-PR
0.09507692307692307,0.43506666666666666,FedTROS-PR
0.09535897435897436,0.4357333333333333,FedTROS-PR
0.09582051282051282,0.4378,FedTROS-PR
0.09589743589743589,0.4378,FedTROS-PR
0.09597435897435898,0.43793333333333334,FedTROS-PR
0.09674358974358975,0.44193333333333334,FedTROS-PR
0.09687179487179487,0.44206666666666666,FedTROS-PR
0.09702564102564103,0.4424666666666667,FedTROS-PR
0.09743589743589744,0.44353333333333333,FedTROS-PR
0.09797435897435898,0.4442,FedTROS-PR
0.09864102564102564,0.4456,FedTROS-PR
0.0988974358974359,0.4458,FedTROS-PR
0.09951282051282051,0.4467333333333333,FedTROS-PR
0.09984615384615385,0.44706666666666667,FedTROS-PR
0.10076923076923076,0.44893333333333335,FedTROS-PR
0.10084615384615385,0.4492,FedTROS-PR
0.10112820512820513,0.44993333333333335,FedTROS-PR
0.10115384615384615,0.45026666666666665,FedTROS-PR
0.10174358974358974,0.4512,FedTROS-PR
0.10217948717948717,0.4524,FedTROS-PR
0.10233333333333333,0.4524,FedTROS-PR
0.10256410256410256,0.4528,FedTROS-PR
0.10284615384615385,0.4538,FedTROS-PR
0.10402564102564102,0.4554666666666667,FedTROS-PR
0.10417948717948718,0.4556,FedTROS-PR
0.10428205128205129,0.4560666666666667,FedTROS-PR
0.10446153846153847,0.45626666666666665,FedTROS-PR
0.10464102564102565,0.45693333333333336,FedTROS-PR
0.105,0.4577333333333333,FedTROS-PR
0.10530769230769231,0.45886666666666664,FedTROS-PR
0.1054102564102564,0.4593333333333333,FedTROS-PR
0.10553846153846154,0.45953333333333335,FedTROS-PR
0.10571794871794872,0.4598,FedTROS-PR
0.10579487179487179,0.4598,FedTROS-PR
0.10592307692307693,0.45993333333333336,FedTROS-PR
0.10617948717948718,0.4609333333333333,FedTROS-PR
0.10682051282051282,0.4626,FedTROS-PR
0.10694871794871795,0.4632,FedTROS-PR
0.10702564102564102,0.46373333333333333,FedTROS-PR
0.10705128205128205,0.46373333333333333,FedTROS-PR
0.10715384615384616,0.4638,FedTROS-PR
0.10723076923076923,0.4639333333333333,FedTROS-PR
0.10761538461538461,0.4646666666666667,FedTROS-PR
0.10774358974358975,0.4649333333333333,FedTROS-PR
0.10802564102564102,0.4653333333333333,FedTROS-PR
0.10828205128205128,0.4654,FedTROS-PR
0.10851282051282052,0.4654,FedTROS-PR
0.10861538461538461,0.4656,FedTROS-PR
0.10864102564102564,0.46573333333333333,FedTROS-PR
0.10894871794871795,0.4664,FedTROS-PR
0.10925641025641025,0.46686666666666665,FedTROS-PR
0.10930769230769231,0.467,FedTROS-PR
0.10958974358974359,0.46713333333333334,FedTROS-PR
0.1097948717948718,0.4676,FedTROS-PR
0.11038461538461539,0.46873333333333334,FedTROS-PR
0.1107948717948718,0.469,FedTROS-PR
0.1111025641025641,0.4692,FedTROS-PR
0.11176923076923077,0.47013333333333335,FedTROS-PR
0.11184615384615385,0.4703333333333333,FedTROS-PR
0.11217948717948718,0.4712,FedTROS-PR
0.11235897435897436,0.47146666666666665,FedTROS-PR
0.11271794871794871,0.4729333333333333,FedTROS-PR
0.11271794871794871,0.47326666666666667,FedTROS-PR
0.11292307692307692,0.47386666666666666,FedTROS-PR
0.11305128205128205,0.47433333333333333,FedTROS-PR
0.11405128205128205,0.47686666666666666,FedTROS-PR
0.11420512820512821,0.4774,FedTROS-PR
0.11428205128205128,0.47786666666666666,FedTROS-PR
0.11494871794871794,0.4784,FedTROS-PR
0.11517948717948719,0.4786666666666667,FedTROS-PR
0.11541025641025641,0.4788,FedTROS-PR
0.11551282051282051,0.47906666666666664,FedTROS-PR
0.11553846153846153,0.47913333333333336,FedTROS-PR
0.11561538461538462,0.47946666666666665,FedTROS-PR
0.11582051282051282,0.48,FedTROS-PR
0.11592307692307692,0.4802666666666667,FedTROS-PR
0.1161025641025641,0.48113333333333336,FedTROS-PR
0.11653846153846154,0.4815333333333333,FedTROS-PR
0.11661538461538462,0.4816666666666667,FedTROS-PR
0.11661538461538462,0.4818,FedTROS-PR
0.11705128205128205,0.4829333333333333,FedTROS-PR
0.11712820512820513,0.4829333333333333,FedTROS-PR
0.11735897435897436,0.4836,FedTROS-PR
0.11764102564102565,0.4839333333333333,FedTROS-PR
0.11764102564102565,0.48413333333333336,FedTROS-PR
0.11802564102564103,0.4846666666666667,FedTROS-PR
0.11828205128205128,0.48473333333333335,FedTROS-PR
0.11838461538461538,0.485,FedTROS-PR
0.11917948717948718,0.4862666666666667,FedTROS-PR
0.1192051282051282,0.48673333333333335,FedTROS-PR
0.11974358974358974,0.48746666666666666,FedTROS-PR
0.11987179487179488,0.48746666666666666,FedTROS-PR
0.1198974358974359,0.48746666666666666,FedTROS-PR
0.12015384615384615,0.488,FedTROS-PR
0.12023076923076922,0.48833333333333334,FedTROS-PR
0.12035897435897436,0.48873333333333335,FedTROS-PR
0.12056410256410256,0.48906666666666665,FedTROS-PR
0.12094871794871795,0.48993333333333333,FedTROS-PR
0.1216923076923077,0.4912666666666667,FedTROS-PR
0.12228205128205129,0.4922666666666667,FedTROS-PR
0.12230769230769231,0.4922666666666667,FedTROS-PR
0.12241025641025641,0.4926,FedTROS-PR
0.12287179487179486,0.4932,FedTROS-PR
0.12335897435897436,0.4934,FedTROS-PR
0.12351282051282052,0.49366666666666664,FedTROS-PR
0.12376923076923077,0.49466666666666664,FedTROS-PR
0.12425641025641025,0.4958666666666667,FedTROS-PR
0.12456410256410257,0.4964,FedTROS-PR
0.12474358974358975,0.4965333333333333,FedTROS-PR
0.12512820512820513,0.4971333333333333,FedTROS-PR
0.12556410256410255,0.4974,FedTROS-PR
0.1256923076923077,0.4975333333333333,FedTROS-PR
0.12582051282051282,0.49773333333333336,FedTROS-PR
0.12630769230769232,0.49906666666666666,FedTROS-PR
0.12656410256410255,0.4996,FedTROS-PR
0.12715384615384615,0.5008666666666667,FedTROS-PR
0.12735897435897436,0.5012666666666666,FedTROS-PR
0.12812820512820514,0.5018,FedTROS-PR
0.12817948717948718,0.5019333333333333,FedTROS-PR
0.1285897435897436,0.5034666666666666,FedTROS-PR
0.12874358974358974,0.5036,FedTROS-PR
0.1295897435897436,0.5048,FedTROS-PR
0.1306923076923077,0.5064666666666666,FedTROS-PR
0.1306923076923077,0.5066666666666667,FedTROS-PR
0.13092307692307692,0.5075333333333333,FedTROS-PR
0.13097435897435897,0.5078666666666667,FedTROS-PR
0.1311025641025641,0.5082,FedTROS-PR
0.13112820512820514,0.5082666666666666,FedTROS-PR
0.13130769230769232,0.5086666666666667,FedTROS-PR
0.13207692307692306,0.5086666666666667,FedTROS-PR
0.13297435897435897,0.5086666666666667,FedTROS-PR
0.13323076923076924,0.5088,FedTROS-PR
0.13364102564102565,0.5096666666666667,FedTROS-PR
0.13366666666666666,0.5097333333333334,FedTROS-PR
0.1337948717948718,0.5106,FedTROS-PR
0.13382051282051283,0.5106,FedTROS-PR
0.13389743589743588,0.5107333333333334,FedTROS-PR
0.13441025641025642,0.5116666666666667,FedTROS-PR
0.13464102564102565,0.5126,FedTROS-PR
0.1347948717948718,0.5127333333333334,FedTROS-PR
0.13551282051282051,0.5138,FedTROS-PR
0.1357179487179487,0.5147333333333334,FedTROS-PR
0.13584615384615384,0.5151333333333333,FedTROS-PR
0.13584615384615384,0.5152,FedTROS-PR
0.13587179487179488,0.5154666666666666,FedTROS-PR
0.13592307692307692,0.5154666666666666,FedTROS-PR
0.13664102564102565,0.5160666666666667,FedTROS-PR
0.13674358974358974,0.5164666666666666,FedTROS-PR
0.13702564102564102,0.5174,FedTROS-PR
0.1373076923076923,0.5178666666666667,FedTROS-PR
0.1381025641025641,0.5200666666666667,FedTROS-PR
0.13815384615384615,0.5206666666666667,FedTROS-PR
0.13841025641025642,0.5208,FedTROS-PR
0.13866666666666666,0.5212,FedTROS-PR
0.13892307692307693,0.5214,FedTROS-PR
0.13938461538461538,0.5214,FedTROS-PR
0.13946153846153847,0.5218,FedTROS-PR
0.1396923076923077,0.5225333333333333,FedTROS-PR
0.13974358974358975,0.5228666666666667,FedTROS-PR
0.13982051282051283,0.5230666666666667,FedTROS-PR
0.14012820512820512,0.5242,FedTROS-PR
0.1406923076923077,0.5245333333333333,FedTROS-PR
0.1412051282051282,0.5245333333333333,FedTROS-PR
0.14133333333333334,0.5248666666666667,FedTROS-PR
0.14174358974358975,0.5248666666666667,FedTROS-PR
0.14184615384615384,0.5252,FedTROS-PR
0.1424102564102564,0.5266,FedTROS-PR
0.14246153846153847,0.5266,FedTROS-PR
0.14256410256410257,0.5268,FedTROS-PR
0.14258974358974358,0.5268666666666667,FedTROS-PR
0.14261538461538462,0.5268666666666667,FedTROS-PR
0.14312820512820512,0.5286,FedTROS-PR
0.14346153846153847,0.5300666666666667,FedTROS-PR
0.14364102564102565,0.5306,FedTROS-PR
0.14387179487179488,0.531,FedTROS-PR
0.14402564102564103,0.5316666666666666,FedTROS-PR
0.14507692307692308,0.5337333333333333,FedTROS-PR
0.14553846153846153,0.5351333333333333,FedTROS-PR
0.14553846153846153,0.5353333333333333,FedTROS-PR
0.14584615384615385,0.5362666666666667,FedTROS-PR
0.14584615384615385,0.5364666666666666,FedTROS-PR
0.14674358974358975,0.5376666666666666,FedTROS-PR
0.14761538461538462,0.5391333333333334,FedTROS-PR
0.14774358974358975,0.5393333333333333,FedTROS-PR
0.14794871794871794,0.5403333333333333,FedTROS-PR
0.14805128205128204,0.5405333333333333,FedTROS-PR
0.14807692307692308,0.5405333333333333,FedTROS-PR
0.1488974358974359,0.5435333333333333,FedTROS-PR
0.14902564102564103,0.5444,FedTROS-PR
0.14915384615384616,0.5448666666666667,FedTROS-PR
0.1494871794871795,0.5460666666666667,FedTROS-PR
0.15023076923076922,0.5471333333333334,FedTROS-PR
0.15028205128205127,0.5472666666666667,FedTROS-PR
0.15123076923076922,0.5485333333333333,FedTROS-PR
0.15143589743589744,0.5487333333333333,FedTROS-PR
0.15171794871794872,0.5492,FedTROS-PR
0.15202564102564103,0.5498666666666666,FedTROS-PR
0.15228205128205127,0.5503333333333333,FedTROS-PR
0.1527948717948718,0.5512,FedTROS-PR
0.15294871794871795,0.5514666666666667,FedTROS-PR
0.1534871794871795,0.5522,FedTROS-PR
0.15369230769230768,0.5528666666666666,FedTROS-PR
0.15387179487179486,0.5535333333333333,FedTROS-PR
0.15415384615384614,0.5540666666666667,FedTROS-PR
0.15417948717948718,0.5541333333333334,FedTROS-PR
0.15471794871794872,0.5556,FedTROS-PR
0.15538461538461537,0.5568,FedTROS-PR
0.1555128205128205,0.5570666666666667,FedTROS-PR
0.15564102564102564,0.5570666666666667,FedTROS-PR
0.1561025641025641,0.5578666666666666,FedTROS-PR
0.15643589743589745,0.5589333333333333,FedTROS-PR
0.15679487179487178,0.5596666666666666,FedTROS-PR
0.15756410256410255,0.5612666666666667,FedTROS-PR
0.15792307692307692,0.5617333333333333,FedTROS-PR
0.1582051282051282,0.5624,FedTROS-PR
0.15853846153846154,0.5628,FedTROS-PR
0.1586153846153846,0.5631333333333334,FedTROS-PR
0.15871794871794873,0.5639333333333333,FedTROS-PR
0.15935897435897436,0.5644666666666667,FedTROS-PR
0.15935897435897436,0.5645333333333333,FedTROS-PR
0.1598974358974359,0.5653333333333334,FedTROS-PR
0.16038461538461538,0.5656,FedTROS-PR
0.16197435897435897,0.5694666666666667,FedTROS-PR
0.16225641025641024,0.57,FedTROS-PR
0.16253846153846155,0.5703333333333334,FedTROS-PR
0.16282051282051282,0.5704,FedTROS-PR
0.16302564102564102,0.5704,FedTROS-PR
0.16305128205128205,0.5704,FedTROS-PR
0.1631025641025641,0.5704666666666667,FedTROS-PR
0.1631025641025641,0.5705333333333333,FedTROS-PR
0.16374358974358974,0.5715333333333333,FedTROS-PR
0.16374358974358974,0.5716,FedTROS-PR
0.16382051282051283,0.5719333333333333,FedTROS-PR
0.16397435897435897,0.5721333333333334,FedTROS-PR
0.16405128205128205,0.5724,FedTROS-PR
0.16407692307692306,0.5724,FedTROS-PR
0.16528205128205128,0.5747333333333333,FedTROS-PR
0.16546153846153847,0.5753333333333334,FedTROS-PR
0.16638461538461538,0.5768,FedTROS-PR
0.1667948717948718,0.5774666666666667,FedTROS-PR
0.1676923076923077,0.5787333333333333,FedTROS-PR
0.1682051282051282,0.5796,FedTROS-PR
0.16823076923076924,0.5799333333333333,FedTROS-PR
0.1683076923076923,0.5799333333333333,FedTROS-PR
0.16856410256410256,0.5809333333333333,FedTROS-PR
0.1687179487179487,0.5812666666666667,FedTROS-PR
0.16956410256410256,0.5823333333333334,FedTROS-PR
0.16976923076923076,0.5826,FedTROS-PR
0.16997435897435897,0.5834666666666667,FedTROS-PR
0.17038461538461538,0.5847333333333333,FedTROS-PR
0.17043589743589743,0.5849333333333333,FedTROS-PR
0.17048717948717948,0.5852666666666667,FedTROS-PR
0.1705897435897436,0.5852666666666667,FedTROS-PR
0.1705897435897436,0.5854666666666667,FedTROS-PR
0.17082051282051283,0.5858666666666666,FedTROS-PR
0.17102564102564102,0.5858666666666666,FedTROS-PR
0.1712051282051282,0.5859333333333333,FedTROS-PR
0.1713076923076923,0.5859333333333333,FedTROS-PR
0.17148717948717948,0.586,FedTROS-PR
0.17187179487179488,0.5862,FedTROS-PR
0.1728974358974359,0.5874666666666667,FedTROS-PR
0.17315384615384616,0.5880666666666666,FedTROS-PR
0.17315384615384616,0.5881333333333333,FedTROS-PR
0.17325641025641025,0.5882,FedTROS-PR
0.1732820512820513,0.5882,FedTROS-PR
0.17384615384615384,0.5898,FedTROS-PR
0.17417948717948717,0.5902666666666667,FedTROS-PR
0.17425641025641025,0.5903333333333334,FedTROS-PR
0.17564102564102563,0.5912,FedTROS-PR
0.1763076923076923,0.5912,FedTROS-PR
0.17643589743589744,0.5913333333333334,FedTROS-PR
0.17694871794871794,0.5926,FedTROS-PR
0.17697435897435898,0.5927333333333333,FedTROS-PR
0.1776923076923077,0.5933333333333334,FedTROS-PR
0.1784102564102564,0.5945333333333334,FedTROS-PR
0.17858974358974358,0.5952666666666667,FedTROS-PR
0.17887179487179486,0.5954,FedTROS-PR
0.17915384615384616,0.5954666666666667,FedTROS-PR
0.1794102564102564,0.5955333333333334,FedTROS-PR
0.1794871794871795,0.5955333333333334,FedTROS-PR
0.17953846153846154,0.5956,FedTROS-PR
0.17961538461538462,0.5956666666666667,FedTROS-PR
0.1798974358974359,0.5959333333333333,FedTROS-PR
0.18007692307692308,0.5959333333333333,FedTROS-PR
0.18025641025641026,0.596,FedTROS-PR
0.18066666666666667,0.5960666666666666,FedTROS-PR
0.18076923076923077,0.5962,FedTROS-PR
0.1807948717948718,0.5963333333333334,FedTROS-PR
0.18102564102564103,0.5963333333333334,FedTROS-PR
0.18128205128205127,0.5963333333333334,FedTROS-PR
0.1823076923076923,0.5974,FedTROS-PR
0.1824102564102564,0.5976666666666667,FedTROS-PR
0.18246153846153845,0.5978,FedTROS-PR
0.18323076923076922,0.5995333333333334,FedTROS-PR
0.18333333333333332,0.5998,FedTROS-PR
0.1835128205128205,0.6004666666666667,FedTROS-PR
0.1835897435897436,0.6005333333333334,FedTROS-PR
0.18594871794871795,0.6012,FedTROS-PR
0.18607692307692308,0.6013333333333334,FedTROS-PR
0.18617948717948718,0.6016,FedTROS-PR
0.18638461538461537,0.6022,FedTROS-PR
0.1865128205128205,0.6022,FedTROS-PR
0.18776923076923077,0.6045333333333334,FedTROS-PR
0.18807692307692309,0.6045333333333334,FedTROS-PR
0.18823076923076923,0.6049333333333333,FedTROS-PR
0.18833333333333332,0.6056666666666667,FedTROS-PR
0.18833333333333332,0.6057333333333333,FedTROS-PR
0.18835897435897436,0.6057333333333333,FedTROS-PR
0.18876923076923077,0.6066666666666667,FedTROS-PR
0.18902564102564104,0.6072,FedTROS-PR
0.18943589743589745,0.6078666666666667,FedTROS-PR
0.1896153846153846,0.608,FedTROS-PR
0.18971794871794873,0.6080666666666666,FedTROS-PR
0.18987179487179487,0.6082666666666666,FedTROS-PR
0.18994871794871795,0.6082666666666666,FedTROS-PR
0.19005128205128205,0.6084,FedTROS-PR
0.19030769230769232,0.6096,FedTROS-PR
0.19133333333333333,0.6107333333333334,FedTROS-PR
0.19166666666666668,0.6110666666666666,FedTROS-PR
0.19174358974358974,0.6113333333333333,FedTROS-PR
0.192,0.6115333333333334,FedTROS-PR
0.19292307692307692,0.6144666666666667,FedTROS-PR
0.19302564102564101,0.6146,FedTROS-PR
0.19317948717948719,0.6146666666666667,FedTROS-PR
0.1934871794871795,0.6158,FedTROS-PR
0.1935128205128205,0.6158,FedTROS-PR
0.19397435897435897,0.6171333333333333,FedTROS-PR
0.19412820512820514,0.618,FedTROS-PR
0.19425641025641024,0.6182,FedTROS-PR
0.19453846153846155,0.6182,FedTROS-PR
0.19466666666666665,0.6186666666666667,FedTROS-PR
0.195,0.62,FedTROS-PR
0.19533333333333333,0.6214666666666666,FedTROS-PR
0.19576923076923078,0.6223333333333333,FedTROS-PR
0.19602564102564102,0.6233333333333333,FedTROS-PR
0.1963076923076923,0.6241333333333333,FedTROS-PR
0.19646153846153847,0.6241333333333333,FedTROS-PR
0.19666666666666666,0.6244666666666666,FedTROS-PR
0.1967948717948718,0.6247333333333334,FedTROS-PR
0.19682051282051283,0.6248,FedTROS-PR
0.1971794871794872,0.6251333333333333,FedTROS-PR
0.1976153846153846,0.6262666666666666,FedTROS-PR
0.1976923076923077,0.6264,FedTROS-PR
0.1977179487179487,0.6264,FedTROS-PR
0.19787179487179488,0.627,FedTROS-PR
0.19812820512820511,0.6273333333333333,FedTROS-PR
0.19838461538461538,0.6279333333333333,FedTROS-PR
0.19846153846153847,0.6279333333333333,FedTROS-PR
0.1997948717948718,0.6296666666666667,FedTROS-PR
0.20046153846153847,0.6312,FedTROS-PR
0.20051282051282052,0.6318666666666667,FedTROS-PR
0.2006923076923077,0.6320666666666667,FedTROS-PR
0.2011025641025641,0.634,FedTROS-PR
0.20133333333333334,0.6352,FedTROS-PR
0.20148717948717948,0.6359333333333334,FedTROS-PR
0.20182051282051283,0.6364,FedTROS-PR
0.2018974358974359,0.6366,FedTROS-PR
0.2026923076923077,0.6377333333333334,FedTROS-PR
0.2026923076923077,0.6379333333333334,FedTROS-PR
0.2032820512820513,0.6384,FedTROS-PR
0.2032820512820513,0.6384666666666666,FedTROS-PR
0.20361538461538461,0.6389333333333334,FedTROS-PR
0.20366666666666666,0.6389333333333334,FedTROS-PR
0.20402564102564102,0.6394,FedTROS-PR
0.20433333333333334,0.6407333333333334,FedTROS-PR
0.2044102564102564,0.6407333333333334,FedTROS-PR
0.20448717948717948,0.6412666666666667,FedTROS-PR
0.20451282051282052,0.6414,FedTROS-PR
0.20456410256410257,0.6416,FedTROS-PR
0.20464102564102565,0.6418,FedTROS-PR
0.2047948717948718,0.642,FedTROS-PR
0.20492307692307693,0.6420666666666667,FedTROS-PR
0.2056923076923077,0.6433333333333333,FedTROS-PR
0.2058974358974359,0.6436,FedTROS-PR
0.20615384615384616,0.6444666666666666,FedTROS-PR
0.20615384615384616,0.6446,FedTROS-PR
0.20625641025641026,0.6446666666666667,FedTROS-PR
0.2063076923076923,0.6446666666666667,FedTROS-PR
0.20707692307692308,0.6460666666666667,FedTROS-PR
0.2072051282051282,0.6463333333333333,FedTROS-PR
0.2074102564102564,0.6467333333333334,FedTROS-PR
0.2078974358974359,0.6470666666666667,FedTROS-PR
0.20853846153846153,0.6478,FedTROS-PR
0.20864102564102563,0.6479333333333334,FedTROS-PR
0.20897435897435898,0.6480666666666667,FedTROS-PR
0.20943589743589744,0.6486,FedTROS-PR
0.20964102564102563,0.6486666666666666,FedTROS-PR
0.20984615384615385,0.649,FedTROS-PR
0.2098974358974359,0.6492,FedTROS-PR
0.20994871794871794,0.6493333333333333,FedTROS-PR
0.21007692307692308,0.6495333333333333,FedTROS-PR
0.21007692307692308,0.6496,FedTROS-PR
0.21025641025641026,0.6500666666666667,FedTROS-PR
0.2104102564102564,0.6504666666666666,FedTROS-PR
0.2107948717948718,0.6513333333333333,FedTROS-PR
0.21102564102564103,0.6522,FedTROS-PR
0.2112051282051282,0.6527333333333334,FedTROS-PR
0.21128205128205127,0.6529333333333334,FedTROS-PR
0.21146153846153845,0.6532,FedTROS-PR
0.21164102564102563,0.6536,FedTROS-PR
0.2123846153846154,0.6546666666666666,FedTROS-PR
0.21258974358974358,0.6548666666666667,FedTROS-PR
0.21264102564102563,0.6551333333333333,FedTROS-PR
0.2131025641025641,0.6558666666666667,FedTROS-PR
0.21325641025641026,0.656,FedTROS-PR
0.21353846153846154,0.6563333333333333,FedTROS-PR
0.21420512820512821,0.6571333333333333,FedTROS-PR
0.2143076923076923,0.6572666666666667,FedTROS-PR
0.21523076923076923,0.6592,FedTROS-PR
0.2158974358974359,0.6606666666666666,FedTROS-PR
0.2159230769230769,0.6606666666666666,FedTROS-PR
0.21625641025641026,0.6608,FedTROS-PR
0.2167948717948718,0.6626666666666666,FedTROS-PR
0.21712820512820513,0.6638,FedTROS-PR
0.21728205128205128,0.6639333333333334,FedTROS-PR
0.2183076923076923,0.667,FedTROS-PR
0.21871794871794872,0.6674,FedTROS-PR
0.21907692307692309,0.6674,FedTROS-PR
0.21974358974358973,0.669,FedTROS-PR
0.21974358974358973,0.6691333333333334,FedTROS-PR
0.2205128205128205,0.6696666666666666,FedTROS-PR
0.2208974358974359,0.6696666666666666,FedTROS-PR
0.22135897435897436,0.671,FedTROS-PR
0.2218974358974359,0.6714666666666667,FedTROS-PR
0.22197435897435897,0.6715333333333333,FedTROS-PR
0.22225641025641027,0.6718666666666666,FedTROS-PR
0.2224102564102564,0.6719333333333334,FedTROS-PR
0.2231025641025641,0.673,FedTROS-PR
0.2235128205128205,0.6742,FedTROS-PR
0.22382051282051282,0.6750666666666667,FedTROS-PR
0.22417948717948719,0.676,FedTROS-PR
0.22423076923076923,0.676,FedTROS-PR
0.22433333333333333,0.6765333333333333,FedTROS-PR
0.22505128205128205,0.6787333333333333,FedTROS-PR
0.22515384615384615,0.6788666666666666,FedTROS-PR
0.22525641025641024,0.6795333333333333,FedTROS-PR
0.22528205128205128,0.6797333333333333,FedTROS-PR
0.22564102564102564,0.6804666666666667,FedTROS-PR
0.2257948717948718,0.6806,FedTROS-PR
0.22607692307692306,0.6807333333333333,FedTROS-PR
0.2265897435897436,0.681,FedTROS-PR
0.22684615384615384,0.681,FedTROS-PR
0.227,0.6814,FedTROS-PR
0.2273076923076923,0.6821333333333334,FedTROS-PR
0.22738461538461538,0.6822,FedTROS-PR
0.2275128205128205,0.6822666666666667,FedTROS-PR
0.2275897435897436,0.6825333333333333,FedTROS-PR
0.22776923076923078,0.6833333333333333,FedTROS-PR
0.2277948717948718,0.6833333333333333,FedTROS-PR
0.2286153846153846,0.6846,FedTROS-PR
0.22915384615384615,0.6857333333333333,FedTROS-PR
0.2291794871794872,0.686,FedTROS-PR
0.22943589743589743,0.6862666666666667,FedTROS-PR
0.2295897435897436,0.6866666666666666,FedTROS-PR
0.22964102564102565,0.6869333333333333,FedTROS-PR
0.22992307692307692,0.6874666666666667,FedTROS-PR
0.23002564102564102,0.6881333333333334,FedTROS-PR
0.23048717948717948,0.6889333333333333,FedTROS-PR
0.23066666666666666,0.6892,FedTROS-PR
0.2311025641025641,0.69,FedTROS-PR
0.23215384615384616,0.6902666666666667,FedTROS-PR
0.23248717948717948,0.6908666666666666,FedTROS-PR
0.23287179487179488,0.6918,FedTROS-PR
0.23312820512820512,0.6921333333333334,FedTROS-PR
0.23348717948717948,0.6926666666666667,FedTROS-PR
0.2337179487179487,0.6932666666666667,FedTROS-PR
0.2337948717948718,0.6933333333333334,FedTROS-PR
0.23384615384615384,0.6934,FedTROS-PR
0.234,0.6936666666666667,FedTROS-PR
0.23402564102564102,0.6937333333333333,FedTROS-PR
0.23405128205128206,0.694,FedTROS-PR
0.23456410256410257,0.6944666666666667,FedTROS-PR
0.23492307692307693,0.6947333333333333,FedTROS-PR
0.23512820512820512,0.695,FedTROS-PR
0.23515384615384616,0.6952,FedTROS-PR
0.2354102564102564,0.6958,FedTROS-PR
0.2354102564102564,0.6958666666666666,FedTROS-PR
0.23582051282051283,0.6967333333333333,FedTROS-PR
0.23597435897435898,0.6971333333333334,FedTROS-PR
0.23648717948717948,0.6982666666666667,FedTROS-PR
0.23702564102564103,0.6995333333333333,FedTROS-PR
0.23776923076923076,0.7002,FedTROS-PR
0.2378205128205128,0.7002,FedTROS-PR
0.23797435897435898,0.7002,FedTROS-PR
0.2382051282051282,0.7002,FedTROS-PR
0.2386923076923077,0.7004,FedTROS-PR
0.23894871794871794,0.7004,FedTROS-PR
0.23912820512820512,0.7008,FedTROS-PR
0.2393076923076923,0.701,FedTROS-PR
0.23961538461538462,0.7014,FedTROS-PR
0.23997435897435898,0.7022,FedTROS-PR
0.24017948717948717,0.703,FedTROS-PR
0.2402820512820513,0.7034666666666667,FedTROS-PR
0.24046153846153845,0.7038666666666666,FedTROS-PR
0.24135897435897435,0.7050666666666666,FedTROS-PR
0.24146153846153845,0.7052666666666667,FedTROS-PR
0.24264102564102563,0.7059333333333333,FedTROS-PR
0.24276923076923076,0.7062,FedTROS-PR
0.24356410256410257,0.7064666666666667,FedTROS-PR
0.24397435897435898,0.7068,FedTROS-PR
0.24407692307692308,0.7070666666666666,FedTROS-PR
0.2449230769230769,0.7078666666666666,FedTROS-PR
0.24528205128205127,0.7078666666666666,FedTROS-PR
0.2453846153846154,0.708,FedTROS-PR
0.24561538461538462,0.7085333333333333,FedTROS-PR
0.24571794871794872,0.7086666666666667,FedTROS-PR
0.2463076923076923,0.7095333333333333,FedTROS-PR
0.24705128205128205,0.7104,FedTROS-PR
0.24712820512820513,0.7106,FedTROS-PR
0.2474102564102564,0.7116,FedTROS-PR
0.24761538461538463,0.7119333333333333,FedTROS-PR
0.24761538461538463,0.712,FedTROS-PR
0.24761538461538463,0.7121333333333333,FedTROS-PR
0.24766666666666667,0.7121333333333333,FedTROS-PR
0.2478974358974359,0.7126666666666667,FedTROS-PR
0.2479230769230769,0.7127333333333333,FedTROS-PR
0.24815384615384614,0.7131333333333333,FedTROS-PR
0.24835897435897436,0.7132,FedTROS-PR
0.24853846153846154,0.7133333333333334,FedTROS-PR
0.2498974358974359,0.7137333333333333,FedTROS-PR
0.2501282051282051,0.7137333333333333,FedTROS-PR
0.2501794871794872,0.7140666666666666,FedTROS-PR
0.25023076923076926,0.7140666666666666,FedTROS-PR
0.25041025641025644,0.7144,FedTROS-PR
0.25046153846153846,0.7144666666666667,FedTROS-PR
0.25064102564102564,0.7149333333333333,FedTROS-PR
0.25084615384615383,0.7155333333333334,FedTROS-PR
0.2508974358974359,0.7156,FedTROS-PR
0.2511282051282051,0.7161333333333333,FedTROS-PR
0.2512051282051282,0.7162,FedTROS-PR
0.25251282051282053,0.7162,FedTROS-PR
0.25358974358974357,0.7162,FedTROS-PR
0.2539230769230769,0.7163333333333334,FedTROS-PR
0.25456410256410256,0.7174,FedTROS-PR
0.25461538461538463,0.7174,FedTROS-PR
0.2548717948717949,0.7174666666666667,FedTROS-PR
0.25494871794871793,0.7176,FedTROS-PR
0.25553846153846155,0.7185333333333334,FedTROS-PR
0.25676923076923075,0.7188,FedTROS-PR
0.25687179487179485,0.7188,FedTROS-PR
0.2570769230769231,0.7188,FedTROS-PR
0.25769230769230766,0.7194,FedTROS-PR
0.2583846153846154,0.7198,FedTROS-PR
0.25853846153846155,0.7200666666666666,FedTROS-PR
0.25858974358974357,0.7200666666666666,FedTROS-PR
0.25869230769230767,0.7203333333333334,FedTROS-PR
0.25894871794871793,0.7204,FedTROS-PR
0.2594102564102564,0.7207333333333333,FedTROS-PR
0.25946153846153847,0.7208666666666667,FedTROS-PR
0.25964102564102565,0.7211333333333333,FedTROS-PR
0.25994871794871793,0.7212,FedTROS-PR
0.2604102564102564,0.7218,FedTROS-PR
0.26061538461538464,0.7219333333333333,FedTROS-PR
0.26082051282051283,0.722,FedTROS-PR
0.2611538461538462,0.7226,FedTROS-PR
0.2611794871794872,0.7226,FedTROS-PR
0.26161538461538464,0.7230666666666666,FedTROS-PR
0.26176923076923075,0.7231333333333333,FedTROS-PR
0.26382051282051283,0.7257333333333333,FedTROS-PR
0.26387179487179485,0.7257333333333333,FedTROS-PR
0.26415384615384613,0.726,FedTROS-PR
0.2642051282051282,0.726,FedTROS-PR
0.26453846153846156,0.726,FedTROS-PR
0.2647948717948718,0.726,FedTROS-PR
0.26494871794871794,0.7263333333333334,FedTROS-PR
0.2652564102564103,0.7269333333333333,FedTROS-PR
0.2654102564102564,0.7273333333333334,FedTROS-PR
0.26587179487179485,0.7278666666666667,FedTROS-PR
0.2663846153846154,0.7286666666666667,FedTROS-PR
0.2664102564102564,0.7287333333333333,FedTROS-PR
0.26653846153846156,0.7288,FedTROS-PR
0.26674358974358975,0.7294,FedTROS-PR
0.26676923076923076,0.7294666666666667,FedTROS-PR
0.2673846153846154,0.7307333333333333,FedTROS-PR
0.26784615384615384,0.7312,FedTROS-PR
0.26784615384615384,0.7313333333333333,FedTROS-PR
0.2681025641025641,0.7316666666666667,FedTROS-PR
0.2683076923076923,0.7317333333333333,FedTROS-PR
0.2683589743589744,0.7320666666666666,FedTROS-PR
0.2683589743589744,0.7321333333333333,FedTROS-PR
0.2684871794871795,0.7323333333333333,FedTROS-PR
0.26905128205128204,0.7323333333333333,FedTROS-PR
0.2691025641025641,0.7323333333333333,FedTROS-PR
0.2692307692307692,0.7324,FedTROS-PR
0.2694102564102564,0.7324,FedTROS-PR
0.27002564102564103,0.733,FedTROS-PR
0.27002564102564103,0.7330666666666666,FedTROS-PR
0.27015384615384613,0.7332666666666666,FedTROS-PR
0.2704358974358974,0.7334,FedTROS-PR
0.27064102564102566,0.7334,FedTROS-PR
0.27071794871794874,0.7337333333333333,FedTROS-PR
0.27097435897435895,0.7342,FedTROS-PR
0.27125641025641023,0.7346,FedTROS-PR
0.27192307692307693,0.7346666666666667,FedTROS-PR
0.2723589743589744,0.7354666666666667,FedTROS-PR
0.2723846153846154,0.7356,FedTROS-PR
0.2724358974358974,0.7356666666666667,FedTROS-PR
0.2724615384615385,0.7358666666666667,FedTROS-PR
0.2727948717948718,0.7362666666666666,FedTROS-PR
0.2735897435897436,0.7375333333333334,FedTROS-PR
0.27376923076923076,0.7378666666666667,FedTROS-PR
0.27384615384615385,0.7381333333333333,FedTROS-PR
0.2741282051282051,0.7384,FedTROS-PR
0.27466666666666667,0.7389333333333333,FedTROS-PR
0.27482051282051284,0.739,FedTROS-PR
0.2751282051282051,0.7394,FedTROS-PR
0.27525641025641023,0.7396666666666667,FedTROS-PR
0.2753589743589744,0.7396666666666667,FedTROS-PR
0.2754615384615385,0.7400666666666667,FedTROS-PR
0.2754615384615385,0.7401333333333333,FedTROS-PR
0.2757948717948718,0.7406,FedTROS-PR
0.276,0.7407333333333334,FedTROS-PR
0.27605128205128204,0.7407333333333334,FedTROS-PR
0.2775384615384615,0.7420666666666667,FedTROS-PR
0.27864102564102566,0.7420666666666667,FedTROS-PR
0.27887179487179486,0.7424666666666667,FedTROS-PR
0.27897435897435896,0.7424666666666667,FedTROS-PR
0.2792051282051282,0.7431333333333333,FedTROS-PR
0.2792307692307692,0.7431333333333333,FedTROS-PR
0.2795384615384615,0.7437333333333334,FedTROS-PR
0.27994871794871795,0.7442,FedTROS-PR
0.28064102564102567,0.7457333333333334,FedTROS-PR
0.28082051282051285,0.7457333333333334,FedTROS-PR
0.28184615384615386,0.7464666666666666,FedTROS-PR
0.28225641025641024,0.7464666666666666,FedTROS-PR
0.2824102564102564,0.7466,FedTROS-PR
0.28387179487179487,0.7484,FedTROS-PR
0.2846666666666667,0.7489333333333333,FedTROS-PR
0.28487179487179487,0.7492666666666666,FedTROS-PR
0.28523076923076923,0.7495333333333334,FedTROS-PR
0.2853333333333333,0.7499333333333333,FedTROS-PR
0.2853333333333333,0.75,FedTROS-PR
0.2855641025641026,0.7505333333333334,FedTROS-PR
0.28592307692307695,0.7508,FedTROS-PR
0.28597435897435897,0.7509333333333333,FedTROS-PR
0.2864358974358974,0.7517333333333334,FedTROS-PR
0.2865641025641026,0.752,FedTROS-PR
0.2866666666666667,0.7520666666666667,FedTROS-PR
0.2873846153846154,0.7522666666666666,FedTROS-PR
0.28917948717948716,0.7528666666666667,FedTROS-PR
0.2905384615384615,0.7528666666666667,FedTROS-PR
0.2906923076923077,0.7534666666666666,FedTROS-PR
0.2909230769230769,0.7534666666666666,FedTROS-PR
0.291,0.7537333333333334,FedTROS-PR
0.29128205128205126,0.7546666666666667,FedTROS-PR
0.2913076923076923,0.7546666666666667,FedTROS-PR
0.2916666666666667,0.7547333333333334,FedTROS-PR
0.2925897435897436,0.756,FedTROS-PR
0.29333333333333333,0.7571333333333333,FedTROS-PR
0.2939230769230769,0.7577333333333334,FedTROS-PR
0.2946666666666667,0.7588,FedTROS-PR
0.2946923076923077,0.759,FedTROS-PR
0.29556410256410254,0.7608666666666667,FedTROS-PR
0.2957948717948718,0.7610666666666667,FedTROS-PR
0.29594871794871797,0.7613333333333333,FedTROS-PR
0.29617948717948717,0.7616666666666667,FedTROS-PR
0.29625641025641025,0.7617333333333334,FedTROS-PR
0.29635897435897435,0.7619333333333334,FedTROS-PR
0.2974102564102564,0.7630666666666667,FedTROS-PR
0.2978974358974359,0.7637333333333334,FedTROS-PR
0.29812820512820515,0.7637333333333334,FedTROS-PR
0.2986923076923077,0.7645333333333333,FedTROS-PR
0.29933333333333334,0.7657333333333334,FedTROS-PR
0.29946153846153845,0.7661333333333333,FedTROS-PR
0.29956410256410254,0.7664666666666666,FedTROS-PR
0.2998974358974359,0.7664666666666666,FedTROS-PR
0.3001025641025641,0.7668666666666667,FedTROS-PR
0.30023076923076925,0.7668666666666667,FedTROS-PR
0.3005897435897436,0.7669333333333334,FedTROS-PR
0.301025641025641,0.7669333333333334,FedTROS-PR
0.3017179487179487,0.7678666666666667,FedTROS-PR
0.3018717948717949,0.7678666666666667,FedTROS-PR
0.3025897435897436,0.7682666666666667,FedTROS-PR
0.30264102564102563,0.7684,FedTROS-PR
0.3027179487179487,0.7684666666666666,FedTROS-PR
0.3035897435897436,0.77,FedTROS-PR
0.30364102564102563,0.7700666666666667,FedTROS-PR
0.30366666666666664,0.7700666666666667,FedTROS-PR
0.3047435897435897,0.7709333333333334,FedTROS-PR
0.3048974358974359,0.7714666666666666,FedTROS-PR
0.3049230769230769,0.7716,FedTROS-PR
0.305025641025641,0.7717333333333334,FedTROS-PR
0.3051025641025641,0.7721333333333333,FedTROS-PR
0.30512820512820515,0.7723333333333333,FedTROS-PR
0.30523076923076925,0.7723333333333333,FedTROS-PR
0.30543589743589744,0.7727333333333334,FedTROS-PR
0.30548717948717946,0.7728666666666667,FedTROS-PR
0.3057692307692308,0.7730666666666667,FedTROS-PR
0.3058717948717949,0.7733333333333333,FedTROS-PR
0.30623076923076925,0.7738,FedTROS-PR
0.30628205128205127,0.7738,FedTROS-PR
0.30628205128205127,0.7738666666666667,FedTROS-PR
0.30646153846153845,0.7742,FedTROS-PR
0.30664102564102563,0.7744666666666666,FedTROS-PR
0.306974358974359,0.7747333333333334,FedTROS-PR
0.30705128205128207,0.7749333333333334,FedTROS-PR
0.3071794871794872,0.7751333333333333,FedTROS-PR
0.3077692307692308,0.7756,FedTROS-PR
0.3078205128205128,0.7756666666666666,FedTROS-PR
0.3082051282051282,0.7762666666666667,FedTROS-PR
0.3087948717948718,0.7768666666666667,FedTROS-PR
0.3088974358974359,0.7768666666666667,FedTROS-PR
0.3090512820512821,0.7768666666666667,FedTROS-PR
0.30915384615384617,0.7769333333333334,FedTROS-PR
0.30925641025641026,0.7771333333333333,FedTROS-PR
0.3095897435897436,0.7774666666666666,FedTROS-PR
0.30966666666666665,0.7775333333333333,FedTROS-PR
0.309974358974359,0.7783333333333333,FedTROS-PR
0.31123076923076926,0.7797333333333333,FedTROS-PR
0.3118974358974359,0.7803333333333333,FedTROS-PR
0.3121025641025641,0.7804,FedTROS-PR
0.31225641025641027,0.7804,FedTROS-PR
0.31241025641025644,0.7808,FedTROS-PR
0.3128974358974359,0.7811333333333333,FedTROS-PR
0.3132820512820513,0.7813333333333333,FedTROS-PR
0.3141282051282051,0.7815333333333333,FedTROS-PR
0.31453846153846154,0.7815333333333333,FedTROS-PR
0.31461538461538463,0.7815333333333333,FedTROS-PR
0.3148205128205128,0.7817333333333333,FedTROS-PR
0.314974358974359,0.7818,FedTROS-PR
0.31543589743589745,0.7824,FedTROS-PR
0.31574358974358974,0.7827333333333333,FedTROS-PR
0.31576923076923075,0.7829333333333334,FedTROS-PR
0.3158205128205128,0.783,FedTROS-PR
0.3161025641025641,0.7830666666666667,FedTROS-PR
0.31625641025641027,0.7830666666666667,FedTROS-PR
0.31666666666666665,0.7832,FedTROS-PR
0.31684615384615383,0.7834666666666666,FedTROS-PR
0.3168974358974359,0.7835333333333333,FedTROS-PR
0.31764102564102564,0.7842666666666667,FedTROS-PR
0.3177948717948718,0.7846,FedTROS-PR
0.3181025641025641,0.7846,FedTROS-PR
0.31846153846153846,0.7848666666666667,FedTROS-PR
0.31851282051282054,0.7848666666666667,FedTROS-PR
0.3191538461538462,0.7855333333333333,FedTROS-PR
0.3198974358974359,0.7863333333333333,FedTROS-PR
0.32,0.7864,FedTROS-PR
0.3201794871794872,0.7867333333333333,FedTROS-PR
0.3204871794871795,0.7870666666666667,FedTROS-PR
0.32066666666666666,0.7871333333333334,FedTROS-PR
0.3208974358974359,0.7873333333333333,FedTROS-PR
0.3211794871794872,0.7878,FedTROS-PR
0.3212051282051282,0.7878,FedTROS-PR
0.3214102564102564,0.7878,FedTROS-PR
0.3215128205128205,0.7878,FedTROS-PR
0.32169230769230767,0.788,FedTROS-PR
0.32169230769230767,0.7880666666666667,FedTROS-PR
0.3217948717948718,0.7882,FedTROS-PR
0.32187179487179485,0.7882,FedTROS-PR
0.3220769230769231,0.7886,FedTROS-PR
0.32253846153846155,0.7892666666666667,FedTROS-PR
0.3231538461538462,0.7898,FedTROS-PR
0.3233846153846154,0.7900666666666667,FedTROS-PR
0.3241282051282051,0.7907333333333333,FedTROS-PR
0.3243589743589744,0.7909333333333334,FedTROS-PR
0.3244102564102564,0.7909333333333334,FedTROS-PR
0.32487179487179485,0.7909333333333334,FedTROS-PR
0.32505128205128203,0.7912,FedTROS-PR
0.3272051282051282,0.7913333333333333,FedTROS-PR
0.3286923076923077,0.7913333333333333,FedTROS-PR
0.32879487179487177,0.7914666666666667,FedTROS-PR
0.3292307692307692,0.7922666666666667,FedTROS-PR
0.3294615384615385,0.7924,FedTROS-PR
0.32964102564102565,0.7926666666666666,FedTROS-PR
0.32966666666666666,0.7927333333333333,FedTROS-PR
0.32987179487179485,0.7934,FedTROS-PR
0.32994871794871794,0.7934,FedTROS-PR
0.33,0.7934,FedTROS-PR
0.3300769230769231,0.7934666666666667,FedTROS-PR
0.33076923076923076,0.7941333333333334,FedTROS-PR
0.33164102564102566,0.7953333333333333,FedTROS-PR
0.3321282051282051,0.7954666666666667,FedTROS-PR
0.3322564102564103,0.7956666666666666,FedTROS-PR
0.33271794871794874,0.7958,FedTROS-PR
0.3332307692307692,0.7966666666666666,FedTROS-PR
0.3334358974358974,0.7968666666666666,FedTROS-PR
0.33382051282051284,0.7969333333333334,FedTROS-PR
0.3341025641025641,0.7969333333333334,FedTROS-PR
0.3353589743589744,0.7980666666666667,FedTROS-PR
0.3353846153846154,0.7980666666666667,FedTROS-PR
0.3356153846153846,0.7981333333333334,FedTROS-PR
0.33605128205128204,0.7985333333333333,FedTROS-PR
0.3362051282051282,0.7986666666666666,FedTROS-PR
0.3363076923076923,0.7988,FedTROS-PR
0.33666666666666667,0.7992,FedTROS-PR
0.3374102564102564,0.7997333333333333,FedTROS-PR
0.3375128205128205,0.7998666666666666,FedTROS-PR
0.33774358974358976,0.7998666666666666,FedTROS-PR
0.33807692307692305,0.8000666666666667,FedTROS-PR
0.3384615384615385,0.8001333333333334,FedTROS-PR
0.33925641025641023,0.8007333333333333,FedTROS-PR
0.3393846153846154,0.801,FedTROS-PR
0.33984615384615385,0.8010666666666667,FedTROS-PR
0.34007692307692305,0.8013333333333333,FedTROS-PR
0.3402820512820513,0.8018,FedTROS-PR
0.3403846153846154,0.8018,FedTROS-PR
0.3405641025641026,0.8018,FedTROS-PR
0.3407179487179487,0.802,FedTROS-PR
0.34202564102564104,0.8026666666666666,FedTROS-PR
0.3424615384615385,0.8026666666666666,FedTROS-PR
0.3425897435897436,0.8026666666666666,FedTROS-PR
0.34282051282051285,0.8028666666666666,FedTROS-PR
0.34302564102564104,0.8031333333333334,FedTROS-PR
0.3432051282051282,0.8032666666666667,FedTROS-PR
0.34407692307692306,0.8040666666666667,FedTROS-PR
0.3442820512820513,0.8044,FedTROS-PR
0.3443076923076923,0.8044,FedTROS-PR
0.3446666666666667,0.8047333333333333,FedTROS-PR
0.34502564102564104,0.8048666666666666,FedTROS-PR
0.34517948717948715,0.805,FedTROS-PR
0.3453333333333333,0.8050666666666667,FedTROS-PR
0.3454871794871795,0.8050666666666667,FedTROS-PR
0.34574358974358976,0.8053333333333333,FedTROS-PR
0.3462051282051282,0.8054666666666667,FedTROS-PR
0.3465128205128205,0.8055333333333333,FedTROS-PR
0.34705128205128205,0.8058666666666666,FedTROS-PR
0.34707692307692306,0.8058666666666666,FedTROS-PR
0.34723076923076923,0.8060666666666667,FedTROS-PR
0.34774358974358976,0.8063333333333333,FedTROS-PR
0.34784615384615386,0.8064666666666667,FedTROS-PR
0.348,0.8066,FedTROS-PR
0.3483076923076923,0.8069333333333333,FedTROS-PR
0.3483076923076923,0.8071333333333334,FedTROS-PR
0.34833333333333333,0.8071333333333334,FedTROS-PR
0.3484102564102564,0.8073333333333333,FedTROS-PR
0.3484615384615385,0.8073333333333333,FedTROS-PR
0.34884615384615386,0.8078,FedTROS-PR
0.34892307692307695,0.8078,FedTROS-PR
0.34894871794871796,0.808,FedTROS-PR
0.3496153846153846,0.8083333333333333,FedTROS-PR
0.34994871794871796,0.8084666666666667,FedTROS-PR
0.35028205128205125,0.8084666666666667,FedTROS-PR
0.3505128205128205,0.8088666666666666,FedTROS-PR
0.3516666666666667,0.8091333333333334,FedTROS-PR
0.3524358974358974,0.8093333333333333,FedTROS-PR
0.353,0.8097333333333333,FedTROS-PR
0.35325641025641025,0.8098,FedTROS-PR
0.3534871794871795,0.8100666666666667,FedTROS-PR
0.35435897435897434,0.8108,FedTROS-PR
0.3543846153846154,0.8108666666666666,FedTROS-PR
0.35484615384615387,0.8109333333333333,FedTROS-PR
0.35517948717948716,0.8109333333333333,FedTROS-PR
0.3553846153846154,0.8112,FedTROS-PR
0.35605128205128206,0.8117333333333333,FedTROS-PR
0.3561025641025641,0.8118,FedTROS-PR
0.35617948717948716,0.8118,FedTROS-PR
0.35635897435897435,0.8118666666666666,FedTROS-PR
0.35643589743589743,0.8119333333333333,FedTROS-PR
0.3565128205128205,0.8119333333333333,FedTROS-PR
0.35684615384615387,0.8124,FedTROS-PR
0.35725641025641025,0.8125333333333333,FedTROS-PR
0.3577692307692308,0.8130666666666667,FedTROS-PR
0.35784615384615387,0.8130666666666667,FedTROS-PR
0.3586153846153846,0.8136,FedTROS-PR
0.3586410256410256,0.8136,FedTROS-PR
0.3588205128205128,0.814,FedTROS-PR
0.35894871794871797,0.814,FedTROS-PR
0.35920512820512823,0.8141333333333334,FedTROS-PR
0.35928205128205126,0.8141333333333334,FedTROS-PR
0.35928205128205126,0.8143333333333334,FedTROS-PR
0.35935897435897435,0.8144666666666667,FedTROS-PR
0.35953846153846153,0.8146666666666667,FedTROS-PR
0.3596153846153846,0.8147333333333333,FedTROS-PR
0.359974358974359,0.8152,FedTROS-PR
0.36012820512820515,0.8152666666666667,FedTROS-PR
0.36023076923076924,0.8152666666666667,FedTROS-PR
0.3606923076923077,0.8156666666666667,FedTROS-PR
0.3606923076923077,0.8157333333333333,FedTROS-PR
0.36133333333333334,0.8164666666666667,FedTROS-PR
0.36143589743589744,0.8166,FedTROS-PR
0.3615128205128205,0.8166,FedTROS-PR
0.36153846153846153,0.8166,FedTROS-PR
0.3625128205128205,0.817,FedTROS-PR
0.3625897435897436,0.8170666666666667,FedTROS-PR
0.3627435897435897,0.8174666666666667,FedTROS-PR
0.3627435897435897,0.8176,FedTROS-PR
0.3628974358974359,0.8177333333333333,FedTROS-PR
0.36333333333333334,0.8178666666666666,FedTROS-PR
0.3637948717948718,0.8184,FedTROS-PR
0.36405128205128207,0.8184666666666667,FedTROS-PR
0.36412820512820515,0.8186,FedTROS-PR
0.3645897435897436,0.8188666666666666,FedTROS-PR
0.3647179487179487,0.8189333333333333,FedTROS-PR
0.3647435897435897,0.8189333333333333,FedTROS-PR
0.36505128205128207,0.819,FedTROS-PR
0.36505128205128207,0.8190666666666667,FedTROS-PR
0.36538461538461536,0.8193333333333334,FedTROS-PR
0.3657692307692308,0.8195333333333333,FedTROS-PR
0.3658717948717949,0.8195333333333333,FedTROS-PR
0.3658717948717949,0.8196,FedTROS-PR
0.365974358974359,0.8196,FedTROS-PR
0.3660769230769231,0.8197333333333333,FedTROS-PR
0.36653846153846154,0.8204,FedTROS-PR
0.36664102564102563,0.8207333333333333,FedTROS-PR
0.3667692307692308,0.8208666666666666,FedTROS-PR
0.367,0.821,FedTROS-PR
0.36733333333333335,0.8211333333333334,FedTROS-PR
0.36741025641025643,0.8212,FedTROS-PR
0.36764102564102563,0.8212666666666667,FedTROS-PR
0.367948717948718,0.8213333333333334,FedTROS-PR
0.36805128205128207,0.8214666666666667,FedTROS-PR
0.3682051282051282,0.8218666666666666,FedTROS-PR
0.36843589743589744,0.822,FedTROS-PR
0.36874358974358973,0.8222,FedTROS-PR
0.3688974358974359,0.8223333333333334,FedTROS-PR
0.36946153846153845,0.8226666666666667,FedTROS-PR
0.36953846153846154,0.8226666666666667,FedTROS-PR
0.3695897435897436,0.8227333333333333,FedTROS-PR
0.3697692307692308,0.8229333333333333,FedTROS-PR
0.37005128205128207,0.8234,FedTROS-PR
0.3701025641025641,0.8234666666666667,FedTROS-PR
0.37023076923076925,0.8235333333333333,FedTROS-PR
0.3703076923076923,0.8236666666666667,FedTROS-PR
0.37043589743589744,0.824,FedTROS-PR
0.37043589743589744,0.8240666666666666,FedTROS-PR
0.3705897435897436,0.8242,FedTROS-PR
0.37105128205128207,0.8244,FedTROS-PR
0.3712051282051282,0.8244666666666667,FedTROS-PR
0.37138461538461537,0.8244666666666667,FedTROS-PR
0.3715897435897436,0.8246666666666667,FedTROS-PR
0.3717948717948718,0.8246666666666667,FedTROS-PR
0.3718974358974359,0.8248666666666666,FedTROS-PR
0.3722820512820513,0.8250666666666666,FedTROS-PR
0.37251282051282053,0.8252666666666667,FedTROS-PR
0.3727948717948718,0.8256666666666667,FedTROS-PR
0.372974358974359,0.8256666666666667,FedTROS-PR
0.373,0.8256666666666667,FedTROS-PR
0.3732051282051282,0.8257333333333333,FedTROS-PR
0.37343589743589745,0.8259333333333333,FedTROS-PR
0.3742051282051282,0.8264,FedTROS-PR
0.37425641025641027,0.8266,FedTROS-PR
0.37441025641025644,0.8267333333333333,FedTROS-PR
0.37448717948717947,0.8268666666666666,FedTROS-PR
0.3748974358974359,0.8272,FedTROS-PR
0.374974358974359,0.8272666666666667,FedTROS-PR
0.375025641025641,0.8272666666666667,FedTROS-PR
0.37523076923076926,0.8272666666666667,FedTROS-PR
0.37558974358974356,0.8274666666666667,FedTROS-PR
0.3758717948717949,0.8276666666666667,FedTROS-PR
0.37615384615384617,0.8277333333333333,FedTROS-PR
0.37625641025641027,0.8278,FedTROS-PR
0.37633333333333335,0.8278,FedTROS-PR
0.37653846153846154,0.8279333333333333,FedTROS-PR
0.3767179487179487,0.8279333333333333,FedTROS-PR
0.37684615384615383,0.828,FedTROS-PR
0.3770769230769231,0.8282,FedTROS-PR
0.3772820512820513,0.8284,FedTROS-PR
0.378,0.8287333333333333,FedTROS-PR
0.3781794871794872,0.8287333333333333,FedTROS-PR
0.37874358974358974,0.829,FedTROS-PR
0.3791025641025641,0.8292666666666667,FedTROS-PR
0.37943589743589745,0.8293333333333334,FedTROS-PR
0.3796923076923077,0.8296666666666667,FedTROS-PR
0.3798974358974359,0.8298666666666666,FedTROS-PR
0.3799230769230769,0.8298666666666666,FedTROS-PR
0.38,0.8298666666666666,FedTROS-PR
0.3802820512820513,0.8300666666666666,FedTROS-PR
0.38058974358974357,0.8302,FedTROS-PR
0.38076923076923075,0.8308,FedTROS-PR
0.3808205128205128,0.8308666666666666,FedTROS-PR
0.38087179487179484,0.831,FedTROS-PR
0.381025641025641,0.8312,FedTROS-PR
0.381051282051282,0.8312,FedTROS-PR
0.3812051282051282,0.8312666666666667,FedTROS-PR
0.3814871794871795,0.8316,FedTROS-PR
0.3818974358974359,0.8317333333333333,FedTROS-PR
0.3822307692307692,0.8318,FedTROS-PR
0.383,0.8320666666666666,FedTROS-PR
0.383051282051282,0.8320666666666666,FedTROS-PR
0.3831282051282051,0.8320666666666666,FedTROS-PR
0.38351282051282054,0.8322,FedTROS-PR
0.38361538461538464,0.8322666666666667,FedTROS-PR
0.38374358974358974,0.8322666666666667,FedTROS-PR
0.3840769230769231,0.8328,FedTROS-PR
0.3843846153846154,0.8328666666666666,FedTROS-PR
0.3845128205128205,0.8329333333333333,FedTROS-PR
0.38482051282051283,0.8330666666666666,FedTROS-PR
0.38484615384615384,0.8331333333333333,FedTROS-PR
0.3848974358974359,0.8331333333333333,FedTROS-PR
0.3848974358974359,0.8332,FedTROS-PR
0.3852820512820513,0.8332666666666667,FedTROS-PR
0.38571794871794873,0.8335333333333333,FedTROS-PR
0.38574358974358974,0.8335333333333333,FedTROS-PR
0.38584615384615384,0.8336,FedTROS-PR
0.3858974358974359,0.8337333333333333,FedTROS-PR
0.3861025641025641,0.8338,FedTROS-PR
0.38664102564102565,0.8344,FedTROS-PR
0.3867948717948718,0.8347333333333333,FedTROS-PR
0.3872564102564103,0.8349333333333333,FedTROS-PR
0.38994871794871794,0.8352,FedTROS-PR
0.3903076923076923,0.8353333333333334,FedTROS-PR
0.3905128205128205,0.8357333333333333,FedTROS-PR
0.39076923076923076,0.8358666666666666,FedTROS-PR
0.39084615384615384,0.8358666666666666,FedTROS-PR
0.3908974358974359,0.8358666666666666,FedTROS-PR
0.39215384615384613,0.8365333333333334,FedTROS-PR
0.3922820512820513,0.8365333333333334,FedTROS-PR
0.3923589743589744,0.8366666666666667,FedTROS-PR
0.3924871794871795,0.8366666666666667,FedTROS-PR
0.39294871794871794,0.8372,FedTROS-PR
0.3932307692307692,0.8373333333333334,FedTROS-PR
0.39405128205128204,0.838,FedTROS-PR
0.3945128205128205,0.8385333333333334,FedTROS-PR
0.39453846153846156,0.8386,FedTROS-PR
0.39492307692307693,0.8387333333333333,FedTROS-PR
0.39494871794871794,0.8387333333333333,FedTROS-PR
0.3950769230769231,0.8387333333333333,FedTROS-PR
0.39525641025641023,0.8387333333333333,FedTROS-PR
0.3953333333333333,0.8387333333333333,FedTROS-PR
0.3954871794871795,0.8387333333333333,FedTROS-PR
0.39576923076923076,0.8387333333333333,FedTROS-PR
0.39584615384615385,0.8390666666666666,FedTROS-PR
0.3958974358974359,0.8390666666666666,FedTROS-PR
0.396,0.8391333333333333,FedTROS-PR
0.39656410256410257,0.8396666666666667,FedTROS-PR
0.39682051282051284,0.8397333333333333,FedTROS-PR
0.39692307692307693,0.8398,FedTROS-PR
0.3972820512820513,0.8402,FedTROS-PR
0.3973589743589744,0.8403333333333334,FedTROS-PR
0.39764102564102566,0.8406666666666667,FedTROS-PR
0.39766666666666667,0.8406666666666667,FedTROS-PR
0.3985641025641026,0.841,FedTROS-PR
0.399,0.8413333333333334,FedTROS-PR
0.39907692307692305,0.8413333333333334,FedTROS-PR
0.39907692307692305,0.8414,FedTROS-PR
0.3992051282051282,0.8416,FedTROS-PR
0.3994102564102564,0.8418666666666667,FedTROS-PR
0.3995897435897436,0.8418666666666667,FedTROS-PR
0.39964102564102566,0.8418666666666667,FedTROS-PR
0.4005897435897436,0.8425333333333334,FedTROS-PR
0.40066666666666667,0.8425333333333334,FedTROS-PR
0.40089743589743587,0.8428,FedTROS-PR
0.40097435897435896,0.8428666666666667,FedTROS-PR
0.4011025641025641,0.8428666666666667,FedTROS-PR
0.4014615384615385,0.8429333333333333,FedTROS-PR
0.40212820512820513,0.8437333333333333,FedTROS-PR
0.4022820512820513,0.8438666666666667,FedTROS-PR
0.4025128205128205,0.8440666666666666,FedTROS-PR
0.4025384615384615,0.8440666666666666,FedTROS-PR
0.4025897435897436,0.8441333333333333,FedTROS-PR
0.4025897435897436,0.8442,FedTROS-PR
0.4031794871794872,0.8445333333333334,FedTROS-PR
0.4035641025641026,0.8446666666666667,FedTROS-PR
0.40412820512820513,0.8453333333333334,FedTROS-PR
0.40425641025641024,0.8455333333333334,FedTROS-PR
0.40507692307692306,0.8460666666666666,FedTROS-PR
0.4055128205128205,0.8464666666666667,FedTROS-PR
0.4056666666666667,0.8466,FedTROS-PR
0.406,0.8470666666666666,FedTROS-PR
0.4064358974358974,0.8473333333333334,FedTROS-PR
0.40723076923076923,0.8478,FedTROS-PR
0.4075384615384615,0.8480666666666666,FedTROS-PR
0.40774358974358976,0.8482,FedTROS-PR
0.4081025641025641,0.8483333333333334,FedTROS-PR
0.40815384615384614,0.8484666666666667,FedTROS-PR
0.4088974358974359,0.8487333333333333,FedTROS-PR
0.4092820512820513,0.8489333333333333,FedTROS-PR
0.4095897435897436,0.8490666666666666,FedTROS-PR
0.40997435897435897,0.8491333333333333,FedTROS-PR
0.41023076923076923,0.8492666666666666,FedTROS-PR
0.4105128205128205,0.8496,FedTROS-PR
0.4111025641025641,0.8497333333333333,FedTROS-PR
0.41133333333333333,0.8498666666666667,FedTROS-PR
0.41135897435897434,0.85,FedTROS-PR
0.4113846153846154,0.8500666666666666,FedTROS-PR
0.4115641025641026,0.8500666666666666,FedTROS-PR
0.4117692307692308,0.8502,FedTROS-PR
0.41184615384615386,0.8502,FedTROS-PR
0.4118974358974359,0.8502,FedTROS-PR
0.412,0.8503333333333334,FedTROS-PR
0.41217948717948716,0.8503333333333334,FedTROS-PR
0.4126410256410256,0.8506,FedTROS-PR
0.4127948717948718,0.8506666666666667,FedTROS-PR
0.4128717948717949,0.8506666666666667,FedTROS-PR
0.41315384615384615,0.8508,FedTROS-PR
0.4134358974358974,0.8510666666666666,FedTROS-PR
0.4137179487179487,0.8512666666666666,FedTROS-PR
0.41374358974358977,0.8513333333333334,FedTROS-PR
0.41423076923076924,0.8517333333333333,FedTROS-PR
0.4145384615384615,0.8518,FedTROS-PR
0.41525641025641025,0.8521333333333333,FedTROS-PR
0.4153846153846154,0.8526,FedTROS-PR
0.4155641025641026,0.8528,FedTROS-PR
0.41597435897435897,0.853,FedTROS-PR
0.41635897435897434,0.853,FedTROS-PR
0.4164102564102564,0.8530666666666666,FedTROS-PR
0.4164871794871795,0.8530666666666666,FedTROS-PR
0.41720512820512823,0.8532,FedTROS-PR
0.4175128205128205,0.8533333333333334,FedTROS-PR
0.4178974358974359,0.8534666666666667,FedTROS-PR
0.4185641025641026,0.8536666666666667,FedTROS-PR
0.4185897435897436,0.8536666666666667,FedTROS-PR
0.4186923076923077,0.8537333333333333,FedTROS-PR
0.41902564102564105,0.854,FedTROS-PR
0.41905128205128206,0.854,FedTROS-PR
0.4194102564102564,0.8544666666666667,FedTROS-PR
0.4197948717948718,0.8548,FedTROS-PR
0.42043589743589743,0.8554,FedTROS-PR
0.4208974358974359,0.8556,FedTROS-PR
0.42153846153846153,0.8560666666666666,FedTROS-PR
0.4215897435897436,0.8560666666666666,FedTROS-PR
0.4218205128205128,0.8562666666666666,FedTROS-PR
0.4218717948717949,0.8562666666666666,FedTROS-PR
0.42202564102564105,0.8562666666666666,FedTROS-PR
0.42205128205128206,0.8562666666666666,FedTROS-PR
0.4230769230769231,0.8566666666666667,FedTROS-PR
0.42312820512820515,0.8566666666666667,FedTROS-PR
0.4232051282051282,0.8567333333333333,FedTROS-PR
0.4244102564102564,0.8574666666666667,FedTROS-PR
0.4247435897435897,0.8576,FedTROS-PR
0.42525641025641026,0.8578666666666667,FedTROS-PR
0.42556410256410254,0.8578666666666667,FedTROS-PR
0.4256410256410256,0.8578666666666667,FedTROS-PR
0.4256666666666667,0.8579333333333333,FedTROS-PR
0.4258205128205128,0.8579333333333333,FedTROS-PR
0.42635897435897435,0.8582666666666666,FedTROS-PR
0.4267692307692308,0.8585333333333334,FedTROS-PR
0.4268717948717949,0.8585333333333334,FedTROS-PR
0.42705128205128207,0.8585333333333334,FedTROS-PR
0.42712820512820515,0.8586,FedTROS-PR
0.42715384615384616,0.8586,FedTROS-PR
0.4276153846153846,0.8588666666666667,FedTROS-PR
0.42764102564102563,0.8589333333333333,FedTROS-PR
0.4277435897435897,0.8589333333333333,FedTROS-PR
0.4288717948717949,0.8598,FedTROS-PR
0.42905128205128207,0.8598,FedTROS-PR
0.42915384615384616,0.8598666666666667,FedTROS-PR
0.4296923076923077,0.8602,FedTROS-PR
0.4297435897435897,0.8602,FedTROS-PR
0.4298205128205128,0.8602,FedTROS-PR
0.429948717948718,0.8604,FedTROS-PR
0.43012820512820515,0.8605333333333334,FedTROS-PR
0.4307435897435897,0.8608,FedTROS-PR
0.431,0.8609333333333333,FedTROS-PR
0.43115384615384617,0.8611333333333333,FedTROS-PR
0.43123076923076925,0.8611333333333333,FedTROS-PR
0.4313076923076923,0.8612,FedTROS-PR
0.4316153846153846,0.8613333333333333,FedTROS-PR
0.4318205128205128,0.8613333333333333,FedTROS-PR
0.4318461538461538,0.8613333333333333,FedTROS-PR
0.43205128205128207,0.8615333333333334,FedTROS-PR
0.43235897435897436,0.8616666666666667,FedTROS-PR
0.43243589743589744,0.8616666666666667,FedTROS-PR
0.4326153846153846,0.8618,FedTROS-PR
0.43351282051282053,0.8630666666666666,FedTROS-PR
0.4336153846153846,0.8633333333333333,FedTROS-PR
0.4338205128205128,0.8634,FedTROS-PR
0.4341282051282051,0.8635333333333334,FedTROS-PR
0.43441025641025643,0.8636,FedTROS-PR
0.43451282051282053,0.8636,FedTROS-PR
0.4351282051282051,0.864,FedTROS-PR
0.43523076923076925,0.8640666666666666,FedTROS-PR
0.4356923076923077,0.8642,FedTROS-PR
0.436,0.8642666666666666,FedTROS-PR
0.4362051282051282,0.8644,FedTROS-PR
0.43656410256410255,0.8644666666666667,FedTROS-PR
0.437,0.8644666666666667,FedTROS-PR
0.43733333333333335,0.8645333333333334,FedTROS-PR
0.43738461538461537,0.8648,FedTROS-PR
0.4378974358974359,0.8649333333333333,FedTROS-PR
0.43833333333333335,0.8650666666666667,FedTROS-PR
0.43833333333333335,0.8651333333333333,FedTROS-PR
0.43856410256410255,0.8652666666666666,FedTROS-PR
0.4393076923076923,0.8658666666666667,FedTROS-PR
0.4394102564102564,0.8659333333333333,FedTROS-PR
0.4397948717948718,0.8659333333333333,FedTROS-PR
0.43984615384615383,0.8661333333333333,FedTROS-PR
0.4399487179487179,0.8662,FedTROS-PR
0.44066666666666665,0.8664,FedTROS-PR
0.4412820512820513,0.8666666666666667,FedTROS-PR
0.44174358974358974,0.8666666666666667,FedTROS-PR
0.44261538461538463,0.8670666666666667,FedTROS-PR
0.4428205128205128,0.8672,FedTROS-PR
0.4428974358974359,0.8672666666666666,FedTROS-PR
0.443025641025641,0.8674,FedTROS-PR
0.44394871794871793,0.8678666666666667,FedTROS-PR
0.444,0.8678666666666667,FedTROS-PR
0.4441025641025641,0.8678666666666667,FedTROS-PR
0.44433333333333336,0.868,FedTROS-PR
0.44456410256410256,0.8680666666666667,FedTROS-PR
0.444974358974359,0.8682666666666666,FedTROS-PR
0.445974358974359,0.8685333333333334,FedTROS-PR
0.446025641025641,0.8685333333333334,FedTROS-PR
0.44664102564102565,0.869,FedTROS-PR
0.4470769230769231,0.8692,FedTROS-PR
0.44787179487179485,0.8692,FedTROS-PR
0.4482307692307692,0.8692,FedTROS-PR
0.4482564102564103,0.8692,FedTROS-PR
0.448974358974359,0.8696666666666667,FedTROS-PR
0.4491025641025641,0.8696666666666667,FedTROS-PR
0.4493076923076923,0.8698,FedTROS-PR
0.44964102564102565,0.8699333333333333,FedTROS-PR
0.449974358974359,0.87,FedTROS-PR
0.45071794871794874,0.8702666666666666,FedTROS-PR
0.45076923076923076,0.8703333333333333,FedTROS-PR
0.4511794871794872,0.8704,FedTROS-PR
0.4514871794871795,0.8704,FedTROS-PR
0.4520769230769231,0.8706,FedTROS-PR
0.4521282051282051,0.8706666666666667,FedTROS-PR
0.45282051282051283,0.8707333333333334,FedTROS-PR
0.4531025641025641,0.8707333333333334,FedTROS-PR
0.4534102564102564,0.8707333333333334,FedTROS-PR
0.45353846153846156,0.8708666666666667,FedTROS-PR
0.45376923076923076,0.8709333333333333,FedTROS-PR
0.45382051282051283,0.8709333333333333,FedTROS-PR
0.45384615384615384,0.8709333333333333,FedTROS-PR
0.4542307692307692,0.8712,FedTROS-PR
0.4546923076923077,0.8712666666666666,FedTROS-PR
0.45484615384615384,0.8712666666666666,FedTROS-PR
0.45484615384615384,0.8713333333333333,FedTROS-PR
0.4552307692307692,0.8716,FedTROS-PR
0.4553076923076923,0.8716,FedTROS-PR
0.45553846153846156,0.8717333333333334,FedTROS-PR
0.45566666666666666,0.8717333333333334,FedTROS-PR
0.456,0.8718666666666667,FedTROS-PR
0.4574615384615385,0.8720666666666667,FedTROS-PR
0.45792307692307693,0.8721333333333333,FedTROS-PR
0.45797435897435895,0.8721333333333333,FedTROS-PR
0.45802564102564103,0.8722666666666666,FedTROS-PR
0.45815384615384613,0.8724,FedTROS-PR
0.4582307692307692,0.8724666666666666,FedTROS-PR
0.4583333333333333,0.8725333333333334,FedTROS-PR
0.45853846153846156,0.8726,FedTROS-PR
0.4587948717948718,0.8728,FedTROS-PR
0.4588974358974359,0.8728666666666667,FedTROS-PR
0.4594615384615385,0.873,FedTROS-PR
0.45976923076923076,0.8732666666666666,FedTROS-PR
0.4603076923076923,0.8733333333333333,FedTROS-PR
0.4605128205128205,0.8733333333333333,FedTROS-PR
0.46064102564102566,0.8733333333333333,FedTROS-PR
0.46084615384615385,0.8735333333333334,FedTROS-PR
0.46087179487179486,0.8736,FedTROS-PR
0.4611794871794872,0.8736666666666667,FedTROS-PR
0.4613589743589744,0.8738666666666667,FedTROS-PR
0.4613589743589744,0.8739333333333333,FedTROS-PR
0.4615641025641026,0.874,FedTROS-PR
0.46171794871794875,0.8743333333333333,FedTROS-PR
0.46174358974358976,0.8743333333333333,FedTROS-PR
0.46197435897435896,0.8744,FedTROS-PR
0.46215384615384614,0.8744,FedTROS-PR
0.4622051282051282,0.8744,FedTROS-PR
0.4626153846153846,0.8744666666666666,FedTROS-PR
0.46266666666666667,0.8744666666666666,FedTROS-PR
0.4626923076923077,0.8745333333333334,FedTROS-PR
0.4627948717948718,0.8745333333333334,FedTROS-PR
0.46282051282051284,0.8745333333333334,FedTROS-PR
0.46282051282051284,0.8746,FedTROS-PR
0.46294871794871795,0.8747333333333334,FedTROS-PR
0.46302564102564103,0.8747333333333334,FedTROS-PR
0.4632307692307692,0.8748666666666667,FedTROS-PR
0.4633333333333333,0.8750666666666667,FedTROS-PR
0.4635897435897436,0.8752666666666666,FedTROS-PR
0.46376923076923077,0.8753333333333333,FedTROS-PR
0.4637948717948718,0.8754,FedTROS-PR
0.4641794871794872,0.8754666666666666,FedTROS-PR
0.4644615384615385,0.876,FedTROS-PR
0.46492307692307694,0.8764,FedTROS-PR
0.465,0.8764666666666666,FedTROS-PR
0.46525641025641024,0.8766,FedTROS-PR
0.4656666666666667,0.8768,FedTROS-PR
0.46594871794871795,0.8768666666666667,FedTROS-PR
0.4664358974358974,0.877,FedTROS-PR
0.4665641025641026,0.8772,FedTROS-PR
0.46676923076923077,0.8772666666666666,FedTROS-PR
0.46687179487179487,0.8772666666666666,FedTROS-PR
0.46707692307692306,0.8774666666666666,FedTROS-PR
0.4673333333333333,0.8774666666666666,FedTROS-PR
0.4675641025641026,0.8775333333333334,FedTROS-PR
0.4675897435897436,0.8775333333333334,FedTROS-PR
0.4677179487179487,0.8775333333333334,FedTROS-PR
0.4677948717948718,0.8775333333333334,FedTROS-PR
0.4682051282051282,0.8778666666666667,FedTROS-PR
0.46823076923076923,0.8779333333333333,FedTROS-PR
0.4684358974358974,0.8779333333333333,FedTROS-PR
0.4688974358974359,0.8782666666666666,FedTROS-PR
0.46915384615384614,0.8782666666666666,FedTROS-PR
0.4707948717948718,0.8787333333333334,FedTROS-PR
0.47094871794871795,0.8789333333333333,FedTROS-PR
0.47115384615384615,0.8790666666666667,FedTROS-PR
0.47117948717948716,0.8790666666666667,FedTROS-PR
0.47125641025641024,0.8790666666666667,FedTROS-PR
0.4714102564102564,0.8790666666666667,FedTROS-PR
0.47187179487179487,0.8792,FedTROS-PR
0.4723076923076923,0.8792666666666666,FedTROS-PR
0.4725641025641026,0.8792666666666666,FedTROS-PR
0.4727179487179487,0.8793333333333333,FedTROS-PR
0.4727948717948718,0.8793333333333333,FedTROS-PR
0.47284615384615386,0.8793333333333333,FedTROS-PR
0.4734615384615385,0.8796,FedTROS-PR
0.4737948717948718,0.8796666666666667,FedTROS-PR
0.47415384615384615,0.8796666666666667,FedTROS-PR
0.4743846153846154,0.8799333333333333,FedTROS-PR
0.4744871794871795,0.8800666666666667,FedTROS-PR
0.4752051282051282,0.8805333333333333,FedTROS-PR
0.47523076923076923,0.8805333333333333,FedTROS-PR
0.47525641025641024,0.8806,FedTROS-PR
0.4753076923076923,0.8806666666666667,FedTROS-PR
0.4755897435897436,0.8807333333333334,FedTROS-PR
0.4757692307692308,0.8808,FedTROS-PR
0.47610256410256413,0.8809333333333333,FedTROS-PR
0.47615384615384615,0.8809333333333333,FedTROS-PR
0.4762051282051282,0.8810666666666667,FedTROS-PR
0.47633333333333333,0.8810666666666667,FedTROS-PR
0.4763846153846154,0.8810666666666667,FedTROS-PR
0.4765897435897436,0.8810666666666667,FedTROS-PR
0.47674358974358977,0.8813333333333333,FedTROS-PR
0.4768717948717949,0.8814666666666666,FedTROS-PR
0.47697435897435897,0.8815333333333333,FedTROS-PR
0.477,0.8815333333333333,FedTROS-PR
0.47725641025641025,0.8816666666666667,FedTROS-PR
0.4784871794871795,0.8818,FedTROS-PR
0.4793846153846154,0.8818,FedTROS-PR
0.4798717948717949,0.8819333333333333,FedTROS-PR
0.4798974358974359,0.8819333333333333,FedTROS-PR
0.47994871794871796,0.882,FedTROS-PR
0.48025641025641025,0.8821333333333333,FedTROS-PR
0.4811025641025641,0.8822,FedTROS-PR
0.48115384615384615,0.8822,FedTROS-PR
0.4815128205128205,0.8824,FedTROS-PR
0.4815384615384615,0.8826,FedTROS-PR
0.4817692307692308,0.8826666666666667,FedTROS-PR
0.48217948717948717,0.8826666666666667,FedTROS-PR
0.4825128205128205,0.8826666666666667,FedTROS-PR
0.4827179487179487,0.8828,FedTROS-PR
0.4827692307692308,0.8828666666666667,FedTROS-PR
0.48317948717948717,0.8828666666666667,FedTROS-PR
0.4834871794871795,0.8831333333333333,FedTROS-PR
0.4837692307692308,0.8833333333333333,FedTROS-PR
0.48384615384615387,0.8833333333333333,FedTROS-PR
0.4838974358974359,0.8833333333333333,FedTROS-PR
0.48435897435897435,0.8835333333333333,FedTROS-PR
0.4846923076923077,0.8835333333333333,FedTROS-PR
0.4847435897435897,0.8835333333333333,FedTROS-PR
0.4848205128205128,0.8835333333333333,FedTROS-PR
0.4849230769230769,0.8836666666666667,FedTROS-PR
0.48530769230769233,0.8837333333333334,FedTROS-PR
0.4855897435897436,0.8838,FedTROS-PR
0.4857179487179487,0.8839333333333333,FedTROS-PR
0.48584615384615387,0.8839333333333333,FedTROS-PR
0.486,0.8839333333333333,FedTROS-PR
0.48630769230769233,0.8839333333333333,FedTROS-PR
0.4865128205128205,0.884,FedTROS-PR
0.487,0.8840666666666667,FedTROS-PR
0.4877948717948718,0.8845333333333333,FedTROS-PR
0.488025641025641,0.8847333333333334,FedTROS-PR
0.48917948717948717,0.8850666666666667,FedTROS-PR
0.48928205128205127,0.8851333333333333,FedTROS-PR
0.4897692307692308,0.8852666666666666,FedTROS-PR
0.49012820512820515,0.8852666666666666,FedTROS-PR
0.4907948717948718,0.8852666666666666,FedTROS-PR
0.49141025641025643,0.8859333333333334,FedTROS-PR
0.491948717948718,0.886,FedTROS-PR
0.49212820512820515,0.8860666666666667,FedTROS-PR
0.4928205128205128,0.8861333333333333,FedTROS-PR
0.4928461538461538,0.8861333333333333,FedTROS-PR
0.4929230769230769,0.8862,FedTROS-PR
0.493025641025641,0.8862666666666666,FedTROS-PR
0.49315384615384616,0.8863333333333333,FedTROS-PR
0.4931794871794872,0.8864666666666666,FedTROS-PR
0.49325641025641026,0.8864666666666666,FedTROS-PR
0.49346153846153845,0.8864666666666666,FedTROS-PR
0.4935897435897436,0.8866,FedTROS-PR
0.4938974358974359,0.8867333333333334,FedTROS-PR
0.494,0.8867333333333334,FedTROS-PR
0.4941794871794872,0.8867333333333334,FedTROS-PR
0.49435897435897436,0.8868666666666667,FedTROS-PR
0.49466666666666664,0.8869333333333334,FedTROS-PR
0.4948205128205128,0.887,FedTROS-PR
0.4950769230769231,0.8870666666666667,FedTROS-PR
0.49525641025641026,0.8871333333333333,FedTROS-PR
0.49551282051282053,0.8872666666666666,FedTROS-PR
0.4958717948717949,0.8875333333333333,FedTROS-PR
0.4962820512820513,0.8876666666666667,FedTROS-PR
0.49646153846153845,0.8876666666666667,FedTROS-PR
0.4967179487179487,0.8877333333333334,FedTROS-PR
0.4969487179487179,0.8878,FedTROS-PR
0.4971025641025641,0.888,FedTROS-PR
0.4971794871794872,0.888,FedTROS-PR
0.4982820512820513,0.8885333333333333,FedTROS-PR
0.49843589743589745,0.8886,FedTROS-PR
0.49848717948717947,0.8886,FedTROS-PR
0.49856410256410255,0.8887333333333334,FedTROS-PR
0.4987948717948718,0.8889333333333334,FedTROS-PR
0.4988717948717949,0.8889333333333334,FedTROS-PR
0.4988717948717949,0.889,FedTROS-PR
0.499025641025641,0.8892,FedTROS-PR
0.4996923076923077,0.8892666666666666,FedTROS-PR
0.49974358974358973,0.8893333333333333,FedTROS-PR
0.499974358974359,0.8893333333333333,FedTROS-PR
0.5001025641025642,0.8893333333333333,FedTROS-PR
0.5004615384615385,0.8896,FedTROS-PR
0.5005641025641026,0.8896,FedTROS-PR
0.5007179487179487,0.8897333333333334,FedTROS-PR
0.500948717948718,0.8898,FedTROS-PR
0.5010256410256411,0.8898,FedTROS-PR
0.5019230769230769,0.8902666666666667,FedTROS-PR
0.5021794871794871,0.8902666666666667,FedTROS-PR
0.5024358974358974,0.8903333333333333,FedTROS-PR
0.5025641025641026,0.8904666666666666,FedTROS-PR
0.5027435897435898,0.8905333333333333,FedTROS-PR
0.503051282051282,0.8905333333333333,FedTROS-PR
0.5031538461538462,0.8905333333333333,FedTROS-PR
0.5033846153846154,0.8905333333333333,FedTROS-PR
0.5037948717948718,0.8905333333333333,FedTROS-PR
0.5044871794871795,0.8908,FedTROS-PR
0.5045384615384615,0.8908,FedTROS-PR
0.5052051282051282,0.8910666666666667,FedTROS-PR
0.5055128205128205,0.8914,FedTROS-PR
0.5057435897435898,0.8914666666666666,FedTROS-PR
0.5059230769230769,0.8916666666666667,FedTROS-PR
0.5065384615384615,0.8917333333333334,FedTROS-PR
0.5066153846153846,0.8917333333333334,FedTROS-PR
0.5066410256410256,0.8917333333333334,FedTROS-PR
0.5071794871794871,0.892,FedTROS-PR
0.5073076923076923,0.892,FedTROS-PR
0.5074871794871795,0.892,FedTROS-PR
0.5076153846153846,0.8920666666666667,FedTROS-PR
0.5076923076923077,0.8921333333333333,FedTROS-PR
0.5077948717948718,0.8922666666666667,FedTROS-PR
0.508,0.8922666666666667,FedTROS-PR
0.5084102564102564,0.8923333333333333,FedTROS-PR
0.5088461538461538,0.8926,FedTROS-PR
0.5089230769230769,0.8926,FedTROS-PR
0.5091794871794871,0.8927333333333334,FedTROS-PR
0.5096153846153846,0.8928,FedTROS-PR
0.5096666666666667,0.8928666666666667,FedTROS-PR
0.5096923076923077,0.8928666666666667,FedTROS-PR
0.5098974358974359,0.893,FedTROS-PR
0.5101538461538462,0.8930666666666667,FedTROS-PR
0.5101794871794871,0.8932,FedTROS-PR
0.5103076923076924,0.8932,FedTROS-PR
0.5103589743589744,0.8932,FedTROS-PR
0.5104615384615384,0.8932666666666667,FedTROS-PR
0.5106153846153846,0.8932666666666667,FedTROS-PR
0.5106410256410256,0.8932666666666667,FedTROS-PR
0.5106923076923077,0.8932666666666667,FedTROS-PR
0.511,0.8933333333333333,FedTROS-PR
0.5111794871794871,0.8933333333333333,FedTROS-PR
0.5112307692307693,0.8934,FedTROS-PR
0.5115384615384615,0.8935333333333333,FedTROS-PR
0.5116410256410256,0.8935333333333333,FedTROS-PR
0.5116666666666667,0.8935333333333333,FedTROS-PR
0.5119230769230769,0.8936666666666667,FedTROS-PR
0.5120769230769231,0.8937333333333334,FedTROS-PR
0.5121538461538462,0.8937333333333334,FedTROS-PR
0.5122820512820513,0.8938666666666667,FedTROS-PR
0.5125384615384615,0.894,FedTROS-PR
0.513,0.8940666666666667,FedTROS-PR
0.5131538461538462,0.8940666666666667,FedTROS-PR
0.5135641025641026,0.8940666666666667,FedTROS-PR
0.5138205128205128,0.8940666666666667,FedTROS-PR
0.5138717948717949,0.8940666666666667,FedTROS-PR
0.513974358974359,0.8940666666666667,FedTROS-PR
0.5143076923076924,0.8942,FedTROS-PR
0.5144615384615384,0.8942,FedTROS-PR
0.5146666666666667,0.8942666666666667,FedTROS-PR
0.5148974358974359,0.8943333333333333,FedTROS-PR
0.5152820512820513,0.8944666666666666,FedTROS-PR
0.5153333333333333,0.8944666666666666,FedTROS-PR
0.5158205128205128,0.8944666666666666,FedTROS-PR
0.5158717948717949,0.8944666666666666,FedTROS-PR
0.5164358974358975,0.8946,FedTROS-PR
0.5165128205128205,0.8946666666666667,FedTROS-PR
0.517102564102564,0.8948,FedTROS-PR
0.5173846153846153,0.8948,FedTROS-PR
0.5174871794871795,0.8948,FedTROS-PR
0.5176410256410257,0.8948,FedTROS-PR
0.5178205128205128,0.8949333333333334,FedTROS-PR
0.5178205128205128,0.8950666666666667,FedTROS-PR
0.517974358974359,0.8950666666666667,FedTROS-PR
0.5181538461538462,0.8951333333333333,FedTROS-PR
0.5182564102564102,0.8951333333333333,FedTROS-PR
0.5183846153846153,0.8952,FedTROS-PR
0.519051282051282,0.8954,FedTROS-PR
0.5190769230769231,0.8954,FedTROS-PR
0.5191794871794871,0.8954666666666666,FedTROS-PR
0.5195641025641026,0.8954666666666666,FedTROS-PR
0.5198717948717949,0.8954666666666666,FedTROS-PR
0.52,0.8955333333333333,FedTROS-PR
0.520051282051282,0.8955333333333333,FedTROS-PR
0.5201025641025641,0.8956666666666667,FedTROS-PR
0.5202051282051282,0.8956666666666667,FedTROS-PR
0.5203589743589744,0.8957333333333334,FedTROS-PR
0.5204358974358975,0.8958,FedTROS-PR
0.5206410256410257,0.8959333333333334,FedTROS-PR
0.5206666666666667,0.8959333333333334,FedTROS-PR
0.5208717948717949,0.8960666666666667,FedTROS-PR
0.5212564102564102,0.8962666666666667,FedTROS-PR
0.5214358974358975,0.8963333333333333,FedTROS-PR
0.5217692307692308,0.8966666666666666,FedTROS-PR
0.522051282051282,0.8968,FedTROS-PR
0.5223589743589744,0.8968666666666667,FedTROS-PR
0.5231025641025641,0.897,FedTROS-PR
0.5235641025641026,0.8971333333333333,FedTROS-PR
0.5236153846153846,0.8971333333333333,FedTROS-PR
0.5237692307692308,0.8971333333333333,FedTROS-PR
0.524,0.8972666666666667,FedTROS-PR
0.524025641025641,0.8972666666666667,FedTROS-PR
0.5244615384615384,0.8975333333333333,FedTROS-PR
0.5244871794871795,0.8975333333333333,FedTROS-PR
0.5247692307692308,0.8975333333333333,FedTROS-PR
0.5247948717948718,0.8975333333333333,FedTROS-PR
0.5250769230769231,0.8975333333333333,FedTROS-PR
0.5252564102564102,0.8975333333333333,FedTROS-PR
0.5253076923076923,0.8975333333333333,FedTROS-PR
0.5254615384615384,0.8976,FedTROS-PR
0.5255128205128206,0.8976,FedTROS-PR
0.5258717948717949,0.8976,FedTROS-PR
0.5258974358974359,0.8976,FedTROS-PR
0.5262564102564102,0.8976,FedTROS-PR
0.5263589743589744,0.8976,FedTROS-PR
0.5265128205128206,0.8976666666666666,FedTROS-PR
0.526974358974359,0.8978,FedTROS-PR
0.5271538461538462,0.8978666666666667,FedTROS-PR
0.5272051282051282,0.8978666666666667,FedTROS-PR
0.5274615384615384,0.8979333333333334,FedTROS-PR
0.5275897435897436,0.8979333333333334,FedTROS-PR
0.5277435897435897,0.898,FedTROS-PR
0.5278717948717949,0.8980666666666667,FedTROS-PR
0.5284358974358975,0.8982666666666667,FedTROS-PR
0.5285384615384615,0.8982666666666667,FedTROS-PR
0.5289230769230769,0.8984666666666666,FedTROS-PR
0.5296923076923077,0.8984666666666666,FedTROS-PR
0.5298717948717949,0.8985333333333333,FedTROS-PR
0.53,0.8986,FedTROS-PR
0.5304615384615384,0.8986666666666666,FedTROS-PR
0.5306410256410257,0.8986666666666666,FedTROS-PR
0.5306923076923077,0.8986666666666666,FedTROS-PR
0.5309487179487179,0.8987333333333334,FedTROS-PR
0.5316666666666666,0.8989333333333334,FedTROS-PR
0.5317179487179488,0.8989333333333334,FedTROS-PR
0.5321538461538462,0.8990666666666667,FedTROS-PR
0.5322820512820513,0.8991333333333333,FedTROS-PR
0.5327948717948718,0.8991333333333333,FedTROS-PR
0.5328717948717949,0.8992,FedTROS-PR
0.5332051282051282,0.8992,FedTROS-PR
0.5333076923076923,0.8992,FedTROS-PR
0.5334102564102564,0.8992666666666667,FedTROS-PR
0.5336666666666666,0.8992666666666667,FedTROS-PR
0.5337435897435897,0.8993333333333333,FedTROS-PR
0.5338461538461539,0.8993333333333333,FedTROS-PR
0.5342564102564102,0.8996,FedTROS-PR
0.5343589743589744,0.8996,FedTROS-PR
0.5348717948717949,0.8997333333333334,FedTROS-PR
0.5352564102564102,0.8999333333333334,FedTROS-PR
0.5354102564102564,0.9000666666666667,FedTROS-PR
0.536,0.9001333333333333,FedTROS-PR
0.5360769230769231,0.9001333333333333,FedTROS-PR
0.5362564102564102,0.9002,FedTROS-PR
0.5365641025641026,0.9002666666666667,FedTROS-PR
0.5367948717948718,0.9004666666666666,FedTROS-PR
0.5371282051282051,0.9006,FedTROS-PR
0.5373333333333333,0.9007333333333334,FedTROS-PR
0.5375128205128206,0.9007333333333334,FedTROS-PR
0.5377435897435897,0.9008,FedTROS-PR
0.5377692307692308,0.9008,FedTROS-PR
0.5382820512820513,0.9010666666666667,FedTROS-PR
0.5383589743589744,0.9012,FedTROS-PR
0.5385128205128206,0.9012666666666667,FedTROS-PR
0.5388205128205128,0.9014666666666666,FedTROS-PR
0.5393589743589744,0.9016666666666666,FedTROS-PR
0.5410512820512821,0.9019333333333334,FedTROS-PR
0.5413846153846154,0.902,FedTROS-PR
0.5417692307692308,0.9022,FedTROS-PR
0.542025641025641,0.9022666666666667,FedTROS-PR
0.5420512820512821,0.9023333333333333,FedTROS-PR
0.5421282051282051,0.9023333333333333,FedTROS-PR
0.5421538461538462,0.9023333333333333,FedTROS-PR
0.5423076923076923,0.9023333333333333,FedTROS-PR
0.5423589743589744,0.9023333333333333,FedTROS-PR
0.5427179487179488,0.9024666666666666,FedTROS-PR
0.542974358974359,0.9024666666666666,FedTROS-PR
0.5434871794871795,0.9026666666666666,FedTROS-PR
0.5442307692307692,0.9030666666666667,FedTROS-PR
0.5445384615384615,0.9031333333333333,FedTROS-PR
0.5446666666666666,0.9031333333333333,FedTROS-PR
0.5448717948717948,0.9033333333333333,FedTROS-PR
0.5454871794871795,0.9036666666666666,FedTROS-PR
0.5457435897435897,0.9038,FedTROS-PR
0.5458205128205128,0.9038666666666667,FedTROS-PR
0.5458717948717948,0.9038666666666667,FedTROS-PR
0.546025641025641,0.904,FedTROS-PR
0.5465641025641026,0.9042,FedTROS-PR
0.5473589743589744,0.9042666666666667,FedTROS-PR
0.5475384615384615,0.9042666666666667,FedTROS-PR
0.5477948717948717,0.9044,FedTROS-PR
0.5477948717948717,0.9044666666666666,FedTROS-PR
0.5478974358974359,0.9044666666666666,FedTROS-PR
0.5483333333333333,0.9046666666666666,FedTROS-PR
0.5484358974358975,0.9046666666666666,FedTROS-PR
0.5485128205128205,0.9046666666666666,FedTROS-PR
0.5487179487179488,0.9046666666666666,FedTROS-PR
0.5489487179487179,0.9047333333333333,FedTROS-PR
0.5493333333333333,0.9047333333333333,FedTROS-PR
0.5493589743589744,0.9048,FedTROS-PR
0.5500769230769231,0.9048666666666667,FedTROS-PR
0.5503076923076923,0.9048666666666667,FedTROS-PR
0.5505384615384615,0.905,FedTROS-PR
0.5506923076923077,0.905,FedTROS-PR
0.5507435897435897,0.9050666666666667,FedTROS-PR
0.551,0.9053333333333333,FedTROS-PR
0.5511282051282052,0.9054666666666666,FedTROS-PR
0.5518717948717948,0.9055333333333333,FedTROS-PR
0.5521025641025641,0.9057333333333333,FedTROS-PR
0.5528461538461539,0.9059333333333334,FedTROS-PR
0.5531282051282052,0.9060666666666667,FedTROS-PR
0.5533076923076923,0.9060666666666667,FedTROS-PR
0.5538974358974359,0.9063333333333333,FedTROS-PR
0.5543846153846154,0.9064666666666666,FedTROS-PR
0.5545128205128205,0.9064666666666666,FedTROS-PR
0.555076923076923,0.9068,FedTROS-PR
0.5551025641025641,0.9068,FedTROS-PR
0.5552051282051282,0.9068,FedTROS-PR
0.5554871794871795,0.9068666666666667,FedTROS-PR
0.5555641025641026,0.9069333333333334,FedTROS-PR
0.5555897435897436,0.9069333333333334,FedTROS-PR
0.5557948717948717,0.907,FedTROS-PR
0.5563846153846154,0.9070666666666667,FedTROS-PR
0.5566923076923077,0.9070666666666667,FedTROS-PR
0.5567948717948717,0.9071333333333333,FedTROS-PR
0.5568205128205128,0.9071333333333333,FedTROS-PR
0.557,0.9072666666666667,FedTROS-PR
0.557076923076923,0.9072666666666667,FedTROS-PR
0.5571794871794872,0.9073333333333333,FedTROS-PR
0.5575128205128205,0.9075333333333333,FedTROS-PR
0.5576153846153846,0.9076666666666666,FedTROS-PR
0.5579487179487179,0.9076666666666666,FedTROS-PR
0.558076923076923,0.9076666666666666,FedTROS-PR
0.5582307692307692,0.9076666666666666,FedTROS-PR
0.5587179487179487,0.9077333333333333,FedTROS-PR
0.5590512820512821,0.9079333333333334,FedTROS-PR
0.5592307692307692,0.908,FedTROS-PR
0.5593076923076923,0.908,FedTROS-PR
0.5593333333333333,0.908,FedTROS-PR
0.560076923076923,0.9081333333333333,FedTROS-PR
0.5605384615384615,0.9081333333333333,FedTROS-PR
0.5607948717948718,0.9081333333333333,FedTROS-PR
0.5608461538461539,0.9081333333333333,FedTROS-PR
0.5608717948717948,0.9082,FedTROS-PR
0.5611794871794872,0.9082,FedTROS-PR
0.5614358974358974,0.9083333333333333,FedTROS-PR
0.5625641025641026,0.9088,FedTROS-PR
0.5631025641025641,0.9089333333333334,FedTROS-PR
0.5644615384615385,0.9094,FedTROS-PR
0.5645384615384615,0.9094666666666666,FedTROS-PR
0.5646666666666667,0.9094666666666666,FedTROS-PR
0.5647435897435897,0.9094666666666666,FedTROS-PR
0.5647692307692308,0.9094666666666666,FedTROS-PR
0.5651282051282052,0.9095333333333333,FedTROS-PR
0.5653333333333334,0.9095333333333333,FedTROS-PR
0.5653589743589743,0.9095333333333333,FedTROS-PR
0.5654871794871795,0.9096,FedTROS-PR
0.5658461538461539,0.9096,FedTROS-PR
0.566,0.9096666666666666,FedTROS-PR
0.566025641025641,0.9096666666666666,FedTROS-PR
0.5662051282051282,0.9097333333333333,FedTROS-PR
0.5662820512820513,0.9098,FedTROS-PR
0.5664102564102564,0.9098,FedTROS-PR
0.5664358974358974,0.9098,FedTROS-PR
0.5674871794871795,0.9100666666666667,FedTROS-PR
0.5675641025641026,0.9101333333333333,FedTROS-PR
0.5677948717948718,0.9102666666666667,FedTROS-PR
0.5678717948717948,0.9102666666666667,FedTROS-PR
0.5678974358974359,0.9102666666666667,FedTROS-PR
0.5684102564102564,0.9104,FedTROS-PR
0.5685128205128205,0.9104666666666666,FedTROS-PR
0.5685384615384615,0.9104666666666666,FedTROS-PR
0.5687948717948718,0.9107333333333333,FedTROS-PR
0.5688974358974359,0.9107333333333333,FedTROS-PR
0.5691025641025641,0.9107333333333333,FedTROS-PR
0.5691538461538461,0.9107333333333333,FedTROS-PR
0.5691794871794872,0.9107333333333333,FedTROS-PR
0.5696410256410256,0.9108,FedTROS-PR
0.5702051282051283,0.9108,FedTROS-PR
0.5704358974358974,0.9108666666666667,FedTROS-PR
0.5705897435897436,0.9108666666666667,FedTROS-PR
0.5706923076923077,0.9109333333333334,FedTROS-PR
0.5707179487179487,0.9109333333333334,FedTROS-PR
0.5708974358974359,0.911,FedTROS-PR
0.571025641025641,0.911,FedTROS-PR
0.5711282051282052,0.911,FedTROS-PR
0.5711538461538461,0.911,FedTROS-PR
0.5713333333333334,0.9110666666666667,FedTROS-PR
0.5717692307692308,0.9112,FedTROS-PR
0.5717948717948718,0.9113333333333333,FedTROS-PR
0.5718717948717948,0.9114,FedTROS-PR
0.572025641025641,0.9114,FedTROS-PR
0.5722051282051283,0.9115333333333333,FedTROS-PR
0.5723589743589743,0.9116,FedTROS-PR
0.5724615384615385,0.9116666666666666,FedTROS-PR
0.5732051282051283,0.9120666666666667,FedTROS-PR
0.5733076923076923,0.9120666666666667,FedTROS-PR
0.5736923076923077,0.9124,FedTROS-PR
0.5745897435897436,0.9124,FedTROS-PR
0.5746923076923077,0.9124,FedTROS-PR
0.5749230769230769,0.9124666666666666,FedTROS-PR
0.5751794871794872,0.9125333333333333,FedTROS-PR
0.5754102564102564,0.9126,FedTROS-PR
0.5756410256410256,0.9128,FedTROS-PR
0.5757692307692308,0.9128,FedTROS-PR
0.576,0.913,FedTROS-PR
0.5761025641025641,0.9130666666666667,FedTROS-PR
0.5763589743589743,0.9132666666666667,FedTROS-PR
0.5764102564102564,0.9134,FedTROS-PR
0.5772564102564103,0.9137333333333333,FedTROS-PR
0.5772820512820512,0.9137333333333333,FedTROS-PR
0.5777435897435897,0.9138666666666667,FedTROS-PR
0.578076923076923,0.9138666666666667,FedTROS-PR
0.5786923076923077,0.9141333333333334,FedTROS-PR
0.5792564102564103,0.9143333333333333,FedTROS-PR
0.5794615384615385,0.9143333333333333,FedTROS-PR
0.5798461538461539,0.9144,FedTROS-PR
0.580076923076923,0.9144,FedTROS-PR
0.5803846153846154,0.9145333333333333,FedTROS-PR
0.5804871794871795,0.9145333333333333,FedTROS-PR
0.5805641025641025,0.9145333333333333,FedTROS-PR
0.5806153846153846,0.9146,FedTROS-PR
0.5809230769230769,0.9146,FedTROS-PR
0.5819230769230769,0.9148,FedTROS-PR
0.582,0.9148666666666667,FedTROS-PR
0.582076923076923,0.9148666666666667,FedTROS-PR
0.5824615384615385,0.9148666666666667,FedTROS-PR
0.582974358974359,0.9149333333333334,FedTROS-PR
0.583076923076923,0.9149333333333334,FedTROS-PR
0.5831794871794872,0.915,FedTROS-PR
0.5833076923076923,0.915,FedTROS-PR
0.5837692307692308,0.9150666666666667,FedTROS-PR
0.5838461538461538,0.9150666666666667,FedTROS-PR
0.584076923076923,0.9151333333333334,FedTROS-PR
0.5842820512820512,0.9151333333333334,FedTROS-PR
0.5845384615384616,0.9152,FedTROS-PR
0.5847179487179487,0.9152,FedTROS-PR
0.5847692307692308,0.9152,FedTROS-PR
0.5848205128205128,0.9152666666666667,FedTROS-PR
0.5848974358974359,0.9152666666666667,FedTROS-PR
0.5851538461538461,0.9153333333333333,FedTROS-PR
0.5852564102564103,0.9154666666666667,FedTROS-PR
0.5853076923076923,0.9155333333333333,FedTROS-PR
0.5858717948717949,0.9156,FedTROS-PR
0.5858974358974359,0.9156,FedTROS-PR
0.5866153846153846,0.9156666666666666,FedTROS-PR
0.5867948717948718,0.9157333333333333,FedTROS-PR
0.5874615384615385,0.9159333333333334,FedTROS-PR
0.5876153846153847,0.9159333333333334,FedTROS-PR
0.5877435897435898,0.916,FedTROS-PR
0.5884102564102565,0.916,FedTROS-PR
0.5884358974358974,0.916,FedTROS-PR
0.5886666666666667,0.916,FedTROS-PR
0.5889230769230769,0.916,FedTROS-PR
0.589025641025641,0.916,FedTROS-PR
0.5899230769230769,0.9163333333333333,FedTROS-PR
0.5903846153846154,0.9163333333333333,FedTROS-PR
0.5904871794871794,0.9163333333333333,FedTROS-PR
0.5905641025641025,0.9163333333333333,FedTROS-PR
0.5906666666666667,0.9163333333333333,FedTROS-PR
0.5909230769230769,0.9164,FedTROS-PR
0.5914871794871794,0.9164666666666667,FedTROS-PR
0.5917692307692307,0.9165333333333333,FedTROS-PR
0.5917692307692307,0.9166,FedTROS-PR
0.5917948717948718,0.9166,FedTROS-PR
0.592025641025641,0.9166,FedTROS-PR
0.5922820512820512,0.9166,FedTROS-PR
0.5926153846153847,0.9166666666666666,FedTROS-PR
0.593,0.9166666666666666,FedTROS-PR
0.5931538461538461,0.9167333333333333,FedTROS-PR
0.5934102564102565,0.9167333333333333,FedTROS-PR
0.5934871794871794,0.9167333333333333,FedTROS-PR
0.5937179487179487,0.9167333333333333,FedTROS-PR
0.5942051282051282,0.9169333333333334,FedTROS-PR
0.5946153846153847,0.9171333333333334,FedTROS-PR
0.5948461538461538,0.9172666666666667,FedTROS-PR
0.5954615384615385,0.9172666666666667,FedTROS-PR
0.5955384615384616,0.9173333333333333,FedTROS-PR
0.5955897435897436,0.9173333333333333,FedTROS-PR
0.5956923076923077,0.9174,FedTROS-PR
0.5958717948717949,0.9174,FedTROS-PR
0.5961794871794872,0.9175333333333333,FedTROS-PR
0.5963076923076923,0.9175333333333333,FedTROS-PR
0.5963333333333334,0.9175333333333333,FedTROS-PR
0.5965128205128205,0.9176,FedTROS-PR
0.5967692307692307,0.9178,FedTROS-PR
0.597,0.9178666666666667,FedTROS-PR
0.5972564102564103,0.9178666666666667,FedTROS-PR
0.5975384615384616,0.918,FedTROS-PR
0.5977948717948718,0.9180666666666667,FedTROS-PR
0.598,0.9181333333333334,FedTROS-PR
0.5983076923076923,0.9182666666666667,FedTROS-PR
0.5985128205128205,0.9182666666666667,FedTROS-PR
0.5991538461538461,0.9182666666666667,FedTROS-PR
0.5992564102564103,0.9182666666666667,FedTROS-PR
0.5993076923076923,0.9182666666666667,FedTROS-PR
0.5994102564102564,0.9182666666666667,FedTROS-PR
0.5994358974358974,0.9182666666666667,FedTROS-PR
0.5998461538461538,0.9184,FedTROS-PR
0.6003076923076923,0.9184,FedTROS-PR
0.6004358974358974,0.9184666666666667,FedTROS-PR
0.6005641025641025,0.9184666666666667,FedTROS-PR
0.6007948717948718,0.9186,FedTROS-PR
0.6008205128205129,0.9186666666666666,FedTROS-PR
0.600974358974359,0.9186666666666666,FedTROS-PR
0.6013589743589743,0.9189333333333334,FedTROS-PR
0.6015384615384616,0.9192,FedTROS-PR
0.6018461538461538,0.9192,FedTROS-PR
0.6020769230769231,0.9194666666666667,FedTROS-PR
0.6021538461538462,0.9194666666666667,FedTROS-PR
0.6025384615384616,0.9195333333333333,FedTROS-PR
0.6025897435897436,0.9195333333333333,FedTROS-PR
0.6029230769230769,0.9195333333333333,FedTROS-PR
0.603051282051282,0.9195333333333333,FedTROS-PR
0.6032820512820513,0.9196666666666666,FedTROS-PR
0.6036923076923076,0.9197333333333333,FedTROS-PR
0.6038205128205129,0.9197333333333333,FedTROS-PR
0.6038717948717949,0.9197333333333333,FedTROS-PR
0.6039230769230769,0.9198666666666667,FedTROS-PR
0.6042307692307692,0.9199333333333334,FedTROS-PR
0.6044102564102564,0.9199333333333334,FedTROS-PR
0.6047435897435898,0.9200666666666667,FedTROS-PR
0.6047692307692307,0.9200666666666667,FedTROS-PR
0.6048974358974359,0.9201333333333334,FedTROS-PR
0.6056923076923076,0.9203333333333333,FedTROS-PR
0.606051282051282,0.9204,FedTROS-PR
0.6061025641025641,0.9204,FedTROS-PR
0.6061025641025641,0.9204666666666667,FedTROS-PR
0.6064358974358974,0.9204666666666667,FedTROS-PR
0.6066410256410256,0.9206,FedTROS-PR
0.6067692307692307,0.9207333333333333,FedTROS-PR
0.6068974358974359,0.9207333333333333,FedTROS-PR
0.6069230769230769,0.9207333333333333,FedTROS-PR
0.6071282051282051,0.9208,FedTROS-PR
0.6071794871794872,0.9208,FedTROS-PR
0.6073333333333333,0.9208,FedTROS-PR
0.6078717948717949,0.9208,FedTROS-PR
0.608051282051282,0.9208,FedTROS-PR
0.6086666666666667,0.9211333333333334,FedTROS-PR
0.6088461538461538,0.9211333333333334,FedTROS-PR
0.608897435897436,0.9211333333333334,FedTROS-PR
0.609,0.9211333333333334,FedTROS-PR
0.609025641025641,0.9211333333333334,FedTROS-PR
0.6093333333333333,0.9211333333333334,FedTROS-PR
0.6093589743589743,0.9211333333333334,FedTROS-PR
0.6099743589743589,0.9212,FedTROS-PR
0.6103076923076923,0.9213333333333333,FedTROS-PR
0.6107692307692307,0.9215333333333333,FedTROS-PR
0.6108461538461538,0.9216666666666666,FedTROS-PR
0.6116666666666667,0.9216666666666666,FedTROS-PR
0.6123846153846154,0.9216666666666666,FedTROS-PR
0.6124358974358974,0.9217333333333333,FedTROS-PR
0.6127948717948718,0.9217333333333333,FedTROS-PR
0.6131538461538462,0.922,FedTROS-PR
0.6132307692307692,0.922,FedTROS-PR
0.614051282051282,0.9220666666666667,FedTROS-PR
0.6142051282051282,0.9220666666666667,FedTROS-PR
0.6144615384615385,0.9220666666666667,FedTROS-PR
0.6152820512820513,0.9221333333333334,FedTROS-PR
0.6156410256410256,0.9224666666666667,FedTROS-PR
0.6157692307692307,0.9226,FedTROS-PR
0.615948717948718,0.9226,FedTROS-PR
0.616,0.9226,FedTROS-PR
0.6165128205128205,0.9226,FedTROS-PR
0.6167179487179487,0.9226,FedTROS-PR
0.6168717948717949,0.9226,FedTROS-PR
0.617,0.9226,FedTROS-PR
0.6176153846153846,0.9227333333333333,FedTROS-PR
0.6183589743589744,0.9228666666666666,FedTROS-PR
0.618948717948718,0.923,FedTROS-PR
0.6191282051282051,0.923,FedTROS-PR
0.6192051282051282,0.923,FedTROS-PR
0.6195384615384616,0.9230666666666667,FedTROS-PR
0.6204102564102564,0.9232666666666667,FedTROS-PR
0.6206153846153846,0.9235333333333333,FedTROS-PR
0.6209743589743589,0.9237333333333333,FedTROS-PR
0.6214615384615385,0.9238,FedTROS-PR
0.6219743589743589,0.9238666666666666,FedTROS-PR
0.622,0.9238666666666666,FedTROS-PR
0.6221025641025641,0.9238666666666666,FedTROS-PR
0.6224615384615385,0.9238666666666666,FedTROS-PR
0.6224871794871795,0.9238666666666666,FedTROS-PR
0.6231025641025641,0.924,FedTROS-PR
0.6232820512820513,0.924,FedTROS-PR
0.6233589743589744,0.9240666666666667,FedTROS-PR
0.6233846153846154,0.9240666666666667,FedTROS-PR
0.6241282051282051,0.9241333333333334,FedTROS-PR
0.6241794871794871,0.9242,FedTROS-PR
0.625,0.9244666666666667,FedTROS-PR
0.6250256410256411,0.9244666666666667,FedTROS-PR
0.6251794871794871,0.9244666666666667,FedTROS-PR
0.6257948717948718,0.9245333333333333,FedTROS-PR
0.626,0.9246,FedTROS-PR
0.6260256410256411,0.9246,FedTROS-PR
0.6264615384615385,0.9246666666666666,FedTROS-PR
0.6268205128205128,0.9246666666666666,FedTROS-PR
0.6269230769230769,0.9246666666666666,FedTROS-PR
0.6271025641025642,0.9246666666666666,FedTROS-PR
0.6274358974358974,0.9248,FedTROS-PR
0.6275384615384615,0.9248,FedTROS-PR
0.6278461538461538,0.9248,FedTROS-PR
0.6282307692307693,0.9248666666666666,FedTROS-PR
0.6282820512820513,0.9248666666666666,FedTROS-PR
0.6283589743589744,0.9248666666666666,FedTROS-PR
0.6283846153846154,0.9249333333333334,FedTROS-PR
0.6286153846153846,0.9249333333333334,FedTROS-PR
0.6286666666666667,0.9249333333333334,FedTROS-PR
0.6286923076923077,0.9249333333333334,FedTROS-PR
0.6291538461538462,0.9249333333333334,FedTROS-PR
0.6295897435897436,0.9251333333333334,FedTROS-PR
0.6297435897435898,0.9251333333333334,FedTROS-PR
0.629948717948718,0.9253333333333333,FedTROS-PR
0.6306923076923077,0.9257333333333333,FedTROS-PR
0.6307948717948718,0.9257333333333333,FedTROS-PR
0.6308205128205128,0.9257333333333333,FedTROS-PR
0.6309230769230769,0.9258666666666666,FedTROS-PR
0.6310769230769231,0.9258666666666666,FedTROS-PR
0.6312051282051282,0.9258666666666666,FedTROS-PR
0.6313589743589744,0.9259333333333334,FedTROS-PR
0.6313846153846154,0.9259333333333334,FedTROS-PR
0.6315384615384615,0.9259333333333334,FedTROS-PR
0.6316666666666667,0.9259333333333334,FedTROS-PR
0.6317179487179487,0.9259333333333334,FedTROS-PR
0.6319743589743589,0.9260666666666667,FedTROS-PR
0.632051282051282,0.9260666666666667,FedTROS-PR
0.6324102564102564,0.9261333333333334,FedTROS-PR
0.6328717948717949,0.9262,FedTROS-PR
0.6328974358974359,0.9262,FedTROS-PR
0.6338205128205128,0.9264666666666667,FedTROS-PR
0.6338717948717949,0.9265333333333333,FedTROS-PR
0.6338974358974359,0.9266,FedTROS-PR
0.6343333333333333,0.9266666666666666,FedTROS-PR
0.6343846153846154,0.9266666666666666,FedTROS-PR
0.6346923076923077,0.9268666666666666,FedTROS-PR
0.6348461538461538,0.9269333333333334,FedTROS-PR
0.635102564102564,0.9269333333333334,FedTROS-PR
0.6351538461538462,0.9269333333333334,FedTROS-PR
0.6353589743589744,0.927,FedTROS-PR
0.6355128205128205,0.9272,FedTROS-PR
0.6356410256410256,0.9273333333333333,FedTROS-PR
0.6361794871794871,0.9273333333333333,FedTROS-PR
0.6369230769230769,0.9276,FedTROS-PR
0.6371538461538462,0.9276,FedTROS-PR
0.6372051282051282,0.9278,FedTROS-PR
0.6373076923076924,0.9278,FedTROS-PR
0.6373333333333333,0.9278666666666666,FedTROS-PR
0.6375128205128205,0.9279333333333334,FedTROS-PR
0.6377948717948718,0.9280666666666667,FedTROS-PR
0.6378461538461538,0.9280666666666667,FedTROS-PR
0.6382051282051282,0.9282,FedTROS-PR
0.6388974358974359,0.9282666666666667,FedTROS-PR
0.6390256410256411,0.9282666666666667,FedTROS-PR
0.6402307692307693,0.9288,FedTROS-PR
0.6402564102564102,0.9288,FedTROS-PR
0.6404615384615384,0.9289333333333334,FedTROS-PR
0.6406153846153846,0.929,FedTROS-PR
0.6408974358974359,0.9292,FedTROS-PR
0.6410256410256411,0.9292666666666667,FedTROS-PR
0.6413333333333333,0.9294666666666667,FedTROS-PR
0.6415897435897436,0.9295333333333333,FedTROS-PR
0.642102564102564,0.9297333333333333,FedTROS-PR
0.6423333333333333,0.9297333333333333,FedTROS-PR
0.6423846153846153,0.9297333333333333,FedTROS-PR
0.6429230769230769,0.9298,FedTROS-PR
0.6432051282051282,0.9299333333333333,FedTROS-PR
0.6434102564102564,0.9299333333333333,FedTROS-PR
0.6436923076923077,0.9299333333333333,FedTROS-PR
0.6437692307692308,0.9299333333333333,FedTROS-PR
0.644025641025641,0.93,FedTROS-PR
0.6442564102564102,0.93,FedTROS-PR
0.6446153846153846,0.93,FedTROS-PR
0.6449230769230769,0.93,FedTROS-PR
0.6454102564102564,0.9300666666666667,FedTROS-PR
0.6455897435897436,0.9301333333333334,FedTROS-PR
0.6459230769230769,0.9302,FedTROS-PR
0.646051282051282,0.9302,FedTROS-PR
0.6462051282051282,0.9302666666666667,FedTROS-PR
0.6463333333333333,0.9302666666666667,FedTROS-PR
0.6464615384615384,0.9303333333333333,FedTROS-PR
0.6464871794871795,0.9304,FedTROS-PR
0.6465897435897436,0.9304,FedTROS-PR
0.6466410256410257,0.9304,FedTROS-PR
0.6472820512820513,0.9306,FedTROS-PR
0.6473076923076924,0.9306,FedTROS-PR
0.6476153846153846,0.9306666666666666,FedTROS-PR
0.6477179487179487,0.9307333333333333,FedTROS-PR
0.648,0.9307333333333333,FedTROS-PR
0.6480769230769231,0.9307333333333333,FedTROS-PR
0.6481794871794871,0.9308,FedTROS-PR
0.6484871794871795,0.9308666666666666,FedTROS-PR
0.6488717948717949,0.9309333333333333,FedTROS-PR
0.6492820512820513,0.931,FedTROS-PR
0.6493846153846153,0.931,FedTROS-PR
0.650051282051282,0.9312,FedTROS-PR
0.6501282051282051,0.9312,FedTROS-PR
0.6503846153846153,0.9312666666666667,FedTROS-PR
0.6504102564102564,0.9312666666666667,FedTROS-PR
0.6504615384615384,0.9312666666666667,FedTROS-PR
0.6505384615384615,0.9314,FedTROS-PR
0.6507692307692308,0.9314666666666667,FedTROS-PR
0.6512564102564102,0.9315333333333333,FedTROS-PR
0.6513333333333333,0.9315333333333333,FedTROS-PR
0.6515641025641026,0.9315333333333333,FedTROS-PR
0.6517692307692308,0.9315333333333333,FedTROS-PR
0.6521282051282051,0.9317333333333333,FedTROS-PR
0.6524871794871795,0.9318,FedTROS-PR
0.6527692307692308,0.9318,FedTROS-PR
0.6531025641025641,0.932,FedTROS-PR
0.6531538461538462,0.932,FedTROS-PR
0.6532820512820513,0.932,FedTROS-PR
0.6533589743589744,0.932,FedTROS-PR
0.6535128205128206,0.932,FedTROS-PR
0.6535384615384615,0.932,FedTROS-PR
0.6538974358974359,0.9322666666666667,FedTROS-PR
0.654,0.9322666666666667,FedTROS-PR
0.6548974358974359,0.9324666666666667,FedTROS-PR
0.655,0.9326,FedTROS-PR
0.655051282051282,0.9326666666666666,FedTROS-PR
0.6553333333333333,0.9326666666666666,FedTROS-PR
0.6555897435897435,0.9327333333333333,FedTROS-PR
0.6556410256410257,0.9327333333333333,FedTROS-PR
0.6559230769230769,0.9327333333333333,FedTROS-PR
0.6565641025641026,0.9331333333333334,FedTROS-PR
0.6565897435897435,0.9331333333333334,FedTROS-PR
0.6568205128205128,0.9331333333333334,FedTROS-PR
0.6569487179487179,0.9331333333333334,FedTROS-PR
0.6582564102564102,0.9333333333333333,FedTROS-PR
0.6585897435897435,0.9334666666666667,FedTROS-PR
0.6589487179487179,0.9335333333333333,FedTROS-PR
0.6591538461538462,0.9335333333333333,FedTROS-PR
0.6592820512820513,0.9335333333333333,FedTROS-PR
0.6593333333333333,0.9335333333333333,FedTROS-PR
0.6594358974358975,0.9335333333333333,FedTROS-PR
0.6595128205128206,0.9335333333333333,FedTROS-PR
0.6601538461538462,0.9335333333333333,FedTROS-PR
0.6605384615384615,0.9336,FedTROS-PR
0.6606666666666666,0.9336666666666666,FedTROS-PR
0.6608717948717949,0.9336666666666666,FedTROS-PR
0.6614615384615384,0.9337333333333333,FedTROS-PR
0.6617435897435897,0.9338,FedTROS-PR
0.6622564102564102,0.9338,FedTROS-PR
0.6623589743589744,0.9338,FedTROS-PR
0.6624358974358975,0.9338,FedTROS-PR
0.6627948717948718,0.9338,FedTROS-PR
0.6629487179487179,0.9338,FedTROS-PR
0.663,0.9338,FedTROS-PR
0.6633076923076923,0.9338,FedTROS-PR
0.6633846153846154,0.9338,FedTROS-PR
0.6636153846153846,0.9338,FedTROS-PR
0.6636410256410257,0.9338666666666666,FedTROS-PR
0.6641282051282051,0.9344,FedTROS-PR
0.6646153846153846,0.9344666666666667,FedTROS-PR
0.6646153846153846,0.9345333333333333,FedTROS-PR
0.6646410256410257,0.9345333333333333,FedTROS-PR
0.6647179487179488,0.9345333333333333,FedTROS-PR
0.6648717948717948,0.9345333333333333,FedTROS-PR
0.664923076923077,0.9345333333333333,FedTROS-PR
0.6653589743589744,0.9346,FedTROS-PR
0.6657692307692308,0.9346,FedTROS-PR
0.6661025641025641,0.9347333333333333,FedTROS-PR
0.6661282051282051,0.9347333333333333,FedTROS-PR
0.6663076923076923,0.9349333333333333,FedTROS-PR
0.6663333333333333,0.9349333333333333,FedTROS-PR
0.6667948717948718,0.9349333333333333,FedTROS-PR
0.666974358974359,0.935,FedTROS-PR
0.6671538461538462,0.935,FedTROS-PR
0.6673846153846154,0.935,FedTROS-PR
0.6675128205128205,0.9351333333333334,FedTROS-PR
0.6675641025641026,0.9351333333333334,FedTROS-PR
0.6675641025641026,0.9352,FedTROS-PR
0.6677435897435897,0.9354,FedTROS-PR
0.6682820512820513,0.9356666666666666,FedTROS-PR
0.6693589743589744,0.9356666666666666,FedTROS-PR
0.6694102564102564,0.9356666666666666,FedTROS-PR
0.6694102564102564,0.9357333333333333,FedTROS-PR
0.6694358974358975,0.9358,FedTROS-PR
0.6695128205128205,0.9358,FedTROS-PR
0.6698717948717948,0.9358,FedTROS-PR
0.6699487179487179,0.9358,FedTROS-PR
0.6701282051282051,0.9358,FedTROS-PR
0.6708205128205128,0.9358666666666666,FedTROS-PR
0.6708461538461539,0.9359333333333333,FedTROS-PR
0.671025641025641,0.936,FedTROS-PR
0.672025641025641,0.9361333333333334,FedTROS-PR
0.6725897435897435,0.9365333333333333,FedTROS-PR
0.6728974358974359,0.9366666666666666,FedTROS-PR
0.6730769230769231,0.9366666666666666,FedTROS-PR
0.6737948717948717,0.9368666666666666,FedTROS-PR
0.674025641025641,0.9369333333333333,FedTROS-PR
0.6745384615384615,0.937,FedTROS-PR
0.6751025641025641,0.9372,FedTROS-PR
0.6754102564102564,0.9373333333333334,FedTROS-PR
0.6754358974358974,0.9373333333333334,FedTROS-PR
0.6756153846153846,0.9373333333333334,FedTROS-PR
0.6756923076923077,0.9373333333333334,FedTROS-PR
0.6758205128205128,0.9373333333333334,FedTROS-PR
0.6760769230769231,0.9374666666666667,FedTROS-PR
0.6765384615384615,0.9376,FedTROS-PR
0.6769487179487179,0.9377333333333333,FedTROS-PR
0.6772307692307692,0.9377333333333333,FedTROS-PR
0.6775384615384615,0.9378666666666666,FedTROS-PR
0.6777179487179488,0.9378666666666666,FedTROS-PR
0.678,0.9378666666666666,FedTROS-PR
0.6780512820512821,0.9379333333333333,FedTROS-PR
0.6784102564102564,0.9381333333333334,FedTROS-PR
0.6784615384615384,0.9381333333333334,FedTROS-PR
0.6785384615384615,0.9382,FedTROS-PR
0.6785641025641026,0.9383333333333334,FedTROS-PR
0.6787692307692308,0.9383333333333334,FedTROS-PR
0.6796410256410257,0.9383333333333334,FedTROS-PR
0.68,0.9384,FedTROS-PR
0.6804102564102564,0.9386,FedTROS-PR
0.6814615384615385,0.9387333333333333,FedTROS-PR
0.681923076923077,0.9388,FedTROS-PR
0.681974358974359,0.9388,FedTROS-PR
0.6826666666666666,0.9388666666666666,FedTROS-PR
0.6827948717948717,0.9388666666666666,FedTROS-PR
0.682974358974359,0.939,FedTROS-PR
0.6831794871794872,0.939,FedTROS-PR
0.6834358974358974,0.9391333333333334,FedTROS-PR
0.6834871794871795,0.9392,FedTROS-PR
0.6837948717948718,0.9396,FedTROS-PR
0.6841794871794872,0.9397333333333333,FedTROS-PR
0.6844615384615385,0.9397333333333333,FedTROS-PR
0.6845384615384615,0.9397333333333333,FedTROS-PR
0.6848974358974359,0.9399333333333333,FedTROS-PR
0.684974358974359,0.9399333333333333,FedTROS-PR
0.6851794871794872,0.94,FedTROS-PR
0.6852820512820513,0.94,FedTROS-PR
0.6852820512820513,0.9400666666666667,FedTROS-PR
0.6858974358974359,0.9402666666666667,FedTROS-PR
0.6861794871794872,0.9402666666666667,FedTROS-PR
0.6865897435897436,0.9402666666666667,FedTROS-PR
0.6866410256410257,0.9402666666666667,FedTROS-PR
0.6867179487179487,0.9402666666666667,FedTROS-PR
0.6868205128205128,0.9403333333333334,FedTROS-PR
0.6868461538461539,0.9403333333333334,FedTROS-PR
0.686923076923077,0.9403333333333334,FedTROS-PR
0.6870512820512821,0.9403333333333334,FedTROS-PR
0.6872051282051282,0.9404666666666667,FedTROS-PR
0.6872820512820513,0.9404666666666667,FedTROS-PR
0.6874102564102564,0.9405333333333333,FedTROS-PR
0.687923076923077,0.9407333333333333,FedTROS-PR
0.688025641025641,0.9408,FedTROS-PR
0.6881282051282052,0.9408,FedTROS-PR
0.6882564102564103,0.9408666666666666,FedTROS-PR
0.6883846153846154,0.9408666666666666,FedTROS-PR
0.6885128205128205,0.9409333333333333,FedTROS-PR
0.6885384615384615,0.9409333333333333,FedTROS-PR
0.689,0.9410666666666667,FedTROS-PR
0.689025641025641,0.9410666666666667,FedTROS-PR
0.6891282051282052,0.9410666666666667,FedTROS-PR
0.6893333333333334,0.9410666666666667,FedTROS-PR
0.6895128205128205,0.9410666666666667,FedTROS-PR
0.6897948717948718,0.9412,FedTROS-PR
0.6898717948717948,0.9412,FedTROS-PR
0.6903333333333334,0.9412666666666667,FedTROS-PR
0.6903589743589743,0.9412666666666667,FedTROS-PR
0.6904615384615385,0.9412666666666667,FedTROS-PR
0.6905641025641026,0.9413333333333334,FedTROS-PR
0.6907692307692308,0.9413333333333334,FedTROS-PR
0.6907948717948718,0.9414,FedTROS-PR
0.6922820512820513,0.9416,FedTROS-PR
0.6926410256410256,0.9416666666666667,FedTROS-PR
0.6927692307692308,0.9417333333333333,FedTROS-PR
0.6928461538461539,0.9417333333333333,FedTROS-PR
0.6929487179487179,0.9417333333333333,FedTROS-PR
0.6934102564102564,0.9417333333333333,FedTROS-PR
0.6936923076923077,0.9417333333333333,FedTROS-PR
0.6937435897435897,0.9417333333333333,FedTROS-PR
0.694,0.9417333333333333,FedTROS-PR
0.6944102564102564,0.9417333333333333,FedTROS-PR
0.6944615384615385,0.9417333333333333,FedTROS-PR
0.6946410256410256,0.9417333333333333,FedTROS-PR
0.6952307692307692,0.9417333333333333,FedTROS-PR
0.6954615384615385,0.9418,FedTROS-PR
0.6955384615384615,0.9418,FedTROS-PR
0.6956410256410256,0.9418,FedTROS-PR
0.6957692307692308,0.9418,FedTROS-PR
0.6963076923076923,0.9419333333333333,FedTROS-PR
0.6966666666666667,0.9419333333333333,FedTROS-PR
0.6968974358974359,0.9420666666666667,FedTROS-PR
0.697,0.9420666666666667,FedTROS-PR
0.697076923076923,0.9420666666666667,FedTROS-PR
0.6973076923076923,0.9420666666666667,FedTROS-PR
0.6977692307692308,0.9420666666666667,FedTROS-PR
0.6978461538461539,0.9420666666666667,FedTROS-PR
0.6978717948717948,0.9420666666666667,FedTROS-PR
0.698,0.9420666666666667,FedTROS-PR
0.6982307692307692,0.9421333333333334,FedTROS-PR
0.6984871794871795,0.9422666666666667,FedTROS-PR
0.6985897435897436,0.9422666666666667,FedTROS-PR
0.698974358974359,0.9424666666666667,FedTROS-PR
0.6992051282051283,0.9425333333333333,FedTROS-PR
0.6992307692307692,0.9426,FedTROS-PR
0.6992564102564103,0.9426,FedTROS-PR
0.6994102564102564,0.9426,FedTROS-PR
0.6997435897435897,0.9426,FedTROS-PR
0.6997692307692308,0.9426,FedTROS-PR
0.7000512820512821,0.9426,FedTROS-PR
0.701,0.9429333333333333,FedTROS-PR
0.701076923076923,0.9429333333333333,FedTROS-PR
0.7011794871794872,0.9429333333333333,FedTROS-PR
0.7014871794871795,0.9432,FedTROS-PR
0.702,0.9434,FedTROS-PR
0.7020512820512821,0.9434,FedTROS-PR
0.7021282051282052,0.9434,FedTROS-PR
0.7023076923076923,0.9434,FedTROS-PR
0.7023333333333334,0.9434,FedTROS-PR
0.7026153846153846,0.9434,FedTROS-PR
0.7029230769230769,0.9434,FedTROS-PR
0.7032051282051283,0.9434666666666667,FedTROS-PR
0.7035128205128205,0.9436,FedTROS-PR
0.7037948717948718,0.9436666666666667,FedTROS-PR
0.7038205128205128,0.9436666666666667,FedTROS-PR
0.7047435897435897,0.9436666666666667,FedTROS-PR
0.7048974358974359,0.9438,FedTROS-PR
0.704974358974359,0.9438,FedTROS-PR
0.7056666666666667,0.9438,FedTROS-PR
0.7063846153846154,0.9439333333333333,FedTROS-PR
0.7064871794871795,0.944,FedTROS-PR
0.7068205128205128,0.9440666666666667,FedTROS-PR
0.7073846153846154,0.9440666666666667,FedTROS-PR
0.7075384615384616,0.9441333333333334,FedTROS-PR
0.7077179487179487,0.9442666666666667,FedTROS-PR
0.708025641025641,0.9442666666666667,FedTROS-PR
0.7083589743589743,0.9444,FedTROS-PR
0.7084102564102565,0.9444,FedTROS-PR
0.7092307692307692,0.9444666666666667,FedTROS-PR
0.7095641025641025,0.9445333333333333,FedTROS-PR
0.7098205128205128,0.9446666666666667,FedTROS-PR
0.7098717948717949,0.9446666666666667,FedTROS-PR
0.7104615384615385,0.9447333333333333,FedTROS-PR
0.7106923076923077,0.9448,FedTROS-PR
0.7107435897435898,0.9448,FedTROS-PR
0.7108974358974359,0.9448666666666666,FedTROS-PR
0.7114102564102565,0.9449333333333333,FedTROS-PR
0.7117692307692308,0.9451333333333334,FedTROS-PR
0.7121282051282052,0.9452,FedTROS-PR
0.7123846153846154,0.9452,FedTROS-PR
0.7125641025641025,0.9452666666666667,FedTROS-PR
0.7131025641025641,0.9452666666666667,FedTROS-PR
0.7131538461538461,0.9452666666666667,FedTROS-PR
0.7132051282051282,0.9452666666666667,FedTROS-PR
0.7135128205128205,0.9452666666666667,FedTROS-PR
0.7136666666666667,0.9452666666666667,FedTROS-PR
0.7142564102564103,0.9454,FedTROS-PR
0.7143589743589743,0.9455333333333333,FedTROS-PR
0.7145384615384616,0.9455333333333333,FedTROS-PR
0.715076923076923,0.9456,FedTROS-PR
0.7151025641025641,0.9456666666666667,FedTROS-PR
0.7158461538461538,0.9458666666666666,FedTROS-PR
0.7162564102564103,0.9459333333333333,FedTROS-PR
0.7162820512820512,0.9459333333333333,FedTROS-PR
0.7162820512820512,0.946,FedTROS-PR
0.7163589743589743,0.9460666666666666,FedTROS-PR
0.717,0.9462666666666667,FedTROS-PR
0.7171538461538461,0.9463333333333334,FedTROS-PR
0.7173333333333334,0.9463333333333334,FedTROS-PR
0.7175897435897436,0.9463333333333334,FedTROS-PR
0.7176153846153847,0.9463333333333334,FedTROS-PR
0.7176666666666667,0.9464666666666667,FedTROS-PR
0.7177692307692307,0.9464666666666667,FedTROS-PR
0.7179230769230769,0.9464666666666667,FedTROS-PR
0.7180512820512821,0.9464666666666667,FedTROS-PR
0.7181794871794872,0.9466,FedTROS-PR
0.7185897435897436,0.9467333333333333,FedTROS-PR
0.7191794871794872,0.9468666666666666,FedTROS-PR
0.7193076923076923,0.9469333333333333,FedTROS-PR
0.7195128205128205,0.9469333333333333,FedTROS-PR
0.7195641025641025,0.9469333333333333,FedTROS-PR
0.7196410256410256,0.9469333333333333,FedTROS-PR
0.7198461538461538,0.947,FedTROS-PR
0.7199230769230769,0.947,FedTROS-PR
0.7203333333333334,0.947,FedTROS-PR
0.7206153846153847,0.947,FedTROS-PR
0.7208461538461538,0.9472,FedTROS-PR
0.7210512820512821,0.9472,FedTROS-PR
0.7213076923076923,0.9472,FedTROS-PR
0.7215384615384616,0.9472,FedTROS-PR
0.7220769230769231,0.9472,FedTROS-PR
0.7223076923076923,0.9472,FedTROS-PR
0.7227692307692307,0.9474,FedTROS-PR
0.7228205128205129,0.9474,FedTROS-PR
0.7231538461538461,0.9474,FedTROS-PR
0.7234102564102564,0.9474,FedTROS-PR
0.7236153846153847,0.9474,FedTROS-PR
0.7242051282051282,0.9476,FedTROS-PR
0.7244615384615385,0.9478,FedTROS-PR
0.7244871794871794,0.9478,FedTROS-PR
0.7245384615384616,0.9478,FedTROS-PR
0.7247435897435898,0.9478666666666666,FedTROS-PR
0.725,0.9479333333333333,FedTROS-PR
0.7251282051282051,0.9479333333333333,FedTROS-PR
0.7257948717948718,0.9479333333333333,FedTROS-PR
0.7259230769230769,0.948,FedTROS-PR
0.7262564102564103,0.948,FedTROS-PR
0.7263589743589743,0.948,FedTROS-PR
0.7266153846153847,0.9480666666666666,FedTROS-PR
0.7266410256410256,0.9481333333333334,FedTROS-PR
0.7267948717948718,0.9481333333333334,FedTROS-PR
0.7268205128205129,0.9482,FedTROS-PR
0.7271538461538462,0.9482,FedTROS-PR
0.7274102564102564,0.9482666666666667,FedTROS-PR
0.728051282051282,0.9483333333333334,FedTROS-PR
0.7282564102564103,0.9484666666666667,FedTROS-PR
0.7283333333333334,0.9484666666666667,FedTROS-PR
0.7284358974358974,0.9484666666666667,FedTROS-PR
0.7285641025641025,0.9484666666666667,FedTROS-PR
0.7286923076923076,0.9485333333333333,FedTROS-PR
0.7288461538461538,0.9485333333333333,FedTROS-PR
0.7289230769230769,0.9485333333333333,FedTROS-PR
0.7294102564102564,0.9486,FedTROS-PR
0.7312564102564103,0.9489333333333333,FedTROS-PR
0.7313846153846154,0.9489333333333333,FedTROS-PR
0.7314871794871795,0.9489333333333333,FedTROS-PR
0.7315384615384616,0.9489333333333333,FedTROS-PR
0.7316410256410256,0.9489333333333333,FedTROS-PR
0.731974358974359,0.949,FedTROS-PR
0.7320769230769231,0.949,FedTROS-PR
0.7324358974358974,0.9490666666666666,FedTROS-PR
0.7325128205128205,0.9490666666666666,FedTROS-PR
0.733025641025641,0.9490666666666666,FedTROS-PR
0.7333589743589743,0.9490666666666666,FedTROS-PR
0.733897435897436,0.9490666666666666,FedTROS-PR
0.7342307692307692,0.9492666666666667,FedTROS-PR
0.7344358974358974,0.9493333333333334,FedTROS-PR
0.7345897435897436,0.9493333333333334,FedTROS-PR
0.7347692307692307,0.9493333333333334,FedTROS-PR
0.7348717948717949,0.9493333333333334,FedTROS-PR
0.734897435897436,0.9494666666666667,FedTROS-PR
0.734948717948718,0.9494666666666667,FedTROS-PR
0.7351538461538462,0.9496666666666667,FedTROS-PR
0.7351794871794872,0.9496666666666667,FedTROS-PR
0.7352307692307692,0.9496666666666667,FedTROS-PR
0.7356410256410256,0.9498,FedTROS-PR
0.735948717948718,0.9498666666666666,FedTROS-PR
0.7361794871794872,0.9499333333333333,FedTROS-PR
0.7362564102564103,0.9499333333333333,FedTROS-PR
0.7366153846153846,0.9499333333333333,FedTROS-PR
0.7367692307692307,0.9499333333333333,FedTROS-PR
0.736897435897436,0.9499333333333333,FedTROS-PR
0.7369230769230769,0.9499333333333333,FedTROS-PR
0.7371538461538462,0.9500666666666666,FedTROS-PR
0.7371538461538462,0.9501333333333334,FedTROS-PR
0.7373076923076923,0.9502,FedTROS-PR
0.7374358974358974,0.9502,FedTROS-PR
0.7374615384615385,0.9502,FedTROS-PR
0.7376153846153846,0.9502,FedTROS-PR
0.7377179487179487,0.9502,FedTROS-PR
0.738025641025641,0.9502,FedTROS-PR
0.7384358974358974,0.9503333333333334,FedTROS-PR
0.7387948717948718,0.9503333333333334,FedTROS-PR
0.7388205128205129,0.9503333333333334,FedTROS-PR
0.738897435897436,0.9504,FedTROS-PR
0.7392051282051282,0.9504,FedTROS-PR
0.7392564102564102,0.9504666666666667,FedTROS-PR
0.7396153846153846,0.9504666666666667,FedTROS-PR
0.7396923076923076,0.9504666666666667,FedTROS-PR
0.739897435897436,0.9504666666666667,FedTROS-PR
0.74,0.9504666666666667,FedTROS-PR
0.740051282051282,0.9504666666666667,FedTROS-PR
0.7401538461538462,0.9505333333333333,FedTROS-PR
0.7403846153846154,0.9506666666666667,FedTROS-PR
0.7405128205128205,0.9506666666666667,FedTROS-PR
0.7407948717948718,0.9508,FedTROS-PR
0.7408461538461538,0.9508,FedTROS-PR
0.7408717948717949,0.9508666666666666,FedTROS-PR
0.7409230769230769,0.9508666666666666,FedTROS-PR
0.7412820512820513,0.9508666666666666,FedTROS-PR
0.7413589743589744,0.9508666666666666,FedTROS-PR
0.741948717948718,0.9509333333333333,FedTROS-PR
0.7420256410256411,0.951,FedTROS-PR
0.7422564102564102,0.951,FedTROS-PR
0.7427179487179487,0.9511333333333334,FedTROS-PR
0.7427435897435898,0.9512,FedTROS-PR
0.7428461538461538,0.9512,FedTROS-PR
0.743,0.9512666666666667,FedTROS-PR
0.7433333333333333,0.9512666666666667,FedTROS-PR
0.7434871794871795,0.9512666666666667,FedTROS-PR
0.7436666666666667,0.9512666666666667,FedTROS-PR
0.7436923076923077,0.9512666666666667,FedTROS-PR
0.7438205128205129,0.9512666666666667,FedTROS-PR
0.7441538461538462,0.9512666666666667,FedTROS-PR
0.7444615384615385,0.9514,FedTROS-PR
0.7446153846153846,0.9514,FedTROS-PR
0.7447692307692307,0.9514,FedTROS-PR
0.7448974358974358,0.9514666666666667,FedTROS-PR
0.7455128205128205,0.9516666666666667,FedTROS-PR
0.7455897435897436,0.9516666666666667,FedTROS-PR
0.7456153846153846,0.9516666666666667,FedTROS-PR
0.7459230769230769,0.9516666666666667,FedTROS-PR
0.7463076923076923,0.9516666666666667,FedTROS-PR
0.7468461538461538,0.9518,FedTROS-PR
0.747,0.9518666666666666,FedTROS-PR
0.7480769230769231,0.9521333333333334,FedTROS-PR
0.7484102564102564,0.9523333333333334,FedTROS-PR
0.7484358974358974,0.9523333333333334,FedTROS-PR
0.7487179487179487,0.9523333333333334,FedTROS-PR
0.748948717948718,0.9523333333333334,FedTROS-PR
0.7489743589743589,0.9523333333333334,FedTROS-PR
0.7491538461538462,0.9523333333333334,FedTROS-PR
0.7492051282051282,0.9523333333333334,FedTROS-PR
0.7494102564102564,0.9524,FedTROS-PR
0.7496666666666667,0.9524,FedTROS-PR
0.7498205128205129,0.9525333333333333,FedTROS-PR
0.7501282051282051,0.9526,FedTROS-PR
0.7502564102564102,0.9526666666666667,FedTROS-PR
0.7503846153846154,0.9526666666666667,FedTROS-PR
0.7505641025641026,0.9527333333333333,FedTROS-PR
0.7506153846153846,0.9527333333333333,FedTROS-PR
0.7506410256410256,0.9527333333333333,FedTROS-PR
0.7507948717948718,0.9528,FedTROS-PR
0.7511025641025642,0.9528,FedTROS-PR
0.7511282051282051,0.9528,FedTROS-PR
0.7512564102564102,0.9528666666666666,FedTROS-PR
0.7513589743589744,0.9528666666666666,FedTROS-PR
0.7517179487179487,0.9528666666666666,FedTROS-PR
0.7518461538461538,0.9529333333333333,FedTROS-PR
0.7522307692307693,0.9529333333333333,FedTROS-PR
0.7524871794871795,0.9529333333333333,FedTROS-PR
0.7526410256410256,0.9529333333333333,FedTROS-PR
0.7528461538461538,0.9529333333333333,FedTROS-PR
0.752948717948718,0.953,FedTROS-PR
0.7531282051282051,0.953,FedTROS-PR
0.7535128205128205,0.953,FedTROS-PR
0.7535384615384615,0.9530666666666666,FedTROS-PR
0.7535641025641026,0.9530666666666666,FedTROS-PR
0.7543846153846154,0.9533333333333334,FedTROS-PR
0.7547179487179487,0.9533333333333334,FedTROS-PR
0.7549743589743589,0.9533333333333334,FedTROS-PR
0.755051282051282,0.9534,FedTROS-PR
0.7552051282051282,0.9534,FedTROS-PR
0.7555641025641026,0.9535333333333333,FedTROS-PR
0.7556153846153846,0.9535333333333333,FedTROS-PR
0.7557948717948718,0.9536,FedTROS-PR
0.7559743589743589,0.9536,FedTROS-PR
0.7564358974358975,0.9536666666666667,FedTROS-PR
0.7566666666666667,0.9536666666666667,FedTROS-PR
0.7567435897435898,0.9538,FedTROS-PR
0.7575897435897436,0.954,FedTROS-PR
0.7577948717948718,0.954,FedTROS-PR
0.758051282051282,0.954,FedTROS-PR
0.7581538461538462,0.954,FedTROS-PR
0.7583846153846154,0.9540666666666666,FedTROS-PR
0.7586666666666667,0.9541333333333334,FedTROS-PR
0.7588205128205128,0.9541333333333334,FedTROS-PR
0.7590769230769231,0.9542,FedTROS-PR
0.7593333333333333,0.9543333333333334,FedTROS-PR
0.7594358974358975,0.9543333333333334,FedTROS-PR
0.7595384615384615,0.9544,FedTROS-PR
0.7597692307692308,0.9544666666666667,FedTROS-PR
0.7604615384615384,0.9545333333333333,FedTROS-PR
0.7604871794871795,0.9545333333333333,FedTROS-PR
0.7606153846153846,0.9545333333333333,FedTROS-PR
0.7608205128205128,0.9545333333333333,FedTROS-PR
0.7608974358974359,0.9545333333333333,FedTROS-PR
0.760948717948718,0.9545333333333333,FedTROS-PR
0.7609743589743589,0.9545333333333333,FedTROS-PR
0.7610769230769231,0.9545333333333333,FedTROS-PR
0.7612564102564102,0.9546,FedTROS-PR
0.7613846153846154,0.9547333333333333,FedTROS-PR
0.7615897435897436,0.9548,FedTROS-PR
0.7616923076923077,0.9549333333333333,FedTROS-PR
0.7621282051282051,0.9549333333333333,FedTROS-PR
0.7623846153846154,0.9550666666666666,FedTROS-PR
0.762948717948718,0.9550666666666666,FedTROS-PR
0.7631538461538462,0.9551333333333333,FedTROS-PR
0.7633333333333333,0.9551333333333333,FedTROS-PR
0.7635384615384615,0.9551333333333333,FedTROS-PR
0.7638717948717949,0.9552,FedTROS-PR
0.7647948717948718,0.9554666666666667,FedTROS-PR
0.7648461538461538,0.9555333333333333,FedTROS-PR
0.7652564102564102,0.9556,FedTROS-PR
0.7653589743589744,0.9556,FedTROS-PR
0.7656153846153846,0.9556,FedTROS-PR
0.766051282051282,0.9556666666666667,FedTROS-PR
0.7663589743589744,0.9556666666666667,FedTROS-PR
0.7664102564102564,0.9556666666666667,FedTROS-PR
0.7667692307692308,0.9557333333333333,FedTROS-PR
0.7668461538461538,0.9557333333333333,FedTROS-PR
0.7668974358974359,0.9557333333333333,FedTROS-PR
0.7669230769230769,0.9557333333333333,FedTROS-PR
0.7676923076923077,0.9558666666666666,FedTROS-PR
0.7679230769230769,0.9559333333333333,FedTROS-PR
0.7685384615384615,0.9561333333333333,FedTROS-PR
0.768948717948718,0.9562,FedTROS-PR
0.7691538461538462,0.9563333333333334,FedTROS-PR
0.7696153846153846,0.9564666666666667,FedTROS-PR
0.7697179487179487,0.9564666666666667,FedTROS-PR
0.7700769230769231,0.9566666666666667,FedTROS-PR
0.7702051282051282,0.9566666666666667,FedTROS-PR
0.7702820512820513,0.9566666666666667,FedTROS-PR
0.7706923076923077,0.957,FedTROS-PR
0.7711538461538462,0.9572,FedTROS-PR
0.7712820512820513,0.9572,FedTROS-PR
0.7714102564102564,0.9573333333333334,FedTROS-PR
0.7716666666666666,0.9573333333333334,FedTROS-PR
0.7727435897435897,0.9574666666666667,FedTROS-PR
0.7736410256410257,0.9576666666666667,FedTROS-PR
0.7737692307692308,0.9576666666666667,FedTROS-PR
0.7742051282051282,0.9578,FedTROS-PR
0.7744871794871795,0.9578666666666666,FedTROS-PR
0.7746153846153846,0.958,FedTROS-PR
0.7752051282051282,0.958,FedTROS-PR
0.7753076923076923,0.958,FedTROS-PR
0.7758205128205128,0.9580666666666666,FedTROS-PR
0.7764102564102564,0.9580666666666666,FedTROS-PR
0.7764358974358975,0.9580666666666666,FedTROS-PR
0.7766153846153846,0.9580666666666666,FedTROS-PR
0.7768717948717949,0.9580666666666666,FedTROS-PR
0.7768974358974359,0.9580666666666666,FedTROS-PR
0.7772051282051282,0.9581333333333333,FedTROS-PR
0.7772307692307693,0.9581333333333333,FedTROS-PR
0.7773589743589744,0.9581333333333333,FedTROS-PR
0.7774102564102564,0.9582,FedTROS-PR
0.7776410256410257,0.9582,FedTROS-PR
0.7776666666666666,0.9582,FedTROS-PR
0.7781025641025641,0.9584,FedTROS-PR
0.7788717948717949,0.9584,FedTROS-PR
0.7789487179487179,0.9584,FedTROS-PR
0.7791025641025641,0.9584666666666667,FedTROS-PR
0.7791282051282051,0.9584666666666667,FedTROS-PR
0.7792820512820513,0.9585333333333333,FedTROS-PR
0.7797435897435897,0.9586,FedTROS-PR
0.7798717948717949,0.9586,FedTROS-PR
0.78,0.9588666666666666,FedTROS-PR
0.7800769230769231,0.9589333333333333,FedTROS-PR
0.7804102564102564,0.9590666666666666,FedTROS-PR
0.7804615384615384,0.9590666666666666,FedTROS-PR
0.7805384615384615,0.9590666666666666,FedTROS-PR
0.7808205128205128,0.9591333333333333,FedTROS-PR
0.7808461538461539,0.9591333333333333,FedTROS-PR
0.7808974358974359,0.9592,FedTROS-PR
0.7810769230769231,0.9594,FedTROS-PR
0.7816666666666666,0.9594666666666667,FedTROS-PR
0.7816923076923077,0.9594666666666667,FedTROS-PR
0.7823589743589744,0.9595333333333333,FedTROS-PR
0.7826666666666666,0.9597333333333333,FedTROS-PR
0.7827692307692308,0.9598,FedTROS-PR
0.7827692307692308,0.9598666666666666,FedTROS-PR
0.7832307692307693,0.9600666666666666,FedTROS-PR
0.7832564102564102,0.9600666666666666,FedTROS-PR
0.7842307692307692,0.9600666666666666,FedTROS-PR
0.7846666666666666,0.9601333333333333,FedTROS-PR
0.7848974358974359,0.9601333333333333,FedTROS-PR
0.7852051282051282,0.9602,FedTROS-PR
0.7853589743589744,0.9602,FedTROS-PR
0.7854615384615384,0.9602,FedTROS-PR
0.7854871794871795,0.9602,FedTROS-PR
0.785974358974359,0.9604,FedTROS-PR
0.7861538461538462,0.9604,FedTROS-PR
0.7863076923076923,0.9604666666666667,FedTROS-PR
0.7864871794871795,0.9605333333333334,FedTROS-PR
0.7866153846153846,0.9605333333333334,FedTROS-PR
0.7867179487179488,0.9605333333333334,FedTROS-PR
0.787,0.9606666666666667,FedTROS-PR
0.7870769230769231,0.9606666666666667,FedTROS-PR
0.7879487179487179,0.961,FedTROS-PR
0.788051282051282,0.961,FedTROS-PR
0.7892051282051282,0.9612,FedTROS-PR
0.7892307692307692,0.9612,FedTROS-PR
0.7894615384615384,0.9612666666666667,FedTROS-PR
0.789974358974359,0.9612666666666667,FedTROS-PR
0.7901025641025641,0.9612666666666667,FedTROS-PR
0.7904615384615384,0.9616,FedTROS-PR
0.7904871794871795,0.9616,FedTROS-PR
0.7905384615384615,0.9616666666666667,FedTROS-PR
0.7906153846153846,0.9616666666666667,FedTROS-PR
0.7911794871794872,0.9617333333333333,FedTROS-PR
0.7914615384615384,0.9617333333333333,FedTROS-PR
0.7916410256410257,0.9618,FedTROS-PR
0.7921538461538462,0.9618666666666666,FedTROS-PR
0.7922820512820513,0.9618666666666666,FedTROS-PR
0.7924358974358975,0.9618666666666666,FedTROS-PR
0.7928461538461539,0.9619333333333333,FedTROS-PR
0.792923076923077,0.9619333333333333,FedTROS-PR
0.7935897435897435,0.962,FedTROS-PR
0.7936153846153846,0.962,FedTROS-PR
0.7938717948717948,0.9620666666666666,FedTROS-PR
0.794,0.9620666666666666,FedTROS-PR
0.7940769230769231,0.9620666666666666,FedTROS-PR
0.7952564102564103,0.9622666666666667,FedTROS-PR
0.7953333333333333,0.9622666666666667,FedTROS-PR
0.796,0.9625333333333334,FedTROS-PR
0.7963589743589744,0.9625333333333334,FedTROS-PR
0.7964358974358975,0.9625333333333334,FedTROS-PR
0.797025641025641,0.9626,FedTROS-PR
0.7974102564102564,0.9626,FedTROS-PR
0.7975128205128205,0.9626,FedTROS-PR
0.7975641025641026,0.9627333333333333,FedTROS-PR
0.7976666666666666,0.9627333333333333,FedTROS-PR
0.7978717948717948,0.9627333333333333,FedTROS-PR
0.7986153846153846,0.9629333333333333,FedTROS-PR
0.7991282051282051,0.9629333333333333,FedTROS-PR
0.7994358974358975,0.9629333333333333,FedTROS-PR
0.7996410256410257,0.963,FedTROS-PR
0.7999487179487179,0.9630666666666666,FedTROS-PR
0.8001794871794872,0.9630666666666666,FedTROS-PR
0.8003076923076923,0.9631333333333333,FedTROS-PR
0.8004871794871795,0.9631333333333333,FedTROS-PR
0.8015128205128205,0.9635333333333334,FedTROS-PR
0.8018461538461539,0.9636,FedTROS-PR
0.8021282051282052,0.9636,FedTROS-PR
0.8026666666666666,0.9637333333333333,FedTROS-PR
0.802974358974359,0.9637333333333333,FedTROS-PR
0.8032820512820513,0.9637333333333333,FedTROS-PR
0.8034358974358974,0.9640666666666666,FedTROS-PR
0.8038461538461539,0.9642,FedTROS-PR
0.803923076923077,0.9642,FedTROS-PR
0.803974358974359,0.9642,FedTROS-PR
0.8040512820512821,0.9642666666666667,FedTROS-PR
0.8041025641025641,0.9642666666666667,FedTROS-PR
0.8043589743589744,0.9642666666666667,FedTROS-PR
0.8055384615384615,0.9644,FedTROS-PR
0.8056410256410257,0.9644666666666667,FedTROS-PR
0.8057179487179488,0.9644666666666667,FedTROS-PR
0.8060512820512821,0.9645333333333334,FedTROS-PR
0.8061794871794872,0.9645333333333334,FedTROS-PR
0.8061794871794872,0.9646,FedTROS-PR
0.8062051282051282,0.9646,FedTROS-PR
0.8066153846153846,0.9647333333333333,FedTROS-PR
0.8066666666666666,0.9648,FedTROS-PR
0.8067692307692308,0.9648,FedTROS-PR
0.8070512820512821,0.9648666666666667,FedTROS-PR
0.8072051282051282,0.9648666666666667,FedTROS-PR
0.8073846153846154,0.9650666666666666,FedTROS-PR
0.8074102564102564,0.9650666666666666,FedTROS-PR
0.8081538461538461,0.9650666666666666,FedTROS-PR
0.8085128205128205,0.9650666666666666,FedTROS-PR
0.809076923076923,0.9652,FedTROS-PR
0.8096666666666666,0.9653333333333334,FedTROS-PR
0.810076923076923,0.9654,FedTROS-PR
0.8102051282051282,0.9654666666666667,FedTROS-PR
0.8102564102564103,0.9654666666666667,FedTROS-PR
0.8105641025641026,0.9654666666666667,FedTROS-PR
0.8112051282051282,0.9656,FedTROS-PR
0.8114615384615385,0.9656,FedTROS-PR
0.8115128205128205,0.9656,FedTROS-PR
0.8116153846153846,0.9656666666666667,FedTROS-PR
0.8116410256410257,0.9656666666666667,FedTROS-PR
0.8118717948717948,0.9656666666666667,FedTROS-PR
0.8123333333333334,0.9657333333333333,FedTROS-PR
0.8125384615384615,0.9658,FedTROS-PR
0.8127179487179487,0.9658666666666667,FedTROS-PR
0.812923076923077,0.9659333333333333,FedTROS-PR
0.8130512820512821,0.966,FedTROS-PR
0.8132051282051282,0.966,FedTROS-PR
0.8145384615384615,0.9664666666666667,FedTROS-PR
0.8145641025641026,0.9664666666666667,FedTROS-PR
0.8146666666666667,0.9664666666666667,FedTROS-PR
0.8147435897435897,0.9664666666666667,FedTROS-PR
0.8149487179487179,0.9665333333333334,FedTROS-PR
0.8153333333333334,0.9666,FedTROS-PR
0.8156666666666667,0.9666666666666667,FedTROS-PR
0.8162820512820513,0.9666666666666667,FedTROS-PR
0.8165384615384615,0.9667333333333333,FedTROS-PR
0.8166410256410256,0.9668666666666667,FedTROS-PR
0.8175384615384615,0.9670666666666666,FedTROS-PR
0.818076923076923,0.9672666666666667,FedTROS-PR
0.8183076923076923,0.9673333333333334,FedTROS-PR
0.8187435897435897,0.9674,FedTROS-PR
0.8187948717948718,0.9674,FedTROS-PR
0.8196410256410256,0.9674666666666667,FedTROS-PR
0.8202564102564103,0.9674666666666667,FedTROS-PR
0.8202820512820512,0.9674666666666667,FedTROS-PR
0.8204102564102564,0.9674666666666667,FedTROS-PR
0.8204871794871795,0.9674666666666667,FedTROS-PR
0.8206153846153846,0.9674666666666667,FedTROS-PR
0.8208717948717948,0.9676,FedTROS-PR
0.8214358974358974,0.9676,FedTROS-PR
0.8218974358974359,0.9677333333333333,FedTROS-PR
0.8224102564102564,0.9677333333333333,FedTROS-PR
0.8243076923076923,0.9679333333333333,FedTROS-PR
0.8252820512820512,0.9679333333333333,FedTROS-PR
0.8254102564102564,0.9679333333333333,FedTROS-PR
0.8254358974358974,0.9679333333333333,FedTROS-PR
0.8256666666666667,0.968,FedTROS-PR
0.8257948717948718,0.968,FedTROS-PR
0.8259230769230769,0.9680666666666666,FedTROS-PR
0.8262051282051283,0.9680666666666666,FedTROS-PR
0.8262307692307692,0.9680666666666666,FedTROS-PR
0.8264615384615385,0.9680666666666666,FedTROS-PR
0.8266410256410256,0.9680666666666666,FedTROS-PR
0.826974358974359,0.9680666666666666,FedTROS-PR
0.827076923076923,0.9680666666666666,FedTROS-PR
0.8272564102564103,0.9681333333333333,FedTROS-PR
0.8274871794871795,0.9682,FedTROS-PR
0.8276410256410256,0.9682666666666667,FedTROS-PR
0.8278461538461539,0.9682666666666667,FedTROS-PR
0.8284358974358974,0.9683333333333334,FedTROS-PR
0.8284358974358974,0.9684,FedTROS-PR
0.8288717948717949,0.9684666666666667,FedTROS-PR
0.8293333333333334,0.9684666666666667,FedTROS-PR
0.8293589743589743,0.9684666666666667,FedTROS-PR
0.8296410256410256,0.9684666666666667,FedTROS-PR
0.8299487179487179,0.9684666666666667,FedTROS-PR
0.8305384615384616,0.9686,FedTROS-PR
0.8305641025641025,0.9686,FedTROS-PR
0.8306923076923077,0.9686,FedTROS-PR
0.8308205128205128,0.9686666666666667,FedTROS-PR
0.8310512820512821,0.9686666666666667,FedTROS-PR
0.8312051282051282,0.9686666666666667,FedTROS-PR
0.8312307692307692,0.9686666666666667,FedTROS-PR
0.8316153846153846,0.9686666666666667,FedTROS-PR
0.8316666666666667,0.9686666666666667,FedTROS-PR
0.832025641025641,0.9686666666666667,FedTROS-PR
0.832076923076923,0.9687333333333333,FedTROS-PR
0.8322564102564103,0.9688666666666667,FedTROS-PR
0.8326923076923077,0.969,FedTROS-PR
0.8329230769230769,0.9690666666666666,FedTROS-PR
0.8333589743589743,0.9691333333333333,FedTROS-PR
0.8335897435897436,0.9691333333333333,FedTROS-PR
0.8337948717948718,0.9691333333333333,FedTROS-PR
0.8347179487179487,0.9693333333333334,FedTROS-PR
0.8353589743589743,0.9696666666666667,FedTROS-PR
0.8354102564102565,0.9697333333333333,FedTROS-PR
0.8357692307692308,0.9698,FedTROS-PR
0.8358717948717949,0.9698,FedTROS-PR
0.8362051282051282,0.9698666666666667,FedTROS-PR
0.8362820512820512,0.9699333333333333,FedTROS-PR
0.8367179487179487,0.9700666666666666,FedTROS-PR
0.8368717948717949,0.9704,FedTROS-PR
0.8372564102564103,0.9704666666666667,FedTROS-PR
0.8374102564102565,0.9705333333333334,FedTROS-PR
0.8376666666666667,0.9706,FedTROS-PR
0.8377179487179487,0.9706,FedTROS-PR
0.8381025641025641,0.9706666666666667,FedTROS-PR
0.8383076923076923,0.9707333333333333,FedTROS-PR
0.8383333333333334,0.9707333333333333,FedTROS-PR
0.8397179487179487,0.9712,FedTROS-PR
0.8398461538461538,0.9712,FedTROS-PR
0.8402307692307692,0.9712,FedTROS-PR
0.8405128205128205,0.9712,FedTROS-PR
0.8405641025641025,0.9712,FedTROS-PR
0.8406923076923077,0.9712,FedTROS-PR
0.8408974358974359,0.9712,FedTROS-PR
0.8412564102564103,0.9712666666666666,FedTROS-PR
0.8413846153846154,0.9714,FedTROS-PR
0.8414871794871794,0.9715333333333334,FedTROS-PR
0.8415641025641025,0.9716666666666667,FedTROS-PR
0.842025641025641,0.9717333333333333,FedTROS-PR
0.8420769230769231,0.9717333333333333,FedTROS-PR
0.8421538461538461,0.9717333333333333,FedTROS-PR
0.8422820512820512,0.9717333333333333,FedTROS-PR
0.8425897435897436,0.9718,FedTROS-PR
0.8427179487179487,0.9718,FedTROS-PR
0.8432564102564103,0.9719333333333333,FedTROS-PR
0.8435641025641025,0.9721333333333333,FedTROS-PR
0.8441282051282051,0.9722666666666666,FedTROS-PR
0.8444358974358974,0.9724666666666667,FedTROS-PR
0.8446666666666667,0.9724666666666667,FedTROS-PR
0.8452564102564103,0.9726666666666667,FedTROS-PR
0.8453589743589743,0.9726666666666667,FedTROS-PR
0.8454871794871794,0.9727333333333333,FedTROS-PR
0.8456666666666667,0.9728,FedTROS-PR
0.8457179487179487,0.9728,FedTROS-PR
0.8460512820512821,0.973,FedTROS-PR
0.8461282051282051,0.9731333333333333,FedTROS-PR
0.8467179487179487,0.9732,FedTROS-PR
0.8475897435897436,0.9734666666666667,FedTROS-PR
0.8478717948717949,0.9735333333333334,FedTROS-PR
0.848051282051282,0.9736,FedTROS-PR
0.8482051282051282,0.9736,FedTROS-PR
0.8482307692307692,0.9736,FedTROS-PR
0.8483846153846154,0.9736666666666667,FedTROS-PR
0.8484358974358974,0.9737333333333333,FedTROS-PR
0.8484615384615385,0.9737333333333333,FedTROS-PR
0.8486410256410256,0.9737333333333333,FedTROS-PR
0.8488717948717949,0.9737333333333333,FedTROS-PR
0.8492820512820513,0.9738666666666667,FedTROS-PR
0.8494102564102564,0.9738666666666667,FedTROS-PR
0.8494871794871794,0.9738666666666667,FedTROS-PR
0.850025641025641,0.9739333333333333,FedTROS-PR
0.8505897435897436,0.9741333333333333,FedTROS-PR
0.8506923076923077,0.9742666666666666,FedTROS-PR
0.8508205128205129,0.9742666666666666,FedTROS-PR
0.8508717948717949,0.9742666666666666,FedTROS-PR
0.851025641025641,0.9744,FedTROS-PR
0.851051282051282,0.9744,FedTROS-PR
0.8511025641025641,0.9744,FedTROS-PR
0.8514615384615385,0.9744,FedTROS-PR
0.8517692307692307,0.9744,FedTROS-PR
0.852,0.9744666666666667,FedTROS-PR
0.8524615384615385,0.9744666666666667,FedTROS-PR
0.8527948717948718,0.9745333333333334,FedTROS-PR
0.8528461538461538,0.9745333333333334,FedTROS-PR
0.853,0.9746,FedTROS-PR
0.8533076923076923,0.9746666666666667,FedTROS-PR
0.8533589743589743,0.9747333333333333,FedTROS-PR
0.8535128205128205,0.9747333333333333,FedTROS-PR
0.8538205128205129,0.9747333333333333,FedTROS-PR
0.853948717948718,0.9748,FedTROS-PR
0.853974358974359,0.9748,FedTROS-PR
0.8541538461538462,0.9748,FedTROS-PR
0.8541794871794872,0.9748,FedTROS-PR
0.8542307692307692,0.9748,FedTROS-PR
0.8543076923076923,0.9748666666666667,FedTROS-PR
0.8548717948717949,0.975,FedTROS-PR
0.855025641025641,0.975,FedTROS-PR
0.8553076923076923,0.975,FedTROS-PR
0.8554102564102564,0.9750666666666666,FedTROS-PR
0.8557692307692307,0.9752,FedTROS-PR
0.8558461538461538,0.9752,FedTROS-PR
0.856051282051282,0.9752,FedTROS-PR
0.8564102564102564,0.9752,FedTROS-PR
0.8569230769230769,0.9754,FedTROS-PR
0.8571025641025641,0.9754666666666667,FedTROS-PR
0.8571282051282051,0.9754666666666667,FedTROS-PR
0.858,0.9754666666666667,FedTROS-PR
0.8591794871794872,0.9754666666666667,FedTROS-PR
0.8592307692307692,0.9754666666666667,FedTROS-PR
0.8592820512820513,0.9754666666666667,FedTROS-PR
0.8594102564102564,0.9754666666666667,FedTROS-PR
0.8594615384615385,0.9754666666666667,FedTROS-PR
0.8598205128205129,0.9756,FedTROS-PR
0.860025641025641,0.9756,FedTROS-PR
0.8606153846153846,0.9758,FedTROS-PR
0.8608461538461538,0.9758,FedTROS-PR
0.860948717948718,0.9758,FedTROS-PR
0.8615641025641025,0.9759333333333333,FedTROS-PR
0.8616666666666667,0.976,FedTROS-PR
0.8617692307692307,0.9761333333333333,FedTROS-PR
0.862,0.9761333333333333,FedTROS-PR
0.8623589743589744,0.9761333333333333,FedTROS-PR
0.8628461538461538,0.9761333333333333,FedTROS-PR
0.8633333333333333,0.9764,FedTROS-PR
0.8634615384615385,0.9764,FedTROS-PR
0.8635128205128205,0.9764,FedTROS-PR
0.8636923076923076,0.9764666666666667,FedTROS-PR
0.863948717948718,0.9765333333333334,FedTROS-PR
0.8644871794871795,0.9765333333333334,FedTROS-PR
0.8646153846153846,0.9765333333333334,FedTROS-PR
0.8646153846153846,0.9766,FedTROS-PR
0.8646923076923076,0.9766666666666667,FedTROS-PR
0.8648461538461538,0.9767333333333333,FedTROS-PR
0.8649743589743589,0.9768,FedTROS-PR
0.865051282051282,0.9768,FedTROS-PR
0.8652051282051282,0.9768,FedTROS-PR
0.8664358974358974,0.9769333333333333,FedTROS-PR
0.8664871794871795,0.9769333333333333,FedTROS-PR
0.8671538461538462,0.9770666666666666,FedTROS-PR
0.8673076923076923,0.9770666666666666,FedTROS-PR
0.8678205128205129,0.9772666666666666,FedTROS-PR
0.8678717948717949,0.9772666666666666,FedTROS-PR
0.8679743589743589,0.9773333333333334,FedTROS-PR
0.8682820512820513,0.9774666666666667,FedTROS-PR
0.8685128205128205,0.9776,FedTROS-PR
0.8686923076923077,0.9776,FedTROS-PR
0.8687692307692307,0.9776,FedTROS-PR
0.8689743589743589,0.9777333333333333,FedTROS-PR
0.8694102564102564,0.978,FedTROS-PR
0.8695384615384616,0.9780666666666666,FedTROS-PR
0.8696153846153846,0.9780666666666666,FedTROS-PR
0.8697692307692307,0.9781333333333333,FedTROS-PR
0.8697948717948718,0.9782,FedTROS-PR
0.869948717948718,0.9782666666666666,FedTROS-PR
0.8700256410256411,0.9782666666666666,FedTROS-PR
0.8702307692307693,0.9782666666666666,FedTROS-PR
0.8703333333333333,0.9783333333333334,FedTROS-PR
0.8704871794871795,0.9783333333333334,FedTROS-PR
0.8707948717948718,0.9784666666666667,FedTROS-PR
0.8713333333333333,0.9784666666666667,FedTROS-PR
0.8716410256410256,0.9785333333333334,FedTROS-PR
0.8717435897435898,0.9787333333333333,FedTROS-PR
0.8719743589743589,0.9787333333333333,FedTROS-PR
0.8722307692307693,0.9787333333333333,FedTROS-PR
0.8723076923076923,0.9787333333333333,FedTROS-PR
0.8723333333333333,0.9787333333333333,FedTROS-PR
0.8723846153846154,0.9787333333333333,FedTROS-PR
0.8727435897435898,0.9789333333333333,FedTROS-PR
0.8728205128205129,0.9789333333333333,FedTROS-PR
0.8731538461538462,0.9789333333333333,FedTROS-PR
0.8737692307692307,0.9789333333333333,FedTROS-PR
0.8739743589743589,0.979,FedTROS-PR
0.874051282051282,0.9790666666666666,FedTROS-PR
0.8740769230769231,0.9791333333333333,FedTROS-PR
0.8742051282051282,0.9791333333333333,FedTROS-PR
0.8742820512820513,0.9792,FedTROS-PR
0.8750769230769231,0.9792666666666666,FedTROS-PR
0.8751282051282051,0.9792666666666666,FedTROS-PR
0.876,0.9795333333333334,FedTROS-PR
0.8760769230769231,0.9797333333333333,FedTROS-PR
0.8760769230769231,0.9798,FedTROS-PR
0.8762820512820513,0.9798,FedTROS-PR
0.8763076923076923,0.9798,FedTROS-PR
0.8764358974358974,0.9798666666666667,FedTROS-PR
0.8764615384615385,0.98,FedTROS-PR
0.8767435897435898,0.98,FedTROS-PR
0.877,0.9800666666666666,FedTROS-PR
0.8773076923076923,0.9800666666666666,FedTROS-PR
0.8773589743589744,0.9800666666666666,FedTROS-PR
0.8773846153846154,0.9802,FedTROS-PR
0.8774102564102564,0.9802,FedTROS-PR
0.8774871794871795,0.9802,FedTROS-PR
0.8775128205128205,0.9802,FedTROS-PR
0.878948717948718,0.9806,FedTROS-PR
0.879,0.9806666666666667,FedTROS-PR
0.8794102564102564,0.9807333333333333,FedTROS-PR
0.8795384615384615,0.9807333333333333,FedTROS-PR
0.8798461538461538,0.9807333333333333,FedTROS-PR
0.8799743589743589,0.9807333333333333,FedTROS-PR
0.8801025641025642,0.9808,FedTROS-PR
0.8804871794871795,0.9808,FedTROS-PR
0.8806410256410256,0.9808,FedTROS-PR
0.8808974358974359,0.981,FedTROS-PR
0.881051282051282,0.981,FedTROS-PR
0.8818461538461538,0.9811333333333333,FedTROS-PR
0.8821282051282051,0.9812666666666666,FedTROS-PR
0.8825641025641026,0.9814666666666667,FedTROS-PR
0.8825897435897436,0.9814666666666667,FedTROS-PR
0.8826410256410256,0.9814666666666667,FedTROS-PR
0.8833076923076923,0.9816,FedTROS-PR
0.8834358974358975,0.9816,FedTROS-PR
0.8838717948717949,0.9817333333333333,FedTROS-PR
0.8846410256410256,0.982,FedTROS-PR
0.8858717948717949,0.9825333333333334,FedTROS-PR
0.886,0.9825333333333334,FedTROS-PR
0.8863846153846154,0.9826,FedTROS-PR
0.8865384615384615,0.9826,FedTROS-PR
0.8871282051282051,0.9826666666666667,FedTROS-PR
0.8874615384615384,0.9827333333333333,FedTROS-PR
0.8875128205128205,0.9827333333333333,FedTROS-PR
0.8878974358974359,0.9828,FedTROS-PR
0.8883333333333333,0.9828,FedTROS-PR
0.8886410256410257,0.9828666666666667,FedTROS-PR
0.888974358974359,0.983,FedTROS-PR
0.8892564102564102,0.9830666666666666,FedTROS-PR
0.8897692307692308,0.9831333333333333,FedTROS-PR
0.8903076923076924,0.9832,FedTROS-PR
0.8904358974358975,0.9832666666666666,FedTROS-PR
0.8907435897435897,0.9833333333333333,FedTROS-PR
0.8908461538461538,0.9834,FedTROS-PR
0.891,0.9834,FedTROS-PR
0.891051282051282,0.9834,FedTROS-PR
0.8913589743589744,0.9834,FedTROS-PR
0.8917692307692308,0.9834,FedTROS-PR
0.8923846153846153,0.9834666666666667,FedTROS-PR
0.8924615384615384,0.9834666666666667,FedTROS-PR
0.8926923076923077,0.9835333333333334,FedTROS-PR
0.8927948717948718,0.9835333333333334,FedTROS-PR
0.8928974358974359,0.9835333333333334,FedTROS-PR
0.8931282051282051,0.9836,FedTROS-PR
0.894025641025641,0.9836,FedTROS-PR
0.8941025641025641,0.9836,FedTROS-PR
0.8942051282051282,0.9836,FedTROS-PR
0.8943076923076924,0.9837333333333333,FedTROS-PR
0.8946410256410257,0.9837333333333333,FedTROS-PR
0.8948717948717949,0.9837333333333333,FedTROS-PR
0.895,0.9838,FedTROS-PR
0.895025641025641,0.9838,FedTROS-PR
0.8952307692307693,0.9838,FedTROS-PR
0.8954615384615384,0.9838,FedTROS-PR
0.8955641025641026,0.9838666666666667,FedTROS-PR
0.8957179487179487,0.9838666666666667,FedTROS-PR
0.8959230769230769,0.9840666666666666,FedTROS-PR
0.896051282051282,0.9840666666666666,FedTROS-PR
0.8961538461538462,0.9840666666666666,FedTROS-PR
0.8965641025641026,0.9840666666666666,FedTROS-PR
0.8967435897435897,0.9840666666666666,FedTROS-PR
0.8974102564102564,0.9842666666666666,FedTROS-PR
0.8975384615384615,0.9842666666666666,FedTROS-PR
0.8981282051282051,0.9844,FedTROS-PR
0.8984102564102564,0.9844666666666667,FedTROS-PR
0.8984871794871795,0.9844666666666667,FedTROS-PR
0.8987692307692308,0.9846,FedTROS-PR
0.899051282051282,0.9846666666666667,FedTROS-PR
0.8991794871794871,0.9847333333333333,FedTROS-PR
0.8993846153846153,0.9847333333333333,FedTROS-PR
0.8994358974358975,0.9847333333333333,FedTROS-PR
0.8997179487179487,0.9848,FedTROS-PR
0.8998461538461539,0.9848,FedTROS-PR
0.9003333333333333,0.9848666666666667,FedTROS-PR
0.9005384615384615,0.9848666666666667,FedTROS-PR
0.9005897435897436,0.9848666666666667,FedTROS-PR
0.901051282051282,0.9852,FedTROS-PR
0.9014871794871795,0.9852666666666666,FedTROS-PR
0.9025384615384615,0.9852666666666666,FedTROS-PR
0.9028974358974359,0.9854,FedTROS-PR
0.9029487179487179,0.9854666666666667,FedTROS-PR
0.903025641025641,0.9854666666666667,FedTROS-PR
0.9036410256410257,0.9855333333333334,FedTROS-PR
0.9037948717948718,0.9856,FedTROS-PR
0.9038461538461539,0.9856,FedTROS-PR
0.904,0.9857333333333334,FedTROS-PR
0.9044615384615384,0.9858,FedTROS-PR
0.904974358974359,0.9858,FedTROS-PR
0.9057948717948718,0.9858,FedTROS-PR
0.9062820512820513,0.9858,FedTROS-PR
0.9067435897435897,0.9858666666666667,FedTROS-PR
0.9072820512820513,0.9860666666666666,FedTROS-PR
0.9073846153846153,0.9860666666666666,FedTROS-PR
0.9074358974358975,0.9860666666666666,FedTROS-PR
0.9076666666666666,0.9861333333333333,FedTROS-PR
0.9078205128205128,0.9861333333333333,FedTROS-PR
0.9082051282051282,0.9862666666666666,FedTROS-PR
0.9083333333333333,0.9864,FedTROS-PR
0.909025641025641,0.9864,FedTROS-PR
0.9092820512820513,0.9866,FedTROS-PR
0.9093333333333333,0.9866,FedTROS-PR
0.9097179487179488,0.9866,FedTROS-PR
0.9101282051282051,0.9866,FedTROS-PR
0.9106666666666666,0.9868,FedTROS-PR
0.9112564102564102,0.9868,FedTROS-PR
0.9113846153846153,0.9868,FedTROS-PR
0.9115897435897435,0.9868,FedTROS-PR
0.9116923076923077,0.9868,FedTROS-PR
0.9118974358974359,0.9868,FedTROS-PR
0.9122564102564102,0.9868,FedTROS-PR
0.9123846153846153,0.9868,FedTROS-PR
0.913,0.9868,FedTROS-PR
0.9131025641025641,0.9868,FedTROS-PR
0.9133076923076923,0.9868,FedTROS-PR
0.9134358974358975,0.9868,FedTROS-PR
0.9134871794871795,0.9868,FedTROS-PR
0.9138205128205128,0.9868666666666667,FedTROS-PR
0.914,0.9868666666666667,FedTROS-PR
0.9140769230769231,0.9868666666666667,FedTROS-PR
0.9143846153846154,0.9868666666666667,FedTROS-PR
0.9144358974358975,0.9868666666666667,FedTROS-PR
0.9145641025641026,0.9868666666666667,FedTROS-PR
0.9148717948717948,0.9868666666666667,FedTROS-PR
0.9150769230769231,0.9868666666666667,FedTROS-PR
0.9153846153846154,0.9869333333333333,FedTROS-PR
0.9156666666666666,0.9871333333333333,FedTROS-PR
0.9158974358974359,0.9872666666666666,FedTROS-PR
0.9159487179487179,0.9872666666666666,FedTROS-PR
0.9167435897435897,0.9873333333333333,FedTROS-PR
0.9173846153846154,0.9873333333333333,FedTROS-PR
0.9174102564102564,0.9873333333333333,FedTROS-PR
0.9181282051282051,0.9876,FedTROS-PR
0.9181538461538462,0.9876,FedTROS-PR
0.9188974358974359,0.9877333333333334,FedTROS-PR
0.9192051282051282,0.9877333333333334,FedTROS-PR
0.9196923076923077,0.9877333333333334,FedTROS-PR
0.9196923076923077,0.9878666666666667,FedTROS-PR
0.919923076923077,0.9878666666666667,FedTROS-PR
0.9204358974358975,0.9878666666666667,FedTROS-PR
0.9204871794871795,0.9878666666666667,FedTROS-PR
0.9205128205128205,0.9879333333333333,FedTROS-PR
0.9205641025641026,0.9879333333333333,FedTROS-PR
0.9211538461538461,0.988,FedTROS-PR
0.9212051282051282,0.988,FedTROS-PR
0.9213333333333333,0.9880666666666666,FedTROS-PR
0.9219487179487179,0.9880666666666666,FedTROS-PR
0.922025641025641,0.9881333333333333,FedTROS-PR
0.9221282051282051,0.9882,FedTROS-PR
0.9221794871794872,0.9882,FedTROS-PR
0.9222820512820513,0.9882666666666666,FedTROS-PR
0.9224102564102564,0.9882666666666666,FedTROS-PR
0.9226666666666666,0.9883333333333333,FedTROS-PR
0.9235384615384615,0.9884666666666667,FedTROS-PR
0.924,0.9884666666666667,FedTROS-PR
0.9253076923076923,0.9887333333333334,FedTROS-PR
0.9257179487179488,0.9887333333333334,FedTROS-PR
0.9258717948717948,0.9887333333333334,FedTROS-PR
0.9260769230769231,0.9888,FedTROS-PR
0.9263589743589744,0.9888,FedTROS-PR
0.9264102564102564,0.9888,FedTROS-PR
0.9265128205128205,0.9888,FedTROS-PR
0.9266923076923077,0.9888,FedTROS-PR
0.9272051282051282,0.9888666666666667,FedTROS-PR
0.9279487179487179,0.989,FedTROS-PR
0.927974358974359,0.989,FedTROS-PR
0.9281282051282052,0.9890666666666666,FedTROS-PR
0.9285897435897436,0.9892666666666666,FedTROS-PR
0.9287948717948717,0.9895333333333334,FedTROS-PR
0.9288461538461539,0.9895333333333334,FedTROS-PR
0.9293333333333333,0.9899333333333333,FedTROS-PR
0.9294102564102564,0.9899333333333333,FedTROS-PR
0.9294615384615385,0.9899333333333333,FedTROS-PR
0.9295384615384615,0.9899333333333333,FedTROS-PR
0.9297435897435897,0.9899333333333333,FedTROS-PR
0.929923076923077,0.99,FedTROS-PR
0.9316923076923077,0.9902,FedTROS-PR
0.9321025641025641,0.9904,FedTROS-PR
0.9322051282051282,0.9904,FedTROS-PR
0.9325384615384615,0.9905333333333334,FedTROS-PR
0.9326410256410257,0.9906,FedTROS-PR
0.9328461538461539,0.9906666666666667,FedTROS-PR
0.9329487179487179,0.9907333333333334,FedTROS-PR
0.9333076923076923,0.9907333333333334,FedTROS-PR
0.9335897435897436,0.9907333333333334,FedTROS-PR
0.9336923076923077,0.9907333333333334,FedTROS-PR
0.9337179487179487,0.9908,FedTROS-PR
0.9337692307692308,0.9908,FedTROS-PR
0.9337948717948718,0.9908666666666667,FedTROS-PR
0.9339487179487179,0.9909333333333333,FedTROS-PR
0.9345128205128205,0.991,FedTROS-PR
0.9346666666666666,0.991,FedTROS-PR
0.9348461538461539,0.991,FedTROS-PR
0.9354358974358974,0.9910666666666667,FedTROS-PR
0.9356153846153846,0.9910666666666667,FedTROS-PR
0.9358461538461539,0.9910666666666667,FedTROS-PR
0.9361794871794872,0.9912,FedTROS-PR
0.9366153846153846,0.9912,FedTROS-PR
0.936923076923077,0.9912,FedTROS-PR
0.937,0.9912,FedTROS-PR
0.9372564102564103,0.9912666666666666,FedTROS-PR
0.9372820512820513,0.9913333333333333,FedTROS-PR
0.9375384615384615,0.9914,FedTROS-PR
0.9376410256410257,0.9914,FedTROS-PR
0.9378205128205128,0.9914666666666667,FedTROS-PR
0.9378461538461539,0.9914666666666667,FedTROS-PR
0.9381794871794872,0.9914666666666667,FedTROS-PR
0.9382820512820513,0.9916666666666667,FedTROS-PR
0.9396666666666667,0.9918666666666667,FedTROS-PR
0.9401282051282052,0.9918666666666667,FedTROS-PR
0.9403333333333334,0.9918666666666667,FedTROS-PR
0.9403846153846154,0.9918666666666667,FedTROS-PR
0.9409487179487179,0.992,FedTROS-PR
0.9410512820512821,0.992,FedTROS-PR
0.9417435897435897,0.992,FedTROS-PR
0.942,0.9920666666666667,FedTROS-PR
0.9424871794871795,0.9922666666666666,FedTROS-PR
0.9425384615384615,0.9923333333333333,FedTROS-PR
0.9426666666666667,0.9923333333333333,FedTROS-PR
0.9427179487179487,0.9923333333333333,FedTROS-PR
0.943,0.9924,FedTROS-PR
0.9432051282051283,0.9924,FedTROS-PR
0.9432564102564103,0.9924,FedTROS-PR
0.9435384615384615,0.9924,FedTROS-PR
0.943923076923077,0.9924,FedTROS-PR
0.9439487179487179,0.9924,FedTROS-PR
0.944,0.9924,FedTROS-PR
0.944025641025641,0.9924,FedTROS-PR
0.9448205128205128,0.9926666666666667,FedTROS-PR
0.9449487179487179,0.9926666666666667,FedTROS-PR
0.9454871794871795,0.9926666666666667,FedTROS-PR
0.9455384615384615,0.9926666666666667,FedTROS-PR
0.9455384615384615,0.9928,FedTROS-PR
0.9456923076923077,0.9928,FedTROS-PR
0.9458205128205128,0.9928,FedTROS-PR
0.945923076923077,0.9928666666666667,FedTROS-PR
0.9461794871794872,0.9928666666666667,FedTROS-PR
0.9462564102564103,0.9928666666666667,FedTROS-PR
0.9468205128205128,0.9928666666666667,FedTROS-PR
0.9471794871794872,0.9928666666666667,FedTROS-PR
0.9473846153846154,0.993,FedTROS-PR
0.9477435897435897,0.9931333333333333,FedTROS-PR
0.9483076923076923,0.9932,FedTROS-PR
0.9483333333333334,0.9932,FedTROS-PR
0.9483846153846154,0.9932,FedTROS-PR
0.9485384615384616,0.9932666666666666,FedTROS-PR
0.9489487179487179,0.9933333333333333,FedTROS-PR
0.9492564102564103,0.9934666666666667,FedTROS-PR
0.9495384615384616,0.9935333333333334,FedTROS-PR
0.9497435897435897,0.9935333333333334,FedTROS-PR
0.9498461538461539,0.9936,FedTROS-PR
0.9498717948717949,0.9936,FedTROS-PR
0.9501282051282052,0.9936,FedTROS-PR
0.9504102564102564,0.9937333333333334,FedTROS-PR
0.952,0.9937333333333334,FedTROS-PR
0.952974358974359,0.9937333333333334,FedTROS-PR
0.9531282051282052,0.9937333333333334,FedTROS-PR
0.9542307692307692,0.9938666666666667,FedTROS-PR
0.9543333333333334,0.9938666666666667,FedTROS-PR
0.9544358974358974,0.994,FedTROS-PR
0.9545897435897436,0.9940666666666667,FedTROS-PR
0.9548974358974359,0.9943333333333333,FedTROS-PR
0.9549230769230769,0.9943333333333333,FedTROS-PR
0.9549487179487179,0.9944,FedTROS-PR
0.9554102564102565,0.9945333333333334,FedTROS-PR
0.9558205128205128,0.9947333333333334,FedTROS-PR
0.956025641025641,0.9947333333333334,FedTROS-PR
0.9561025641025641,0.9947333333333334,FedTROS-PR
0.9562051282051282,0.9947333333333334,FedTROS-PR
0.9574871794871795,0.9951333333333333,FedTROS-PR
0.9576410256410256,0.9951333333333333,FedTROS-PR
0.9607435897435898,0.9952666666666666,FedTROS-PR
0.9637692307692308,0.9952666666666666,FedTROS-PR
0.963974358974359,0.9953333333333333,FedTROS-PR
0.9641794871794872,0.9953333333333333,FedTROS-PR
0.9642307692307692,0.9953333333333333,FedTROS-PR
0.9645897435897436,0.9955333333333334,FedTROS-PR
0.9647179487179487,0.9956,FedTROS-PR
0.9656666666666667,0.9959333333333333,FedTROS-PR
0.9660512820512821,0.9959333333333333,FedTROS-PR
0.9662307692307692,0.9959333333333333,FedTROS-PR
0.9663333333333334,0.9959333333333333,FedTROS-PR
0.9666153846153847,0.996,FedTROS-PR
0.9673589743589743,0.9962,FedTROS-PR
0.9675128205128205,0.9962666666666666,FedTROS-PR
0.9675641025641025,0.9962666666666666,FedTROS-PR
0.9678205128205128,0.9962666666666666,FedTROS-PR
0.9678461538461538,0.9962666666666666,FedTROS-PR
0.9682307692307692,0.9964,FedTROS-PR
0.9691025641025641,0.9964,FedTROS-PR
0.9694871794871794,0.9964,FedTROS-PR
0.9697179487179487,0.9964666666666666,FedTROS-PR
0.9701282051282051,0.9964666666666666,FedTROS-PR
0.9703333333333334,0.9964666666666666,FedTROS-PR
0.9706410256410256,0.9964666666666666,FedTROS-PR
0.9706923076923077,0.9964666666666666,FedTROS-PR
0.9708205128205128,0.9964666666666666,FedTROS-PR
0.9711025641025641,0.9966,FedTROS-PR
0.9718717948717949,0.9968,FedTROS-PR
0.9718974358974359,0.9968,FedTROS-PR
0.971974358974359,0.9968666666666667,FedTROS-PR
0.9722051282051282,0.9968666666666667,FedTROS-PR
0.9723333333333334,0.9968666666666667,FedTROS-PR
0.9726410256410256,0.9968666666666667,FedTROS-PR
0.9726666666666667,0.9968666666666667,FedTROS-PR
0.9735128205128205,0.9971333333333333,FedTROS-PR
0.9737692307692307,0.9971333333333333,FedTROS-PR
0.9741538461538461,0.9971333333333333,FedTROS-PR
0.9744102564102564,0.9971333333333333,FedTROS-PR
0.9745384615384616,0.9971333333333333,FedTROS-PR
0.9748717948717949,0.9971333333333333,FedTROS-PR
0.9749230769230769,0.9971333333333333,FedTROS-PR
0.975,0.9972,FedTROS-PR
0.9755128205128205,0.9974666666666666,FedTROS-PR
0.9755384615384616,0.9974666666666666,FedTROS-PR
0.9758717948717949,0.9974666666666666,FedTROS-PR
0.976,0.9974666666666666,FedTROS-PR
0.9760769230769231,0.9974666666666666,FedTROS-PR
0.9766410256410256,0.9975333333333334,FedTROS-PR
0.9766410256410256,0.9976,FedTROS-PR
0.9767179487179487,0.9976,FedTROS-PR
0.9768461538461538,0.9976,FedTROS-PR
0.977,0.9978666666666667,FedTROS-PR
0.9770769230769231,0.9978666666666667,FedTROS-PR
0.9776410256410256,0.9978666666666667,FedTROS-PR
0.9777435897435898,0.9978666666666667,FedTROS-PR
0.9783333333333334,0.998,FedTROS-PR
0.9785384615384616,0.998,FedTROS-PR
0.9785641025641025,0.998,FedTROS-PR
0.9796153846153847,0.9981333333333333,FedTROS-PR
0.9798205128205129,0.9981333333333333,FedTROS-PR
0.9801025641025641,0.9982,FedTROS-PR
0.9803333333333333,0.9982666666666666,FedTROS-PR
0.9803589743589743,0.9982666666666666,FedTROS-PR
0.9807179487179487,0.9983333333333333,FedTROS-PR
0.981,0.9983333333333333,FedTROS-PR
0.9813589743589743,0.9983333333333333,FedTROS-PR
0.9814358974358974,0.9984,FedTROS-PR
0.9816153846153847,0.9984,FedTROS-PR
0.9821282051282051,0.9984,FedTROS-PR
0.9821538461538462,0.9984,FedTROS-PR
0.9825128205128205,0.9984,FedTROS-PR
0.9826153846153847,0.9984,FedTROS-PR
0.9827948717948718,0.9984,FedTROS-PR
0.9837948717948718,0.9986,FedTROS-PR
0.9846923076923076,0.9988,FedTROS-PR
0.9848205128205129,0.9988666666666667,FedTROS-PR
0.9851025641025641,0.9988666666666667,FedTROS-PR
0.9856666666666667,0.9988666666666667,FedTROS-PR
0.9857692307692307,0.9988666666666667,FedTROS-PR
0.9865128205128205,0.9988666666666667,FedTROS-PR
0.987025641025641,0.999,FedTROS-PR
0.987025641025641,0.9990666666666667,FedTROS-PR
0.9873589743589744,0.9990666666666667,FedTROS-PR
0.9876666666666667,0.9991333333333333,FedTROS-PR
0.9877435897435898,0.9991333333333333,FedTROS-PR
0.988025641025641,0.9991333333333333,FedTROS-PR
0.9881282051282051,0.9992,FedTROS-PR
0.9883589743589744,0.9993333333333333,FedTROS-PR
0.9884102564102564,0.9993333333333333,FedTROS-PR
0.9885384615384616,0.9993333333333333,FedTROS-PR
0.9887948717948718,0.9993333333333333,FedTROS-PR
0.9892051282051282,0.9993333333333333,FedTROS-PR
0.9894358974358974,0.9993333333333333,FedTROS-PR
0.9898461538461538,0.9993333333333333,FedTROS-PR
0.9901025641025641,0.9993333333333333,FedTROS-PR
0.9905384615384616,0.9994,FedTROS-PR
0.9906666666666667,0.9994,FedTROS-PR
0.990948717948718,0.9994,FedTROS-PR
0.9909743589743589,0.9994,FedTROS-PR
0.9911025641025641,0.9994,FedTROS-PR
0.9915384615384616,0.9994,FedTROS-PR
0.9916410256410256,0.9994,FedTROS-PR
0.9919230769230769,0.9994,FedTROS-PR
0.9921794871794872,0.9994,FedTROS-PR
0.9924871794871795,0.9994666666666666,FedTROS-PR
0.9925128205128205,0.9994666666666666,FedTROS-PR
0.9926153846153846,0.9994666666666666,FedTROS-PR
0.9928461538461538,0.9994666666666666,FedTROS-PR
0.9933846153846154,0.9994666666666666,FedTROS-PR
0.9936666666666667,0.9994666666666666,FedTROS-PR
0.9937179487179487,0.9994666666666666,FedTROS-PR
0.9941794871794872,0.9994666666666666,FedTROS-PR
0.9948205128205129,0.9995333333333334,FedTROS-PR
0.9952820512820513,0.9996,FedTROS-PR
0.9953076923076923,0.9996,FedTROS-PR
0.9957435897435898,0.9996666666666667,FedTROS-PR
0.9960769230769231,0.9996666666666667,FedTROS-PR
0.9962820512820513,0.9996666666666667,FedTROS-PR
0.9978205128205129,0.9998,FedTROS-PR
0.9986923076923077,0.9998,FedTROS-PR
0.9992051282051282,0.9998,FedTROS-PR
0.9996153846153846,1.0,FedTROS-PR
0.999948717948718,1.0,FedTROS-PR
1.0,1.0,FedTROS-PR
